{
  "projects": [
    {
      "modified_on": 1457683201,
      "published_on": 1456870767,
      "privacy": "public",
      "mature_access": "allowed",
      "owners": [{
        "country": "Poland",
        "images": {
          "115": "https://a3.behance.net/img/profile/no-image-115.jpg?cb=1673063716",
          "138": "https://a3.behance.net/img/profile/no-image-138.jpg?cb=1673063716",
          "50": "https://a3.behance.net/img/profile/no-image-50.jpg?cb=1673063716"
        },
        "website": "",
        "occupation": "",
        "city": "Krakow",
        "last_name": "Sowiński",
        "display_name": "Kuba Sowiński",
        "url": "https://www.behance.net/kubasowinski",
        "created_on": 1456870089,
        "has_default_image": 1,
        "stats": {
          "followers": 161,
          "comments": 0,
          "appreciations": 545,
          "following": 4,
          "views": 1766
        },
        "location": "Krakow, Poland",
        "company": "",
        "id": 29038995,
        "state": "",
        "fields": [
          "Graphic Design",
          "Editorial Design",
          "Art Direction"
        ],
        "first_name": "Kuba",
        "username": "kubasowinski"
      }],
      "url": "https://www.behance.net/gallery/34583189/VeryGraphic-Polish-Designers-of-the-20th-Century",
      "conceived_on": 1456870512,
      "mature_content": 0,
      "features": [{
        "site": {
          "domain": "www.behance.net",
          "name": "Behance.net",
          "icon": "https://a3.behance.net/img/site/favicon.ico",
          "ribbon": {
            "image": "https://a3.behance.net/img/galleries/ribbons/1x/net.png",
            "image_2x": "https://a3.behance.net/img/galleries/ribbons/2x/net@2x.png"
          },
          "id": 1,
          "key": "net",
          "url": "http://www.behance.net"
        },
        "featured_on": 1457683201,
        "url": "https://www.behance.net/gallery/34583189/VeryGraphic-Polish-Designers-of-the-20th-Century"
      }],
      "created_on": 1456870512,
      "stats": {
        "comments": 27,
        "appreciations": 457,
        "views": 1803
      },
      "name": "VeryGraphic. Polish Designers of the 20th Century",
      "id": 34583189,
      "fields": [
        "Editorial Design",
        "Graphic Design"
      ],
      "covers": {
        "original": "https://mir-s3-cdn-cf.behance.net/projects/original/e4306834583189.Y3JvcCw3MDgsNTUzLDE0MCwxMDM.jpg",
        "202": "https://mir-s3-cdn-cf.behance.net/projects/202/e4306834583189.Y3JvcCw3MDgsNTUzLDE0MCwxMDM.jpg",
        "115": "https://mir-s3-cdn-cf.behance.net/projects/115/e4306834583189.Y3JvcCw3MDgsNTUzLDE0MCwxMDM.jpg",
        "404": "https://mir-s3-cdn-cf.behance.net/projects/404/e4306834583189.Y3JvcCw3MDgsNTUzLDE0MCwxMDM.jpg",
        "230": "https://mir-s3-cdn-cf.behance.net/projects/230/e4306834583189.Y3JvcCw3MDgsNTUzLDE0MCwxMDM.jpg"
      }
    },
    {
      "modified_on": 1457668801,
      "published_on": 1451400833,
      "privacy": "public",
      "mature_access": "allowed",
      "owners": [{
        "country": "Turkey",
        "images": {
          "100": "https://mir-s3-cdn-cf.behance.net/user/100/148805.53abd95e6afda.jpg",
          "276": "https://mir-s3-cdn-cf.behance.net/user/276/148805.53abd95e6afda.jpg",
          "115": "https://mir-s3-cdn-cf.behance.net/user/115/148805.53abd95e6afda.jpg",
          "138": "https://mir-s3-cdn-cf.behance.net/user/138/148805.53abd95e6afda.jpg",
          "50": "https://mir-s3-cdn-cf.behance.net/user/50/148805.53abd95e6afda.jpg",
          "230": "https://mir-s3-cdn-cf.behance.net/user/230/148805.53abd95e6afda.jpg"
        },
        "website": "aykutaydogdu86@gmail.com",
        "occupation": "",
        "city": "Istanbul",
        "last_name": "Aydoğdu",
        "display_name": "Aykut Aydoğdu",
        "url": "https://www.behance.net/ayknroses",
        "created_on": 1265578745,
        "has_default_image": 0,
        "stats": {
          "followers": 15745,
          "comments": 335,
          "appreciations": 48202,
          "following": 0,
          "views": 419994
        },
        "location": "Istanbul, Turkey",
        "company": "",
        "id": 148805,
        "state": "",
        "fields": [
          "Illustration",
          "Digital Art",
          "Drawing"
        ],
        "first_name": "Aykut",
        "username": "ayknroses"
      }],
      "url": "https://www.behance.net/gallery/32435855/be-there",
      "conceived_on": 1451400678,
      "mature_content": 0,
      "features": [{
        "site": {
          "domain": "www.behance.net",
          "name": "Behance.net",
          "icon": "https://a3.behance.net/img/site/favicon.ico",
          "ribbon": {
            "image": "https://a3.behance.net/img/galleries/ribbons/1x/net.png",
            "image_2x": "https://a3.behance.net/img/galleries/ribbons/2x/net@2x.png"
          },
          "id": 1,
          "key": "net",
          "url": "http://www.behance.net"
        },
        "featured_on": 1457668801,
        "url": "https://www.behance.net/gallery/32435855/be-there"
      }],
      "created_on": 1451400678,
      "stats": {
        "comments": 77,
        "appreciations": 1129,
        "views": 7367
      },
      "name": "be there",
      "id": 32435855,
      "fields": [
        "Digital Art",
        "Drawing",
        "Illustration"
      ],
      "covers": {
        "original": "https://mir-s3-cdn-cf.behance.net/projects/original/70668732435855.Y3JvcCw0ODUsMzc5LDYzLDE2Nw.jpg",
        "202": "https://mir-s3-cdn-cf.behance.net/projects/202/70668732435855.Y3JvcCw0ODUsMzc5LDYzLDE2Nw.jpg",
        "115": "https://mir-s3-cdn-cf.behance.net/projects/115/70668732435855.Y3JvcCw0ODUsMzc5LDYzLDE2Nw.jpg",
        "404": "https://mir-s3-cdn-cf.behance.net/projects/404/70668732435855.Y3JvcCw0ODUsMzc5LDYzLDE2Nw.jpg",
        "230": "https://mir-s3-cdn-cf.behance.net/projects/230/70668732435855.Y3JvcCw0ODUsMzc5LDYzLDE2Nw.jpg"
      }
    },
    {
      "modified_on": 1457654401,
      "published_on": 1454541259,
      "privacy": "public",
      "mature_access": "allowed",
      "owners": [
        {
          "country": "United States",
          "images": {
            "100": "https://mir-s3-cdn-cf.behance.net/user/100/efc6a126514759.56a8fcc92b775.png",
            "276": "https://mir-s3-cdn-cf.behance.net/user/276/efc6a126514759.56a8fcc92b775.png",
            "115": "https://mir-s3-cdn-cf.behance.net/user/115/efc6a126514759.56a8fcc92b775.png",
            "138": "https://mir-s3-cdn-cf.behance.net/user/138/efc6a126514759.56a8fcc92b775.png",
            "50": "https://mir-s3-cdn-cf.behance.net/user/50/efc6a126514759.56a8fcc92b775.png",
            "230": "https://mir-s3-cdn-cf.behance.net/user/230/efc6a126514759.56a8fcc92b775.png"
          },
          "website": "therivalry.co",
          "occupation": "",
          "city": "New York",
          "last_name": "Rivalry",
          "display_name": "The Rivalry",
          "url": "https://www.behance.net/TheRivalryInc",
          "created_on": 1453782998,
          "has_default_image": 0,
          "stats": {
            "followers": 5508,
            "comments": 0,
            "appreciations": 18608,
            "following": 0,
            "views": 211318
          },
          "location": "New York, NY, USA",
          "company": "The Rivalry",
          "id": 26514759,
          "state": "New York",
          "fields": [
            "Creative Direction",
            "Branding",
            "Art Direction"
          ],
          "first_name": "The",
          "username": "TheRivalryInc"
        },
        {
          "country": "United States",
          "images": {
            "100": "https://mir-s3-cdn-cf.behance.net/user/100/dcd72557398.56b3fa5cbcd30.png",
            "276": "https://mir-s3-cdn-cf.behance.net/user/276/dcd72557398.56b3fa5cbcd30.png",
            "115": "https://mir-s3-cdn-cf.behance.net/user/115/dcd72557398.56b3fa5cbcd30.png",
            "138": "https://mir-s3-cdn-cf.behance.net/user/138/dcd72557398.56b3fa5cbcd30.png",
            "50": "https://mir-s3-cdn-cf.behance.net/user/50/dcd72557398.56b3fa5cbcd30.png",
            "230": "https://mir-s3-cdn-cf.behance.net/user/230/dcd72557398.56b3fa5cbcd30.png"
          },
          "website": "therivalry.co",
          "occupation": "Creative Director / Partner",
          "city": "Minneapolis",
          "last_name": "Gugel",
          "display_name": "Andy Gugel",
          "url": "https://www.behance.net/32round",
          "created_on": 1200860228,
          "has_default_image": 0,
          "stats": {
            "followers": 25920,
            "comments": 4,
            "appreciations": 32666,
            "following": 37,
            "views": 555932
          },
          "location": "Minneapolis, MN, USA",
          "company": "The Rivalry",
          "id": 57398,
          "state": "Minnesota",
          "fields": [
            "Creative Direction",
            "Branding",
            "Art Direction"
          ],
          "first_name": "Andy",
          "username": "32round"
        },
        {
          "country": "United States",
          "images": {
            "100": "https://mir-s3-cdn-cf.behance.net/user/100/33ca9957322.56b3d3d9db11d.png",
            "276": "https://mir-s3-cdn-cf.behance.net/user/276/33ca9957322.56b3d3d9db11d.png",
            "115": "https://mir-s3-cdn-cf.behance.net/user/115/33ca9957322.56b3d3d9db11d.png",
            "138": "https://mir-s3-cdn-cf.behance.net/user/138/33ca9957322.56b3d3d9db11d.png",
            "50": "https://mir-s3-cdn-cf.behance.net/user/50/33ca9957322.56b3d3d9db11d.png",
            "230": "https://mir-s3-cdn-cf.behance.net/user/230/33ca9957322.56b3d3d9db11d.png"
          },
          "website": "therivalry.co",
          "occupation": "Partner / Creative Director",
          "city": "New York",
          "last_name": "Kaczmarek",
          "display_name": "Jesse Kaczmarek",
          "url": "https://www.behance.net/jKaczmarek",
          "created_on": 1200680490,
          "has_default_image": 0,
          "stats": {
            "followers": 23515,
            "comments": 0,
            "appreciations": 24721,
            "following": 1,
            "views": 371261
          },
          "location": "New York, NY, USA",
          "company": "The Rivalry",
          "id": 57322,
          "state": "New York",
          "fields": [
            "Creative Direction",
            "Branding",
            "Art Direction"
          ],
          "first_name": "Jesse",
          "username": "jKaczmarek"
        }
      ],
      "url": "https://www.behance.net/gallery/33643620/Google-Product-Evolution",
      "conceived_on": 1454527670,
      "mature_content": 0,
      "features": [{
        "site": {
          "domain": "www.behance.net",
          "name": "Behance.net",
          "icon": "https://a3.behance.net/img/site/favicon.ico",
          "ribbon": {
            "image": "https://a3.behance.net/img/galleries/ribbons/1x/net.png",
            "image_2x": "https://a3.behance.net/img/galleries/ribbons/2x/net@2x.png"
          },
          "id": 1,
          "key": "net",
          "url": "http://www.behance.net"
        },
        "featured_on": 1457654401,
        "url": "https://www.behance.net/gallery/33643620/Google-Product-Evolution"
      }],
      "created_on": 1454527670,
      "stats": {
        "comments": 23,
        "appreciations": 386,
        "views": 6315
      },
      "name": "Google Product Evolution",
      "id": 33643620,
      "fields": [
        "Creative Direction",
        "Interaction Design",
        "UI/UX"
      ],
      "covers": {
        "original": "https://mir-s3-cdn-cf.behance.net/projects/original/d8e1d833643620.Y3JvcCw0MDQsMzE2LDAsMA.png",
        "202": "https://mir-s3-cdn-cf.behance.net/projects/202/d8e1d833643620.Y3JvcCw0MDQsMzE2LDAsMA.png",
        "115": "https://mir-s3-cdn-cf.behance.net/projects/115/d8e1d833643620.Y3JvcCw0MDQsMzE2LDAsMA.png",
        "404": "https://mir-s3-cdn-cf.behance.net/projects/404/d8e1d833643620.Y3JvcCw0MDQsMzE2LDAsMA.png",
        "230": "https://mir-s3-cdn-cf.behance.net/projects/230/d8e1d833643620.Y3JvcCw0MDQsMzE2LDAsMA.png"
      }
    },
    {
      "modified_on": 1457640002,
      "published_on": 1457005163,
      "privacy": "public",
      "mature_access": "allowed",
      "owners": [{
        "country": "Lithuania",
        "images": {
          "100": "https://mir-s3-cdn-cf.behance.net/user/100/2224223.53b834f85fefe.jpg",
          "276": "https://mir-s3-cdn-cf.behance.net/user/276/2224223.53b834f85fefe.jpg",
          "115": "https://mir-s3-cdn-cf.behance.net/user/115/2224223.53b834f85fefe.jpg",
          "138": "https://mir-s3-cdn-cf.behance.net/user/138/2224223.53b834f85fefe.jpg",
          "50": "https://mir-s3-cdn-cf.behance.net/user/50/2224223.53b834f85fefe.jpg",
          "230": "https://mir-s3-cdn-cf.behance.net/user/230/2224223.53b834f85fefe.jpg"
        },
        "website": "akvilemagicdust.com",
        "occupation": "Illustrator",
        "city": "Vilnius",
        "last_name": "Magicdust",
        "display_name": "Akvile Magicdust",
        "url": "https://www.behance.net/magicdust",
        "created_on": 1360945851,
        "has_default_image": 0,
        "stats": {
          "followers": 2432,
          "comments": 57,
          "appreciations": 5025,
          "following": 775,
          "views": 33213
        },
        "location": "Vilnius, Lithuania",
        "company": "",
        "id": 2224223,
        "state": "",
        "fields": [
          "Illustration",
          "Painting",
          "Drawing"
        ],
        "first_name": "Akvile",
        "username": "magicdust"
      }],
      "url": "https://www.behance.net/gallery/34642881/Lets-go-Vilnius",
      "conceived_on": 1457004825,
      "mature_content": 0,
      "features": [{
        "site": {
          "domain": "www.behance.net",
          "name": "Behance.net",
          "icon": "https://a3.behance.net/img/site/favicon.ico",
          "ribbon": {
            "image": "https://a3.behance.net/img/galleries/ribbons/1x/net.png",
            "image_2x": "https://a3.behance.net/img/galleries/ribbons/2x/net@2x.png"
          },
          "id": 1,
          "key": "net",
          "url": "http://www.behance.net"
        },
        "featured_on": 1457640002,
        "url": "https://www.behance.net/gallery/34642881/Lets-go-Vilnius"
      }],
      "created_on": 1457004825,
      "stats": {
        "comments": 23,
        "appreciations": 453,
        "views": 5089
      },
      "name": "Let's go! \u2022 Vilnius",
      "id": 34642881,
      "fields": [
        "Drawing",
        "Illustration",
        "Storyboarding"
      ],
      "covers": {
        "original": "https://mir-s3-cdn-cf.behance.net/projects/original/dc01a034642881.Y3JvcCw4OTAsNjk1LDYyLDI2.jpg",
        "202": "https://mir-s3-cdn-cf.behance.net/projects/202/dc01a034642881.Y3JvcCw4OTAsNjk1LDYyLDI2.jpg",
        "115": "https://mir-s3-cdn-cf.behance.net/projects/115/dc01a034642881.Y3JvcCw4OTAsNjk1LDYyLDI2.jpg",
        "404": "https://mir-s3-cdn-cf.behance.net/projects/404/dc01a034642881.Y3JvcCw4OTAsNjk1LDYyLDI2.jpg",
        "230": "https://mir-s3-cdn-cf.behance.net/projects/230/dc01a034642881.Y3JvcCw4OTAsNjk1LDYyLDI2.jpg"
      }
    },
    {
      "modified_on": 1457625601,
      "published_on": 1457223110,
      "privacy": "public",
      "mature_access": "allowed",
      "owners": [{
        "country": "China",
        "images": {
          "100": "https://mir-s3-cdn-cf.behance.net/user/100/486ef7256493.54efdfbe00bbd.jpg",
          "276": "https://mir-s3-cdn-cf.behance.net/user/276/486ef7256493.54efdfbe00bbd.jpg",
          "115": "https://mir-s3-cdn-cf.behance.net/user/115/486ef7256493.54efdfbe00bbd.jpg",
          "138": "https://mir-s3-cdn-cf.behance.net/user/138/486ef7256493.54efdfbe00bbd.jpg",
          "50": "https://mir-s3-cdn-cf.behance.net/user/50/486ef7256493.54efdfbe00bbd.jpg",
          "230": "https://mir-s3-cdn-cf.behance.net/user/230/486ef7256493.54efdfbe00bbd.jpg"
        },
        "website": "www.matthieubelin.com",
        "occupation": "Fashion Photographer",
        "city": "Shanghai",
        "last_name": "Belin",
        "display_name": "Matthieu Belin",
        "url": "https://www.behance.net/matthieubelin",
        "created_on": 1288926150,
        "has_default_image": 0,
        "stats": {
          "followers": 32550,
          "comments": 37,
          "appreciations": 36521,
          "following": 293,
          "views": 877340
        },
        "location": "Shanghai, China",
        "company": "Ubiquity Ltd",
        "id": 256493,
        "state": "",
        "fields": [
          "Photography",
          "Fashion",
          "Art Direction"
        ],
        "first_name": "Matthieu",
        "username": "matthieubelin"
      }],
      "url": "https://www.behance.net/gallery/34727863/WANDIAN-CAMPAIGN",
      "conceived_on": 1457222058,
      "mature_content": 0,
      "features": [{
        "site": {
          "domain": "www.behance.net",
          "name": "Behance.net",
          "icon": "https://a3.behance.net/img/site/favicon.ico",
          "ribbon": {
            "image": "https://a3.behance.net/img/galleries/ribbons/1x/net.png",
            "image_2x": "https://a3.behance.net/img/galleries/ribbons/2x/net@2x.png"
          },
          "id": 1,
          "key": "net",
          "url": "http://www.behance.net"
        },
        "featured_on": 1457625601,
        "url": "https://www.behance.net/gallery/34727863/WANDIAN-CAMPAIGN"
      }],
      "created_on": 1457222058,
      "stats": {
        "comments": 11,
        "appreciations": 155,
        "views": 2578
      },
      "name": "WANDIAN CAMPAIGN",
      "id": 34727863,
      "fields": [
        "Photography",
        "Fashion"
      ],
      "covers": {
        "original": "https://mir-s3-cdn-cf.behance.net/projects/original/a7868234727863.Y3JvcCw0MTAsMzIxLDE2MywzNg.jpg",
        "202": "https://mir-s3-cdn-cf.behance.net/projects/202/a7868234727863.Y3JvcCw0MTAsMzIxLDE2MywzNg.jpg",
        "115": "https://mir-s3-cdn-cf.behance.net/projects/115/a7868234727863.Y3JvcCw0MTAsMzIxLDE2MywzNg.jpg",
        "404": "https://mir-s3-cdn-cf.behance.net/projects/404/a7868234727863.Y3JvcCw0MTAsMzIxLDE2MywzNg.jpg",
        "230": "https://mir-s3-cdn-cf.behance.net/projects/230/a7868234727863.Y3JvcCw0MTAsMzIxLDE2MywzNg.jpg"
      }
    },
    {
      "modified_on": 1457611201,
      "published_on": 1457292499,
      "privacy": "public",
      "mature_access": "allowed",
      "owners": [{
        "country": "United Kingdom",
        "images": {
          "100": "https://mir-s3-cdn-cf.behance.net/user/100/666691701562.54e6048ce8472.jpg",
          "276": "https://mir-s3-cdn-cf.behance.net/user/276/666691701562.54e6048ce8472.jpg",
          "115": "https://mir-s3-cdn-cf.behance.net/user/115/666691701562.54e6048ce8472.jpg",
          "138": "https://mir-s3-cdn-cf.behance.net/user/138/666691701562.54e6048ce8472.jpg",
          "50": "https://mir-s3-cdn-cf.behance.net/user/50/666691701562.54e6048ce8472.jpg",
          "230": "https://mir-s3-cdn-cf.behance.net/user/230/666691701562.54e6048ce8472.jpg"
        },
        "website": "marijatiurina.com",
        "occupation": "illustrator",
        "city": "London",
        "last_name": "Tiurina",
        "display_name": "Maria Tiurina",
        "url": "https://www.behance.net/tiurinam",
        "created_on": 1318968101,
        "has_default_image": 0,
        "stats": {
          "followers": 34024,
          "comments": 40,
          "appreciations": 94446,
          "following": 157,
          "views": 708623
        },
        "location": "London, United Kingdom",
        "company": "",
        "id": 701562,
        "state": "",
        "fields": [
          "Illustration",
          "Character Design",
          "Digital Art"
        ],
        "first_name": "Maria",
        "username": "tiurinam"
      }],
      "url": "https://www.behance.net/gallery/34726039/Remarkable-Women-character-design-project",
      "conceived_on": 1457215567,
      "mature_content": 0,
      "features": [{
        "site": {
          "domain": "www.behance.net",
          "name": "Behance.net",
          "icon": "https://a3.behance.net/img/site/favicon.ico",
          "ribbon": {
            "image": "https://a3.behance.net/img/galleries/ribbons/1x/net.png",
            "image_2x": "https://a3.behance.net/img/galleries/ribbons/2x/net@2x.png"
          },
          "id": 1,
          "key": "net",
          "url": "http://www.behance.net"
        },
        "featured_on": 1457611201,
        "url": "https://www.behance.net/gallery/34726039/Remarkable-Women-character-design-project"
      }],
      "created_on": 1457215567,
      "stats": {
        "comments": 115,
        "appreciations": 1681,
        "views": 9565
      },
      "name": "Remarkable Women - character design project",
      "id": 34726039,
      "fields": [
        "Character Design",
        "Digital Art",
        "Drawing"
      ],
      "covers": {
        "original": "https://mir-s3-cdn-cf.behance.net/projects/original/5961ac34726039.Y3JvcCwxMTIwLDg3NSw5MCww.jpg",
        "202": "https://mir-s3-cdn-cf.behance.net/projects/202/5961ac34726039.Y3JvcCwxMTIwLDg3NSw5MCww.jpg",
        "115": "https://mir-s3-cdn-cf.behance.net/projects/115/5961ac34726039.Y3JvcCwxMTIwLDg3NSw5MCww.jpg",
        "404": "https://mir-s3-cdn-cf.behance.net/projects/404/5961ac34726039.Y3JvcCwxMTIwLDg3NSw5MCww.jpg",
        "230": "https://mir-s3-cdn-cf.behance.net/projects/230/5961ac34726039.Y3JvcCwxMTIwLDg3NSw5MCww.jpg"
      }
    },
    {
      "modified_on": 1457596801,
      "published_on": 1416618659,
      "privacy": "public",
      "mature_access": "allowed",
      "owners": [{
        "country": "Poland",
        "images": {
          "100": "https://mir-s3-cdn-cf.behance.net/user/100/3677291.53bdc0a738eb2.jpg",
          "276": "https://mir-s3-cdn-cf.behance.net/user/276/3677291.53bdc0a738eb2.jpg",
          "115": "https://mir-s3-cdn-cf.behance.net/user/115/3677291.53bdc0a738eb2.jpg",
          "138": "https://mir-s3-cdn-cf.behance.net/user/138/3677291.53bdc0a738eb2.jpg",
          "50": "https://mir-s3-cdn-cf.behance.net/user/50/3677291.53bdc0a738eb2.jpg",
          "230": "https://mir-s3-cdn-cf.behance.net/user/230/3677291.53bdc0a738eb2.jpg"
        },
        "website": "",
        "occupation": "",
        "city": "Poznan",
        "last_name": "Markowski",
        "display_name": "Marcin Markowski",
        "url": "https://www.behance.net/yo_studio",
        "created_on": 1380809428,
        "has_default_image": 0,
        "stats": {
          "followers": 5349,
          "comments": 120,
          "appreciations": 12692,
          "following": 13,
          "views": 158876
        },
        "location": "Poznan, Poland",
        "company": "",
        "id": 3677291,
        "state": "",
        "fields": [
          "Graphic Design",
          "Editorial Design",
          "Print Design"
        ],
        "first_name": "Marcin",
        "username": "yo_studio"
      }],
      "url": "https://www.behance.net/gallery/21501879/The-Threepenny-Opera",
      "conceived_on": 1416617421,
      "mature_content": 0,
      "features": [
        {
          "site": {
            "domain": "www.behance.net",
            "name": "Behance.net",
            "icon": "https://a3.behance.net/img/site/favicon.ico",
            "ribbon": {
              "image": "https://a3.behance.net/img/galleries/ribbons/1x/net.png",
              "image_2x": "https://a3.behance.net/img/galleries/ribbons/2x/net@2x.png"
            },
            "id": 1,
            "key": "net",
            "url": "http://www.behance.net"
          },
          "featured_on": 1457596801,
          "url": "https://www.behance.net/gallery/21501879/The-Threepenny-Opera"
        },
        {
          "site": {
            "app_icon": "",
            "domain": "editorialdesignserved.co",
            "name": "Editorial Design Served",
            "icon": "https://a3.behance.net/img/galleries/composed/editorial.png",
            "ribbon": {
              "image": "https://a3.behance.net/img/galleries/ribbons/1x/editorial.png",
              "image_2x": "https://a3.behance.net/img/galleries/ribbons/2x/editorial@2x.png"
            },
            "id": 31,
            "key": "editorial",
            "url": "http://editorialdesignserved.co"
          },
          "featured_on": 1417764602,
          "url": "http://editorialdesignserved.co/gallery/21501879/The-Threepenny-Opera"
        }
      ],
      "created_on": 1416617421,
      "stats": {
        "comments": 96,
        "appreciations": 1601,
        "views": 17209
      },
      "name": "The Threepenny Opera",
      "id": 21501879,
      "fields": [
        "Editorial Design",
        "Graphic Design",
        "Print Design"
      ],
      "covers": {
        "original": "https://mir-s3-cdn-cf.behance.net/projects/original/21501879.5482c53e2f441.jpg",
        "202": "https://mir-s3-cdn-cf.behance.net/projects/202/21501879.5482c53e2f441.jpg",
        "115": "https://mir-s3-cdn-cf.behance.net/projects/115/21501879.5482c53e2f441.jpg",
        "404": "https://mir-s3-cdn-cf.behance.net/projects/404/21501879.5482c53e2f441.jpg",
        "230": "https://mir-s3-cdn-cf.behance.net/projects/230/21501879.5482c53e2f441.jpg"
      }
    },
    {
      "modified_on": 1457646098,
      "published_on": 1457460287,
      "privacy": "public",
      "mature_access": "allowed",
      "owners": [{
        "country": "France",
        "images": {
          "100": "https://mir-s3-cdn-cf.behance.net/user/100/c26f3c1790805.55b7f0066b4b8.jpg",
          "276": "https://mir-s3-cdn-cf.behance.net/user/276/c26f3c1790805.55b7f0066b4b8.jpg",
          "115": "https://mir-s3-cdn-cf.behance.net/user/115/c26f3c1790805.55b7f0066b4b8.jpg",
          "138": "https://mir-s3-cdn-cf.behance.net/user/138/c26f3c1790805.55b7f0066b4b8.jpg",
          "50": "https://mir-s3-cdn-cf.behance.net/user/50/c26f3c1790805.55b7f0066b4b8.jpg",
          "230": "https://mir-s3-cdn-cf.behance.net/user/230/c26f3c1790805.55b7f0066b4b8.jpg"
        },
        "website": "http://lilidesbellons.com/",
        "occupation": "Lili des Bellons",
        "city": "Paris",
        "last_name": "des Bellons",
        "display_name": "Lili des Bellons",
        "url": "https://www.behance.net/lilidesbellons",
        "created_on": 1352035287,
        "has_default_image": 0,
        "stats": {
          "followers": 15441,
          "comments": 104,
          "appreciations": 20863,
          "following": 2250,
          "views": 224025
        },
        "location": "Paris, France",
        "company": "laurent meriaux",
        "id": 1790805,
        "state": "",
        "fields": [
          "Illustration",
          "Graphic Design",
          "Character Design"
        ],
        "first_name": "Lili",
        "username": "lilidesbellons"
      }],
      "url": "https://www.behance.net/gallery/34820689/Muro-10-Victionary",
      "conceived_on": 1457457732,
      "mature_content": 0,
      "features": [{
        "site": {
          "domain": "www.behance.net",
          "name": "Behance.net",
          "icon": "https://a3.behance.net/img/site/favicon.ico",
          "ribbon": {
            "image": "https://a3.behance.net/img/galleries/ribbons/1x/net.png",
            "image_2x": "https://a3.behance.net/img/galleries/ribbons/2x/net@2x.png"
          },
          "id": 1,
          "key": "net",
          "url": "http://www.behance.net"
        },
        "featured_on": 1457582402,
        "url": "https://www.behance.net/gallery/34820689/Muro-10-Victionary"
      }],
      "created_on": 1457457732,
      "stats": {
        "comments": 38,
        "appreciations": 395,
        "views": 3883
      },
      "name": "Muro 10 & Victionary",
      "id": 34820689,
      "fields": [
        "Character Design",
        "Illustration",
        "Graphic Design"
      ],
      "covers": {
        "original": "https://mir-s3-cdn-cf.behance.net/projects/original/4e57f934820689.Y3JvcCwxMDAwLDc4MywxNTQsMTU.jpg",
        "202": "https://mir-s3-cdn-cf.behance.net/projects/202/4e57f934820689.Y3JvcCwxMDAwLDc4MywxNTQsMTU.jpg",
        "115": "https://mir-s3-cdn-cf.behance.net/projects/115/4e57f934820689.Y3JvcCwxMDAwLDc4MywxNTQsMTU.jpg",
        "404": "https://mir-s3-cdn-cf.behance.net/projects/404/4e57f934820689.Y3JvcCwxMDAwLDc4MywxNTQsMTU.jpg",
        "230": "https://mir-s3-cdn-cf.behance.net/projects/230/4e57f934820689.Y3JvcCwxMDAwLDc4MywxNTQsMTU.jpg"
      }
    },
    {
      "modified_on": 1457596252,
      "published_on": 1455958240,
      "privacy": "public",
      "mature_access": "allowed",
      "owners": [{
        "country": "China",
        "images": {
          "100": "https://mir-s3-cdn-cf.behance.net/user/100/c697b091463.56c5d8fc5133b.jpg",
          "276": "https://mir-s3-cdn-cf.behance.net/user/276/c697b091463.56c5d8fc5133b.jpg",
          "115": "https://mir-s3-cdn-cf.behance.net/user/115/c697b091463.56c5d8fc5133b.jpg",
          "138": "https://mir-s3-cdn-cf.behance.net/user/138/c697b091463.56c5d8fc5133b.jpg",
          "50": "https://mir-s3-cdn-cf.behance.net/user/50/c697b091463.56c5d8fc5133b.jpg",
          "230": "https://mir-s3-cdn-cf.behance.net/user/230/c697b091463.56c5d8fc5133b.jpg"
        },
        "website": "",
        "occupation": "Chief Art Director",
        "city": "Beijing",
        "last_name": "昼",
        "display_name": "灰 昼",
        "url": "https://www.behance.net/NoirChen",
        "created_on": 1231810335,
        "has_default_image": 0,
        "stats": {
          "followers": 2005,
          "comments": 13,
          "appreciations": 3250,
          "following": 29,
          "views": 34065
        },
        "location": "Beijing, China",
        "company": "Ya lab",
        "id": 91463,
        "state": "",
        "fields": [
          "Web Design",
          "Motion Graphics",
          "Interaction Design"
        ],
        "first_name": "灰",
        "username": "NoirChen"
      }],
      "url": "https://www.behance.net/gallery/34215753/App-for-Mojin-The-Lost-Legend",
      "conceived_on": 1455954287,
      "mature_content": 0,
      "features": [{
        "site": {
          "domain": "www.behance.net",
          "name": "Behance.net",
          "icon": "https://a3.behance.net/img/site/favicon.ico",
          "ribbon": {
            "image": "https://a3.behance.net/img/galleries/ribbons/1x/net.png",
            "image_2x": "https://a3.behance.net/img/galleries/ribbons/2x/net@2x.png"
          },
          "id": 1,
          "key": "net",
          "url": "http://www.behance.net"
        },
        "featured_on": 1457568001,
        "url": "https://www.behance.net/gallery/34215753/App-for-Mojin-The-Lost-Legend"
      }],
      "created_on": 1455954287,
      "stats": {
        "comments": 132,
        "appreciations": 1498,
        "views": 17038
      },
      "name": "App for Mojin-The Lost Legend",
      "id": 34215753,
      "fields": [
        "Motion Graphics",
        "Interaction Design",
        "UI/UX"
      ],
      "covers": {
        "original": "https://mir-s3-cdn-cf.behance.net/projects/original/0a465034215753.Y3JvcCw5ODYsNzcxLDI0NCwxMzE.jpg",
        "202": "https://mir-s3-cdn-cf.behance.net/projects/202/0a465034215753.Y3JvcCw5ODYsNzcxLDI0NCwxMzE.jpg",
        "115": "https://mir-s3-cdn-cf.behance.net/projects/115/0a465034215753.Y3JvcCw5ODYsNzcxLDI0NCwxMzE.jpg",
        "404": "https://mir-s3-cdn-cf.behance.net/projects/404/0a465034215753.Y3JvcCw5ODYsNzcxLDI0NCwxMzE.jpg",
        "230": "https://mir-s3-cdn-cf.behance.net/projects/230/0a465034215753.Y3JvcCw5ODYsNzcxLDI0NCwxMzE.jpg"
      }
    },
    {
      "modified_on": 1457553602,
      "published_on": 1456831455,
      "privacy": "public",
      "mature_access": "allowed",
      "owners": [{
        "country": "Argentina",
        "images": {
          "100": "https://mir-s3-cdn-cf.behance.net/user/100/0dd9b6143237.55370169bf517.jpg",
          "276": "https://mir-s3-cdn-cf.behance.net/user/276/0dd9b6143237.55370169bf517.jpg",
          "115": "https://mir-s3-cdn-cf.behance.net/user/115/0dd9b6143237.55370169bf517.jpg",
          "138": "https://mir-s3-cdn-cf.behance.net/user/138/0dd9b6143237.55370169bf517.jpg",
          "50": "https://mir-s3-cdn-cf.behance.net/user/50/0dd9b6143237.55370169bf517.jpg",
          "230": "https://mir-s3-cdn-cf.behance.net/user/230/0dd9b6143237.55370169bf517.jpg"
        },
        "website": "xoanaherrera.com",
        "occupation": "Graphic Designer",
        "city": "Buenos Aires",
        "last_name": "herrera",
        "display_name": "xoana herrera",
        "url": "https://www.behance.net/nenima",
        "created_on": 1263407866,
        "has_default_image": 0,
        "stats": {
          "followers": 9589,
          "comments": 1655,
          "appreciations": 24347,
          "following": 511,
          "views": 203648
        },
        "location": "Buenos Aires, Argentina",
        "company": "",
        "id": 143237,
        "state": "",
        "fields": [
          "Illustration",
          "Character Design",
          "Graphic Design"
        ],
        "first_name": "xoana",
        "username": "nenima"
      }],
      "url": "https://www.behance.net/gallery/31269853/Police-Story",
      "conceived_on": 1447660419,
      "mature_content": 0,
      "features": [{
        "site": {
          "domain": "www.behance.net",
          "name": "Behance.net",
          "icon": "https://a3.behance.net/img/site/favicon.ico",
          "ribbon": {
            "image": "https://a3.behance.net/img/galleries/ribbons/1x/net.png",
            "image_2x": "https://a3.behance.net/img/galleries/ribbons/2x/net@2x.png"
          },
          "id": 1,
          "key": "net",
          "url": "http://www.behance.net"
        },
        "featured_on": 1457553602,
        "url": "https://www.behance.net/gallery/31269853/Police-Story"
      }],
      "created_on": 1447660419,
      "stats": {
        "comments": 80,
        "appreciations": 1053,
        "views": 8830
      },
      "name": "Police Story",
      "id": 31269853,
      "fields": [
        "Character Design",
        "Illustration",
        "Motion Graphics"
      ],
      "covers": {
        "original": "https://mir-s3-cdn-cf.behance.net/projects/original/4f086631269853.Y3JvcCwxMzc5LDEwODAsMjQwLDA.jpg",
        "202": "https://mir-s3-cdn-cf.behance.net/projects/202/4f086631269853.Y3JvcCwxMzc5LDEwODAsMjQwLDA.jpg",
        "115": "https://mir-s3-cdn-cf.behance.net/projects/115/4f086631269853.Y3JvcCwxMzc5LDEwODAsMjQwLDA.jpg",
        "404": "https://mir-s3-cdn-cf.behance.net/projects/404/4f086631269853.Y3JvcCwxMzc5LDEwODAsMjQwLDA.jpg",
        "230": "https://mir-s3-cdn-cf.behance.net/projects/230/4f086631269853.Y3JvcCwxMzc5LDEwODAsMjQwLDA.jpg"
      }
    },
    {
      "modified_on": 1457539201,
      "published_on": 1457096955,
      "privacy": "public",
      "mature_access": "allowed",
      "owners": [{
        "country": "France",
        "images": {
          "100": "https://mir-s3-cdn-cf.behance.net/user/100/2309503.53b897ee51975.jpg",
          "276": "https://mir-s3-cdn-cf.behance.net/user/276/2309503.53b897ee51975.jpg",
          "115": "https://mir-s3-cdn-cf.behance.net/user/115/2309503.53b897ee51975.jpg",
          "138": "https://mir-s3-cdn-cf.behance.net/user/138/2309503.53b897ee51975.jpg",
          "50": "https://mir-s3-cdn-cf.behance.net/user/50/2309503.53b897ee51975.jpg",
          "230": "https://mir-s3-cdn-cf.behance.net/user/230/2309503.53b897ee51975.jpg"
        },
        "website": "www.juliencoquentin.com",
        "occupation": "juliencoquentin.com",
        "city": "Le Mas",
        "last_name": "Coquentin",
        "display_name": "Julien Coquentin",
        "url": "https://www.behance.net/juliencoquentin",
        "created_on": 1362465242,
        "has_default_image": 0,
        "stats": {
          "followers": 16557,
          "comments": 43,
          "appreciations": 39602,
          "following": 59,
          "views": 503149
        },
        "location": "Le Mas, France",
        "company": "",
        "id": 2309503,
        "state": "",
        "fields": [
          "Photography",
          "Digital Art",
          "Photojournalism"
        ],
        "first_name": "Julien",
        "username": "juliencoquentin"
      }],
      "url": "https://www.behance.net/gallery/34683119/London-november-days",
      "conceived_on": 1457095294,
      "mature_content": 0,
      "features": [{
        "site": {
          "domain": "www.behance.net",
          "name": "Behance.net",
          "icon": "https://a3.behance.net/img/site/favicon.ico",
          "ribbon": {
            "image": "https://a3.behance.net/img/galleries/ribbons/1x/net.png",
            "image_2x": "https://a3.behance.net/img/galleries/ribbons/2x/net@2x.png"
          },
          "id": 1,
          "key": "net",
          "url": "http://www.behance.net"
        },
        "featured_on": 1457539201,
        "url": "https://www.behance.net/gallery/34683119/London-november-days"
      }],
      "created_on": 1457095294,
      "stats": {
        "comments": 47,
        "appreciations": 442,
        "views": 5302
      },
      "name": "London, november days",
      "id": 34683119,
      "fields": ["Photography"],
      "covers": {
        "original": "https://mir-s3-cdn-cf.behance.net/projects/original/19dcc234683119.Y3JvcCw4MjEsNjQyLDAsMjU4.jpg",
        "202": "https://mir-s3-cdn-cf.behance.net/projects/202/19dcc234683119.Y3JvcCw4MjEsNjQyLDAsMjU4.jpg",
        "115": "https://mir-s3-cdn-cf.behance.net/projects/115/19dcc234683119.Y3JvcCw4MjEsNjQyLDAsMjU4.jpg",
        "404": "https://mir-s3-cdn-cf.behance.net/projects/404/19dcc234683119.Y3JvcCw4MjEsNjQyLDAsMjU4.jpg",
        "230": "https://mir-s3-cdn-cf.behance.net/projects/230/19dcc234683119.Y3JvcCw4MjEsNjQyLDAsMjU4.jpg"
      }
    },
    {
      "modified_on": 1457524801,
      "published_on": 1443304959,
      "privacy": "public",
      "mature_access": "allowed",
      "owners": [{
        "country": "France",
        "images": {
          "100": "https://mir-s3-cdn-cf.behance.net/user/100/1240201.53b3bda169a70.jpg",
          "276": "https://mir-s3-cdn-cf.behance.net/user/276/1240201.53b3bda169a70.jpg",
          "115": "https://mir-s3-cdn-cf.behance.net/user/115/1240201.53b3bda169a70.jpg",
          "138": "https://mir-s3-cdn-cf.behance.net/user/138/1240201.53b3bda169a70.jpg",
          "50": "https://mir-s3-cdn-cf.behance.net/user/50/1240201.53b3bda169a70.jpg",
          "230": "https://mir-s3-cdn-cf.behance.net/user/230/1240201.53b3bda169a70.jpg"
        },
        "website": "http://www.shanehello.com",
        "occupation": "graphic designer, illustrator  helloriho@gmail.com",
        "city": "Paris",
        "last_name": "shane",
        "display_name": "hello shane",
        "url": "https://www.behance.net/hellorishane",
        "created_on": 1339513081,
        "has_default_image": 0,
        "stats": {
          "followers": 14954,
          "comments": 5,
          "appreciations": 34441,
          "following": 126,
          "views": 309603
        },
        "location": "Paris, France",
        "company": "",
        "id": 1240201,
        "state": "",
        "fields": [
          "Illustration",
          "Graphic Design",
          "Drawing"
        ],
        "first_name": "hello",
        "username": "hellorishane"
      }],
      "url": "https://www.behance.net/gallery/29852697/TATTOO",
      "conceived_on": 1443304901,
      "mature_content": 0,
      "features": [{
        "site": {
          "domain": "www.behance.net",
          "name": "Behance.net",
          "icon": "https://a3.behance.net/img/site/favicon.ico",
          "ribbon": {
            "image": "https://a3.behance.net/img/galleries/ribbons/1x/net.png",
            "image_2x": "https://a3.behance.net/img/galleries/ribbons/2x/net@2x.png"
          },
          "id": 1,
          "key": "net",
          "url": "http://www.behance.net"
        },
        "featured_on": 1457524801,
        "url": "https://www.behance.net/gallery/29852697/TATTOO"
      }],
      "created_on": 1443304901,
      "stats": {
        "comments": 54,
        "appreciations": 906,
        "views": 10237
      },
      "name": "TATTOO",
      "id": 29852697,
      "fields": [
        "Art Direction",
        "Illustration",
        "Graphic Design"
      ],
      "covers": {
        "original": "https://mir-s3-cdn-cf.behance.net/projects/original/6a523929852697.560715c5c2d4c.jpg",
        "202": "https://mir-s3-cdn-cf.behance.net/projects/202/6a523929852697.560715c5c2d4c.jpg",
        "115": "https://mir-s3-cdn-cf.behance.net/projects/115/6a523929852697.560715c5c2d4c.jpg",
        "404": "https://mir-s3-cdn-cf.behance.net/projects/404/6a523929852697.560715c5c2d4c.jpg",
        "230": "https://mir-s3-cdn-cf.behance.net/projects/230/6a523929852697.560715c5c2d4c.jpg"
      }
    }
  ],
  "http_code": 200
}