{
  "projects": [
    {
      "modified_on": 1457582402,
      "published_on": 1457460287,
      "privacy": "public",
      "mature_access": "allowed",
      "owners": [{
        "country": "France",
        "images": {
          "100": "https://mir-s3-cdn-cf.behance.net/user/100/c26f3c1790805.55b7f0066b4b8.jpg",
          "276": "https://mir-s3-cdn-cf.behance.net/user/276/c26f3c1790805.55b7f0066b4b8.jpg",
          "115": "https://mir-s3-cdn-cf.behance.net/user/115/c26f3c1790805.55b7f0066b4b8.jpg",
          "138": "https://mir-s3-cdn-cf.behance.net/user/138/c26f3c1790805.55b7f0066b4b8.jpg",
          "50": "https://mir-s3-cdn-cf.behance.net/user/50/c26f3c1790805.55b7f0066b4b8.jpg",
          "230": "https://mir-s3-cdn-cf.behance.net/user/230/c26f3c1790805.55b7f0066b4b8.jpg"
        },
        "website": "http://lilidesbellons.com/",
        "occupation": "Lili des Bellons",
        "city": "Paris",
        "last_name": "des Bellons",
        "display_name": "Lili des Bellons",
        "url": "https://www.behance.net/lilidesbellons",
        "created_on": 1352035287,
        "has_default_image": 0,
        "location": "Paris, France",
        "company": "laurent meriaux",
        "id": 1790805,
        "state": "",
        "fields": [
          "Illustration",
          "Graphic Design",
          "Character Design"
        ],
        "first_name": "Lili",
        "username": "lilidesbellons"
      }],
      "url": "https://www.behance.net/gallery/34820689/Muro-10-Victionary",
      "conceived_on": 1457457732,
      "mature_content": 0,
      "features": [{
        "site": {
          "domain": "www.behance.net",
          "name": "Behance.net",
          "icon": "https://a3.behance.net/img/site/favicon.ico",
          "ribbon": {
            "image": "https://a3.behance.net/img/galleries/ribbons/1x/net.png",
            "image_2x": "https://a3.behance.net/img/galleries/ribbons/2x/net@2x.png"
          },
          "id": 1,
          "key": "net",
          "url": "http://www.behance.net"
        },
        "featured_on": 1457582402,
        "url": "https://www.behance.net/gallery/34820689/Muro-10-Victionary"
      }],
      "created_on": 1457457732,
      "stats": {
        "comments": 23,
        "appreciations": 173,
        "views": 696
      },
      "name": "Muro 10 & Victionary",
      "id": 34820689,
      "fields": [
        "Character Design",
        "Illustration",
        "Graphic Design"
      ],
      "covers": {
        "original": "https://mir-s3-cdn-cf.behance.net/projects/original/4e57f934820689.Y3JvcCwxMDAwLDc4MywxNTQsMTU.jpg",
        "202": "https://mir-s3-cdn-cf.behance.net/projects/202/4e57f934820689.Y3JvcCwxMDAwLDc4MywxNTQsMTU.jpg",
        "115": "https://mir-s3-cdn-cf.behance.net/projects/115/4e57f934820689.Y3JvcCwxMDAwLDc4MywxNTQsMTU.jpg",
        "404": "https://mir-s3-cdn-cf.behance.net/projects/404/4e57f934820689.Y3JvcCwxMDAwLDc4MywxNTQsMTU.jpg",
        "230": "https://mir-s3-cdn-cf.behance.net/projects/230/4e57f934820689.Y3JvcCwxMDAwLDc4MywxNTQsMTU.jpg"
      }
    },
    {
      "modified_on": 1457577068,
      "published_on": 1455958240,
      "privacy": "public",
      "mature_access": "allowed",
      "owners": [{
        "country": "China",
        "images": {
          "100": "https://mir-s3-cdn-cf.behance.net/user/100/c697b091463.56c5d8fc5133b.jpg",
          "276": "https://mir-s3-cdn-cf.behance.net/user/276/c697b091463.56c5d8fc5133b.jpg",
          "115": "https://mir-s3-cdn-cf.behance.net/user/115/c697b091463.56c5d8fc5133b.jpg",
          "138": "https://mir-s3-cdn-cf.behance.net/user/138/c697b091463.56c5d8fc5133b.jpg",
          "50": "https://mir-s3-cdn-cf.behance.net/user/50/c697b091463.56c5d8fc5133b.jpg",
          "230": "https://mir-s3-cdn-cf.behance.net/user/230/c697b091463.56c5d8fc5133b.jpg"
        },
        "website": "",
        "occupation": "Chief Art Director",
        "city": "Beijing",
        "last_name": "昼",
        "display_name": "灰 昼",
        "url": "https://www.behance.net/NoirChen",
        "created_on": 1231810335,
        "has_default_image": 0,
        "location": "Beijing, China",
        "company": "Ya lab",
        "id": 91463,
        "state": "",
        "fields": [
          "Web Design",
          "Motion Graphics",
          "Interaction Design"
        ],
        "first_name": "灰",
        "username": "NoirChen"
      }],
      "url": "https://www.behance.net/gallery/34215753/App-for-Mojin-The-Lost-Legend",
      "conceived_on": 1455954287,
      "mature_content": 0,
      "features": [{
        "site": {
          "domain": "www.behance.net",
          "name": "Behance.net",
          "icon": "https://a3.behance.net/img/site/favicon.ico",
          "ribbon": {
            "image": "https://a3.behance.net/img/galleries/ribbons/1x/net.png",
            "image_2x": "https://a3.behance.net/img/galleries/ribbons/2x/net@2x.png"
          },
          "id": 1,
          "key": "net",
          "url": "http://www.behance.net"
        },
        "featured_on": 1457568001,
        "url": "https://www.behance.net/gallery/34215753/App-for-Mojin-The-Lost-Legend"
      }],
      "created_on": 1455954287,
      "stats": {
        "comments": 53,
        "appreciations": 596,
        "views": 6851
      },
      "name": "App for Mojin-The Lost Legend",
      "id": 34215753,
      "fields": [
        "Motion Graphics",
        "Interaction Design",
        "UI/UX"
      ],
      "covers": {
        "original": "https://mir-s3-cdn-cf.behance.net/projects/original/0a465034215753.Y3JvcCw5ODYsNzcxLDI0NCwxMzE.jpg",
        "202": "https://mir-s3-cdn-cf.behance.net/projects/202/0a465034215753.Y3JvcCw5ODYsNzcxLDI0NCwxMzE.jpg",
        "115": "https://mir-s3-cdn-cf.behance.net/projects/115/0a465034215753.Y3JvcCw5ODYsNzcxLDI0NCwxMzE.jpg",
        "404": "https://mir-s3-cdn-cf.behance.net/projects/404/0a465034215753.Y3JvcCw5ODYsNzcxLDI0NCwxMzE.jpg",
        "230": "https://mir-s3-cdn-cf.behance.net/projects/230/0a465034215753.Y3JvcCw5ODYsNzcxLDI0NCwxMzE.jpg"
      }
    },
    {
      "modified_on": 1457553602,
      "published_on": 1456831455,
      "privacy": "public",
      "mature_access": "allowed",
      "owners": [{
        "country": "Argentina",
        "images": {
          "100": "https://mir-s3-cdn-cf.behance.net/user/100/0dd9b6143237.55370169bf517.jpg",
          "276": "https://mir-s3-cdn-cf.behance.net/user/276/0dd9b6143237.55370169bf517.jpg",
          "115": "https://mir-s3-cdn-cf.behance.net/user/115/0dd9b6143237.55370169bf517.jpg",
          "138": "https://mir-s3-cdn-cf.behance.net/user/138/0dd9b6143237.55370169bf517.jpg",
          "50": "https://mir-s3-cdn-cf.behance.net/user/50/0dd9b6143237.55370169bf517.jpg",
          "230": "https://mir-s3-cdn-cf.behance.net/user/230/0dd9b6143237.55370169bf517.jpg"
        },
        "website": "xoanaherrera.com",
        "occupation": "Graphic Designer",
        "city": "Buenos Aires",
        "last_name": "herrera",
        "display_name": "xoana herrera",
        "url": "https://www.behance.net/nenima",
        "created_on": 1263407866,
        "has_default_image": 0,
        "location": "Buenos Aires, Argentina",
        "company": "",
        "id": 143237,
        "state": "",
        "fields": [
          "Illustration",
          "Graphic Design",
          "Character Design"
        ],
        "first_name": "xoana",
        "username": "nenima"
      }],
      "url": "https://www.behance.net/gallery/31269853/Police-Story",
      "conceived_on": 1447660419,
      "mature_content": 0,
      "features": [{
        "site": {
          "domain": "www.behance.net",
          "name": "Behance.net",
          "icon": "https://a3.behance.net/img/site/favicon.ico",
          "ribbon": {
            "image": "https://a3.behance.net/img/galleries/ribbons/1x/net.png",
            "image_2x": "https://a3.behance.net/img/galleries/ribbons/2x/net@2x.png"
          },
          "id": 1,
          "key": "net",
          "url": "http://www.behance.net"
        },
        "featured_on": 1457553602,
        "url": "https://www.behance.net/gallery/31269853/Police-Story"
      }],
      "created_on": 1447660419,
      "stats": {
        "comments": 54,
        "appreciations": 714,
        "views": 4488
      },
      "name": "Police Story",
      "id": 31269853,
      "fields": [
        "Character Design",
        "Illustration",
        "Motion Graphics"
      ],
      "covers": {
        "original": "https://mir-s3-cdn-cf.behance.net/projects/original/4f086631269853.Y3JvcCwxMzc5LDEwODAsMjQwLDA.jpg",
        "202": "https://mir-s3-cdn-cf.behance.net/projects/202/4f086631269853.Y3JvcCwxMzc5LDEwODAsMjQwLDA.jpg",
        "115": "https://mir-s3-cdn-cf.behance.net/projects/115/4f086631269853.Y3JvcCwxMzc5LDEwODAsMjQwLDA.jpg",
        "404": "https://mir-s3-cdn-cf.behance.net/projects/404/4f086631269853.Y3JvcCwxMzc5LDEwODAsMjQwLDA.jpg",
        "230": "https://mir-s3-cdn-cf.behance.net/projects/230/4f086631269853.Y3JvcCwxMzc5LDEwODAsMjQwLDA.jpg"
      }
    },
    {
      "modified_on": 1457539201,
      "published_on": 1457096955,
      "privacy": "public",
      "mature_access": "allowed",
      "owners": [{
        "country": "France",
        "images": {
          "100": "https://mir-s3-cdn-cf.behance.net/user/100/2309503.53b897ee51975.jpg",
          "276": "https://mir-s3-cdn-cf.behance.net/user/276/2309503.53b897ee51975.jpg",
          "115": "https://mir-s3-cdn-cf.behance.net/user/115/2309503.53b897ee51975.jpg",
          "138": "https://mir-s3-cdn-cf.behance.net/user/138/2309503.53b897ee51975.jpg",
          "50": "https://mir-s3-cdn-cf.behance.net/user/50/2309503.53b897ee51975.jpg",
          "230": "https://mir-s3-cdn-cf.behance.net/user/230/2309503.53b897ee51975.jpg"
        },
        "website": "www.juliencoquentin.com",
        "occupation": "juliencoquentin.com",
        "city": "Le Mas",
        "last_name": "Coquentin",
        "display_name": "Julien Coquentin",
        "url": "https://www.behance.net/juliencoquentin",
        "created_on": 1362465242,
        "has_default_image": 0,
        "location": "Le Mas, France",
        "company": "",
        "id": 2309503,
        "state": "",
        "fields": [
          "Photography",
          "Digital Art",
          "Photojournalism"
        ],
        "first_name": "Julien",
        "username": "juliencoquentin"
      }],
      "url": "https://www.behance.net/gallery/34683119/London-november-days",
      "conceived_on": 1457095294,
      "mature_content": 0,
      "features": [{
        "site": {
          "domain": "www.behance.net",
          "name": "Behance.net",
          "icon": "https://a3.behance.net/img/site/favicon.ico",
          "ribbon": {
            "image": "https://a3.behance.net/img/galleries/ribbons/1x/net.png",
            "image_2x": "https://a3.behance.net/img/galleries/ribbons/2x/net@2x.png"
          },
          "id": 1,
          "key": "net",
          "url": "http://www.behance.net"
        },
        "featured_on": 1457539201,
        "url": "https://www.behance.net/gallery/34683119/London-november-days"
      }],
      "created_on": 1457095294,
      "stats": {
        "comments": 38,
        "appreciations": 289,
        "views": 2749
      },
      "name": "London, november days",
      "id": 34683119,
      "fields": ["Photography"],
      "covers": {
        "original": "https://mir-s3-cdn-cf.behance.net/projects/original/19dcc234683119.Y3JvcCw4MjEsNjQyLDAsMjU4.jpg",
        "202": "https://mir-s3-cdn-cf.behance.net/projects/202/19dcc234683119.Y3JvcCw4MjEsNjQyLDAsMjU4.jpg",
        "115": "https://mir-s3-cdn-cf.behance.net/projects/115/19dcc234683119.Y3JvcCw4MjEsNjQyLDAsMjU4.jpg",
        "404": "https://mir-s3-cdn-cf.behance.net/projects/404/19dcc234683119.Y3JvcCw4MjEsNjQyLDAsMjU4.jpg",
        "230": "https://mir-s3-cdn-cf.behance.net/projects/230/19dcc234683119.Y3JvcCw4MjEsNjQyLDAsMjU4.jpg"
      }
    },
    {
      "modified_on": 1457524801,
      "published_on": 1443304959,
      "privacy": "public",
      "mature_access": "allowed",
      "owners": [{
        "country": "France",
        "images": {
          "100": "https://mir-s3-cdn-cf.behance.net/user/100/1240201.53b3bda169a70.jpg",
          "276": "https://mir-s3-cdn-cf.behance.net/user/276/1240201.53b3bda169a70.jpg",
          "115": "https://mir-s3-cdn-cf.behance.net/user/115/1240201.53b3bda169a70.jpg",
          "138": "https://mir-s3-cdn-cf.behance.net/user/138/1240201.53b3bda169a70.jpg",
          "50": "https://mir-s3-cdn-cf.behance.net/user/50/1240201.53b3bda169a70.jpg",
          "230": "https://mir-s3-cdn-cf.behance.net/user/230/1240201.53b3bda169a70.jpg"
        },
        "website": "http://www.shanehello.com",
        "occupation": "graphic designer, illustrator  helloriho@gmail.com",
        "city": "Paris",
        "last_name": "shane",
        "display_name": "hello shane",
        "url": "https://www.behance.net/hellorishane",
        "created_on": 1339513081,
        "has_default_image": 0,
        "location": "Paris, France",
        "company": "",
        "id": 1240201,
        "state": "",
        "fields": [
          "Illustration",
          "Graphic Design",
          "Drawing"
        ],
        "first_name": "hello",
        "username": "hellorishane"
      }],
      "url": "https://www.behance.net/gallery/29852697/TATTOO",
      "conceived_on": 1443304901,
      "mature_content": 0,
      "features": [{
        "site": {
          "domain": "www.behance.net",
          "name": "Behance.net",
          "icon": "https://a3.behance.net/img/site/favicon.ico",
          "ribbon": {
            "image": "https://a3.behance.net/img/galleries/ribbons/1x/net.png",
            "image_2x": "https://a3.behance.net/img/galleries/ribbons/2x/net@2x.png"
          },
          "id": 1,
          "key": "net",
          "url": "http://www.behance.net"
        },
        "featured_on": 1457524801,
        "url": "https://www.behance.net/gallery/29852697/TATTOO"
      }],
      "created_on": 1443304901,
      "stats": {
        "comments": 41,
        "appreciations": 695,
        "views": 7379
      },
      "name": "TATTOO",
      "id": 29852697,
      "fields": [
        "Art Direction",
        "Illustration",
        "Graphic Design"
      ],
      "covers": {
        "original": "https://mir-s3-cdn-cf.behance.net/projects/original/6a523929852697.560715c5c2d4c.jpg",
        "202": "https://mir-s3-cdn-cf.behance.net/projects/202/6a523929852697.560715c5c2d4c.jpg",
        "115": "https://mir-s3-cdn-cf.behance.net/projects/115/6a523929852697.560715c5c2d4c.jpg",
        "404": "https://mir-s3-cdn-cf.behance.net/projects/404/6a523929852697.560715c5c2d4c.jpg",
        "230": "https://mir-s3-cdn-cf.behance.net/projects/230/6a523929852697.560715c5c2d4c.jpg"
      }
    },
    {
      "modified_on": 1457510401,
      "published_on": 1456321916,
      "privacy": "public",
      "mature_access": "allowed",
      "owners": [{
        "country": "Finland",
        "images": {
          "100": "https://mir-s3-cdn-cf.behance.net/user/100/de97a19090227.56cd6a3567d0b.png",
          "276": "https://mir-s3-cdn-cf.behance.net/user/276/de97a19090227.56cd6a3567d0b.png",
          "115": "https://mir-s3-cdn-cf.behance.net/user/115/de97a19090227.56cd6a3567d0b.png",
          "138": "https://mir-s3-cdn-cf.behance.net/user/138/de97a19090227.56cd6a3567d0b.png",
          "50": "https://mir-s3-cdn-cf.behance.net/user/50/de97a19090227.56cd6a3567d0b.png",
          "230": "https://mir-s3-cdn-cf.behance.net/user/230/de97a19090227.56cd6a3567d0b.png"
        },
        "website": "http://www.tsto.org",
        "occupation": "",
        "city": "Helsinki",
        "last_name": "Creative ",
        "display_name": "Tsto Creative",
        "url": "https://www.behance.net/tsto",
        "created_on": 1413775318,
        "has_default_image": 0,
        "location": "Helsinki, Finland",
        "company": "Tsto",
        "id": 9090227,
        "state": "",
        "fields": [
          "Graphic Design",
          "Art Direction",
          "Print Design"
        ],
        "first_name": "Tsto",
        "username": "tsto"
      }],
      "url": "https://www.behance.net/gallery/34357193/Gallery-Sinne-Pro-Artibus-Foundation",
      "conceived_on": 1456321822,
      "mature_content": 0,
      "features": [{
        "site": {
          "domain": "www.behance.net",
          "name": "Behance.net",
          "icon": "https://a3.behance.net/img/site/favicon.ico",
          "ribbon": {
            "image": "https://a3.behance.net/img/galleries/ribbons/1x/net.png",
            "image_2x": "https://a3.behance.net/img/galleries/ribbons/2x/net@2x.png"
          },
          "id": 1,
          "key": "net",
          "url": "http://www.behance.net"
        },
        "featured_on": 1457510401,
        "url": "https://www.behance.net/gallery/34357193/Gallery-Sinne-Pro-Artibus-Foundation"
      }],
      "created_on": 1456321822,
      "stats": {
        "comments": 26,
        "appreciations": 361,
        "views": 7706
      },
      "name": "Gallery Sinne / Pro Artibus Foundation",
      "id": 34357193,
      "fields": [
        "Art Direction",
        "Exhibition Design",
        "Graphic Design"
      ],
      "covers": {
        "original": "https://mir-s3-cdn-cf.behance.net/projects/original/0062b534357193.Y3JvcCw4MDAsNjI2LDc4LDEz.jpg",
        "202": "https://mir-s3-cdn-cf.behance.net/projects/202/0062b534357193.Y3JvcCw4MDAsNjI2LDc4LDEz.jpg",
        "115": "https://mir-s3-cdn-cf.behance.net/projects/115/0062b534357193.Y3JvcCw4MDAsNjI2LDc4LDEz.jpg",
        "404": "https://mir-s3-cdn-cf.behance.net/projects/404/0062b534357193.Y3JvcCw4MDAsNjI2LDc4LDEz.jpg",
        "230": "https://mir-s3-cdn-cf.behance.net/projects/230/0062b534357193.Y3JvcCw4MDAsNjI2LDc4LDEz.jpg"
      }
    },
    {
      "modified_on": 1457496002,
      "published_on": 1456758930,
      "privacy": "public",
      "mature_access": "allowed",
      "owners": [{
        "country": "United Kingdom",
        "images": {
          "100": "https://mir-s3-cdn-cf.behance.net/user/100/c8c0a81797007.55f5a161e4ec3.jpg",
          "276": "https://mir-s3-cdn-cf.behance.net/user/276/c8c0a81797007.55f5a161e4ec3.jpg",
          "115": "https://mir-s3-cdn-cf.behance.net/user/115/c8c0a81797007.55f5a161e4ec3.jpg",
          "138": "https://mir-s3-cdn-cf.behance.net/user/138/c8c0a81797007.55f5a161e4ec3.jpg",
          "50": "https://mir-s3-cdn-cf.behance.net/user/50/c8c0a81797007.55f5a161e4ec3.jpg",
          "230": "https://mir-s3-cdn-cf.behance.net/user/230/c8c0a81797007.55f5a161e4ec3.jpg"
        },
        "website": "http://owengent.com/",
        "occupation": "Illustrator, Designer",
        "city": "Bristol",
        "last_name": "Gent",
        "display_name": "Owen Gent",
        "url": "https://www.behance.net/owengent",
        "created_on": 1352152377,
        "has_default_image": 0,
        "location": "Bristol, United Kingdom",
        "company": "Owen Gent Illustration",
        "id": 1797007,
        "state": "",
        "fields": [
          "Illustration",
          "Painting",
          "Editorial Design"
        ],
        "first_name": "Owen",
        "username": "owengent"
      }],
      "url": "https://www.behance.net/gallery/34525815/Modern-Reformation",
      "conceived_on": 1456758765,
      "mature_content": 0,
      "features": [{
        "site": {
          "domain": "www.behance.net",
          "name": "Behance.net",
          "icon": "https://a3.behance.net/img/site/favicon.ico",
          "ribbon": {
            "image": "https://a3.behance.net/img/galleries/ribbons/1x/net.png",
            "image_2x": "https://a3.behance.net/img/galleries/ribbons/2x/net@2x.png"
          },
          "id": 1,
          "key": "net",
          "url": "http://www.behance.net"
        },
        "featured_on": 1457496002,
        "url": "https://www.behance.net/gallery/34525815/Modern-Reformation"
      }],
      "created_on": 1456758765,
      "stats": {
        "comments": 29,
        "appreciations": 369,
        "views": 3882
      },
      "name": "Modern Reformation",
      "id": 34525815,
      "fields": [
        "Editorial Design",
        "Illustration"
      ],
      "covers": {
        "original": "https://mir-s3-cdn-cf.behance.net/projects/original/d80eee34525815.Y3JvcCwxMzM4LDEwNDUsMCww.jpg",
        "202": "https://mir-s3-cdn-cf.behance.net/projects/202/d80eee34525815.Y3JvcCwxMzM4LDEwNDUsMCww.jpg",
        "115": "https://mir-s3-cdn-cf.behance.net/projects/115/d80eee34525815.Y3JvcCwxMzM4LDEwNDUsMCww.jpg",
        "404": "https://mir-s3-cdn-cf.behance.net/projects/404/d80eee34525815.Y3JvcCwxMzM4LDEwNDUsMCww.jpg",
        "230": "https://mir-s3-cdn-cf.behance.net/projects/230/d80eee34525815.Y3JvcCwxMzM4LDEwNDUsMCww.jpg"
      }
    },
    {
      "modified_on": 1457520988,
      "published_on": 1456920307,
      "privacy": "public",
      "mature_access": "allowed",
      "owners": [
        {
          "country": "Poland",
          "images": {
            "100": "https://mir-s3-cdn-cf.behance.net/user/100/78362.54a265483f3eb.jpg",
            "276": "https://mir-s3-cdn-cf.behance.net/user/276/78362.54a265483f3eb.jpg",
            "115": "https://mir-s3-cdn-cf.behance.net/user/115/78362.54a265483f3eb.jpg",
            "138": "https://mir-s3-cdn-cf.behance.net/user/138/78362.54a265483f3eb.jpg",
            "50": "https://mir-s3-cdn-cf.behance.net/user/50/78362.54a265483f3eb.jpg",
            "230": "https://mir-s3-cdn-cf.behance.net/user/230/78362.54a265483f3eb.jpg"
          },
          "website": "",
          "occupation": "Graphic Designer",
          "city": "Krakow",
          "last_name": "Radziejewski",
          "display_name": "Bartek Radziejewski",
          "url": "https://www.behance.net/entroop",
          "created_on": 1217359307,
          "has_default_image": 0,
          "location": "Krakow, Poland",
          "company": "",
          "id": 78362,
          "state": "",
          "fields": [
            "Art Direction",
            "Branding",
            "Web Design"
          ],
          "first_name": "Bartek",
          "username": "entroop"
        },
        {
          "country": "Poland",
          "images": {
            "100": "https://mir-s3-cdn-cf.behance.net/user/100/2e9f7c150661.56d6e3a21b9a2.jpg",
            "276": "https://mir-s3-cdn-cf.behance.net/user/276/2e9f7c150661.56d6e3a21b9a2.jpg",
            "115": "https://mir-s3-cdn-cf.behance.net/user/115/2e9f7c150661.56d6e3a21b9a2.jpg",
            "138": "https://mir-s3-cdn-cf.behance.net/user/138/2e9f7c150661.56d6e3a21b9a2.jpg",
            "50": "https://mir-s3-cdn-cf.behance.net/user/50/2e9f7c150661.56d6e3a21b9a2.jpg",
            "230": "https://mir-s3-cdn-cf.behance.net/user/230/2e9f7c150661.56d6e3a21b9a2.jpg"
          },
          "website": "",
          "occupation": "Design Lead at Kontakt.io",
          "city": "Krakow",
          "last_name": "Krawczyk",
          "display_name": "Konrad Krawczyk",
          "url": "https://www.behance.net/KonradKrawczyk",
          "created_on": 1266300024,
          "has_default_image": 0,
          "location": "Krakow, Poland",
          "company": "",
          "id": 150661,
          "state": "",
          "fields": [
            "Illustration",
            "Art Direction",
            "Digital Art"
          ],
          "first_name": "Konrad",
          "username": "KonradKrawczyk"
        },
        {
          "country": "Poland",
          "images": {
            "100": "https://mir-s3-cdn-cf.behance.net/user/100/199882.53ac4ee1d69f8.png",
            "276": "https://mir-s3-cdn-cf.behance.net/user/276/199882.53ac4ee1d69f8.png",
            "115": "https://mir-s3-cdn-cf.behance.net/user/115/199882.53ac4ee1d69f8.png",
            "138": "https://mir-s3-cdn-cf.behance.net/user/138/199882.53ac4ee1d69f8.png",
            "50": "https://mir-s3-cdn-cf.behance.net/user/50/199882.53ac4ee1d69f8.png",
            "230": "https://mir-s3-cdn-cf.behance.net/user/230/199882.53ac4ee1d69f8.png"
          },
          "website": "www.ollestudio.com",
          "occupation": "",
          "city": "Cracow",
          "last_name": ".",
          "display_name": "Ollestudio .",
          "url": "https://www.behance.net/ollestudio",
          "created_on": 1280071897,
          "has_default_image": 0,
          "location": "Cracow, Poland",
          "company": "Olle.",
          "id": 199882,
          "state": "",
          "fields": [
            "Branding",
            "Art Direction",
            "Graphic Design"
          ],
          "first_name": "Ollestudio",
          "username": "ollestudio"
        },
        {
          "country": "Poland",
          "images": {
            "100": "https://mir-s3-cdn-cf.behance.net/user/100/6d849f54687.562fb384095ba.jpg",
            "276": "https://mir-s3-cdn-cf.behance.net/user/276/6d849f54687.562fb384095ba.jpg",
            "115": "https://mir-s3-cdn-cf.behance.net/user/115/6d849f54687.562fb384095ba.jpg",
            "138": "https://mir-s3-cdn-cf.behance.net/user/138/6d849f54687.562fb384095ba.jpg",
            "50": "https://mir-s3-cdn-cf.behance.net/user/50/6d849f54687.562fb384095ba.jpg",
            "230": "https://mir-s3-cdn-cf.behance.net/user/230/6d849f54687.562fb384095ba.jpg"
          },
          "website": "www.crislabno.com",
          "occupation": "Senior Graphic Designer",
          "city": "Cracow",
          "last_name": "Labno",
          "display_name": "Cris Labno",
          "url": "https://www.behance.net/crislabno",
          "created_on": 1194899401,
          "has_default_image": 0,
          "location": "Cracow, Poland",
          "company": "Creogram Sp. z o.o.",
          "id": 54687,
          "state": "",
          "fields": [
            "Branding",
            "Art Direction",
            "Typography"
          ],
          "first_name": "Cris",
          "username": "crislabno"
        },
        {
          "country": "Poland",
          "images": {
            "100": "https://mir-s3-cdn-cf.behance.net/user/100/4f46b513559091.56d736ce33d81.jpg",
            "276": "https://mir-s3-cdn-cf.behance.net/user/276/4f46b513559091.56d736ce33d81.jpg",
            "115": "https://mir-s3-cdn-cf.behance.net/user/115/4f46b513559091.56d736ce33d81.jpg",
            "138": "https://mir-s3-cdn-cf.behance.net/user/138/4f46b513559091.56d736ce33d81.jpg",
            "50": "https://mir-s3-cdn-cf.behance.net/user/50/4f46b513559091.56d736ce33d81.jpg",
            "230": "https://mir-s3-cdn-cf.behance.net/user/230/4f46b513559091.56d736ce33d81.jpg"
          },
          "website": "",
          "occupation": "Illustrator",
          "city": "Krakow",
          "last_name": "Pronobis-Adamczyk",
          "display_name": "Ola Pronobis-Adamczyk",
          "url": "https://www.behance.net/pronobis",
          "created_on": 1430915673,
          "has_default_image": 0,
          "location": "Krakow, Poland",
          "company": "Kontakt.io",
          "id": 13559091,
          "state": "",
          "fields": [
            "Illustration",
            "Branding",
            "Web Design"
          ],
          "first_name": "Ola",
          "username": "pronobis"
        }
      ],
      "url": "https://www.behance.net/gallery/34390457/Kontaktio-Beacons-Beyond",
      "conceived_on": 1456390461,
      "mature_content": 0,
      "features": [{
        "site": {
          "domain": "www.behance.net",
          "name": "Behance.net",
          "icon": "https://a3.behance.net/img/site/favicon.ico",
          "ribbon": {
            "image": "https://a3.behance.net/img/galleries/ribbons/1x/net.png",
            "image_2x": "https://a3.behance.net/img/galleries/ribbons/2x/net@2x.png"
          },
          "id": 1,
          "key": "net",
          "url": "http://www.behance.net"
        },
        "featured_on": 1457481602,
        "url": "https://www.behance.net/gallery/34390457/Kontaktio-Beacons-Beyond"
      }],
      "created_on": 1456390461,
      "stats": {
        "comments": 74,
        "appreciations": 850,
        "views": 8948
      },
      "name": "Kontakt.io - Beacons & Beyond",
      "id": 34390457,
      "fields": [
        "Branding",
        "Illustration",
        "Web Design"
      ],
      "covers": {
        "original": "https://mir-s3-cdn-cf.behance.net/projects/original/f07df934390457.Y3JvcCw0MDQsMzE2LDAsMA.gif",
        "202": "https://mir-s3-cdn-cf.behance.net/projects/202/f07df934390457.Y3JvcCw0MDQsMzE2LDAsMA.gif",
        "115": "https://mir-s3-cdn-cf.behance.net/projects/115/f07df934390457.Y3JvcCw0MDQsMzE2LDAsMA.gif",
        "404": "https://mir-s3-cdn-cf.behance.net/projects/404/f07df934390457.Y3JvcCw0MDQsMzE2LDAsMA.gif",
        "230": "https://mir-s3-cdn-cf.behance.net/projects/230/f07df934390457.Y3JvcCw0MDQsMzE2LDAsMA.gif"
      }
    },
    {
      "modified_on": 1457467201,
      "published_on": 1457206102,
      "privacy": "public",
      "mature_access": "allowed",
      "owners": [{
        "country": "Spain",
        "images": {
          "100": "https://mir-s3-cdn-cf.behance.net/user/100/70511.53ab093fab7c8.jpg",
          "276": "https://mir-s3-cdn-cf.behance.net/user/276/70511.53ab093fab7c8.jpg",
          "115": "https://mir-s3-cdn-cf.behance.net/user/115/70511.53ab093fab7c8.jpg",
          "138": "https://mir-s3-cdn-cf.behance.net/user/138/70511.53ab093fab7c8.jpg",
          "50": "https://mir-s3-cdn-cf.behance.net/user/50/70511.53ab093fab7c8.jpg",
          "230": "https://mir-s3-cdn-cf.behance.net/user/230/70511.53ab093fab7c8.jpg"
        },
        "website": "http://www.nastplas.com",
        "occupation": "",
        "city": "Madrid",
        "last_name": "™",
        "display_name": "NastPlas ™",
        "url": "https://www.behance.net/drfranken",
        "created_on": 1206615309,
        "has_default_image": 0,
        "location": "Madrid, Spain",
        "company": "NastPlas",
        "id": 70511,
        "state": "",
        "fields": [
          "Digital Art",
          "Art Direction",
          "Illustration"
        ],
        "first_name": "NastPlas",
        "username": "drfranken"
      }],
      "url": "https://www.behance.net/gallery/34711501/KVELL",
      "conceived_on": 1457172754,
      "mature_content": 0,
      "features": [{
        "site": {
          "domain": "www.behance.net",
          "name": "Behance.net",
          "icon": "https://a3.behance.net/img/site/favicon.ico",
          "ribbon": {
            "image": "https://a3.behance.net/img/galleries/ribbons/1x/net.png",
            "image_2x": "https://a3.behance.net/img/galleries/ribbons/2x/net@2x.png"
          },
          "id": 1,
          "key": "net",
          "url": "http://www.behance.net"
        },
        "featured_on": 1457467201,
        "url": "https://www.behance.net/gallery/34711501/KVELL"
      }],
      "created_on": 1457172754,
      "stats": {
        "comments": 21,
        "appreciations": 549,
        "views": 4649
      },
      "name": "KVELL",
      "id": 34711501,
      "fields": [
        "Art Direction",
        "Creative Direction",
        "Illustration"
      ],
      "covers": {
        "original": "https://mir-s3-cdn-cf.behance.net/projects/original/389cca34711501.Y3JvcCw0MDQsMzE2LDAsMA.jpg",
        "202": "https://mir-s3-cdn-cf.behance.net/projects/202/389cca34711501.Y3JvcCw0MDQsMzE2LDAsMA.jpg",
        "115": "https://mir-s3-cdn-cf.behance.net/projects/115/389cca34711501.Y3JvcCw0MDQsMzE2LDAsMA.jpg",
        "404": "https://mir-s3-cdn-cf.behance.net/projects/404/389cca34711501.Y3JvcCw0MDQsMzE2LDAsMA.jpg",
        "230": "https://mir-s3-cdn-cf.behance.net/projects/230/389cca34711501.Y3JvcCw0MDQsMzE2LDAsMA.jpg"
      }
    },
    {
      "modified_on": 1457452801,
      "published_on": 1403367321,
      "privacy": "public",
      "mature_access": "allowed",
      "owners": [{
        "country": "South Africa",
        "images": {
          "100": "https://mir-s3-cdn-cf.behance.net/user/100/6363337.53a3f68286e45.jpg",
          "276": "https://mir-s3-cdn-cf.behance.net/user/276/6363337.53a3f68286e45.jpg",
          "115": "https://mir-s3-cdn-cf.behance.net/user/115/6363337.53a3f68286e45.jpg",
          "138": "https://mir-s3-cdn-cf.behance.net/user/138/6363337.53a3f68286e45.jpg",
          "50": "https://mir-s3-cdn-cf.behance.net/user/50/6363337.53a3f68286e45.jpg",
          "230": "https://mir-s3-cdn-cf.behance.net/user/230/6363337.53a3f68286e45.jpg"
        },
        "website": "www.anttiviitala.com",
        "occupation": "PHOTOGRAPHER",
        "city": "Cape Town",
        "last_name": "VIITALA",
        "display_name": "ANTTI VIITALA",
        "url": "https://www.behance.net/peikko4ad5",
        "created_on": 1403253951,
        "has_default_image": 0,
        "location": "Cape Town, South Africa",
        "company": "SUNLIGHT STUDIOS",
        "id": 6363337,
        "state": "",
        "fields": [
          "Photography",
          "Film",
          "Motion Graphics"
        ],
        "first_name": "ANTTI",
        "username": "peikko4ad5"
      }],
      "url": "https://www.behance.net/gallery/17814773/CREATURES-I",
      "conceived_on": 1403367127,
      "mature_content": 0,
      "features": [
        {
          "site": {
            "domain": "www.behance.net",
            "name": "Behance.net",
            "icon": "https://a3.behance.net/img/site/favicon.ico",
            "ribbon": {
              "image": "https://a3.behance.net/img/galleries/ribbons/1x/net.png",
              "image_2x": "https://a3.behance.net/img/galleries/ribbons/2x/net@2x.png"
            },
            "id": 1,
            "key": "net",
            "url": "http://www.behance.net"
          },
          "featured_on": 1457452801,
          "url": "https://www.behance.net/gallery/17814773/CREATURES-I"
        },
        {
          "site": {
            "app_icon": "",
            "domain": "photographyserved.com",
            "name": "Photography Served",
            "icon": "https://a3.behance.net/img/galleries/composed/photography.png",
            "ribbon": {
              "image": "https://a3.behance.net/img/galleries/ribbons/1x/photography.png",
              "image_2x": "https://a3.behance.net/img/galleries/ribbons/2x/photography@2x.png"
            },
            "id": 14,
            "key": "photography",
            "url": "http://photographyserved.com"
          },
          "featured_on": 1456781402,
          "url": "http://photographyserved.com/gallery/17814773/CREATURES-I"
        }
      ],
      "created_on": 1403367127,
      "stats": {
        "comments": 55,
        "appreciations": 664,
        "views": 6991
      },
      "name": "CREATURES I",
      "id": 17814773,
      "fields": ["Photography"],
      "covers": {
        "original": "https://mir-s3-cdn-cf.behance.net/projects/original/97114c17814773.561e4a09c9d43.jpg",
        "202": "https://mir-s3-cdn-cf.behance.net/projects/202/97114c17814773.561e4a09c9d43.jpg",
        "115": "https://mir-s3-cdn-cf.behance.net/projects/115/97114c17814773.561e4a09c9d43.jpg",
        "404": "https://mir-s3-cdn-cf.behance.net/projects/404/97114c17814773.561e4a09c9d43.jpg",
        "230": "https://mir-s3-cdn-cf.behance.net/projects/230/97114c17814773.561e4a09c9d43.jpg"
      }
    },
    {
      "modified_on": 1457438402,
      "published_on": 1457194639,
      "privacy": "public",
      "mature_access": "allowed",
      "owners": [{
        "country": "France",
        "images": {
          "100": "https://mir-s3-cdn-cf.behance.net/user/100/2415911.53b910607786c.jpg",
          "276": "https://mir-s3-cdn-cf.behance.net/user/276/2415911.53b910607786c.jpg",
          "115": "https://mir-s3-cdn-cf.behance.net/user/115/2415911.53b910607786c.jpg",
          "138": "https://mir-s3-cdn-cf.behance.net/user/138/2415911.53b910607786c.jpg",
          "50": "https://mir-s3-cdn-cf.behance.net/user/50/2415911.53b910607786c.jpg",
          "230": "https://mir-s3-cdn-cf.behance.net/user/230/2415911.53b910607786c.jpg"
        },
        "website": "",
        "occupation": "Illustrator",
        "city": "Paris",
        "last_name": "Mahé",
        "display_name": "Vincent Mahé",
        "url": "https://www.behance.net/vincentmahe",
        "created_on": 1364227150,
        "has_default_image": 0,
        "location": "Paris, France",
        "company": "Costume 3 pièces",
        "id": 2415911,
        "state": "",
        "fields": [
          "Illustration",
          "Drawing",
          "Editorial Design"
        ],
        "first_name": "Vincent",
        "username": "vincentmahe"
      }],
      "url": "https://www.behance.net/gallery/34717399/Demain-Children-Book",
      "conceived_on": 1457192635,
      "mature_content": 0,
      "features": [{
        "site": {
          "domain": "www.behance.net",
          "name": "Behance.net",
          "icon": "https://a3.behance.net/img/site/favicon.ico",
          "ribbon": {
            "image": "https://a3.behance.net/img/galleries/ribbons/1x/net.png",
            "image_2x": "https://a3.behance.net/img/galleries/ribbons/2x/net@2x.png"
          },
          "id": 1,
          "key": "net",
          "url": "http://www.behance.net"
        },
        "featured_on": 1457438402,
        "url": "https://www.behance.net/gallery/34717399/Demain-Children-Book"
      }],
      "created_on": 1457192635,
      "stats": {
        "comments": 43,
        "appreciations": 611,
        "views": 5162
      },
      "name": "\"Demain\" Children Book",
      "id": 34717399,
      "fields": ["Illustration"],
      "covers": {
        "original": "https://mir-s3-cdn-cf.behance.net/projects/original/c697a134717399.Y3JvcCw0MDQsMzE2LDAsMA.jpg",
        "202": "https://mir-s3-cdn-cf.behance.net/projects/202/c697a134717399.Y3JvcCw0MDQsMzE2LDAsMA.jpg",
        "115": "https://mir-s3-cdn-cf.behance.net/projects/115/c697a134717399.Y3JvcCw0MDQsMzE2LDAsMA.jpg",
        "404": "https://mir-s3-cdn-cf.behance.net/projects/404/c697a134717399.Y3JvcCw0MDQsMzE2LDAsMA.jpg",
        "230": "https://mir-s3-cdn-cf.behance.net/projects/230/c697a134717399.Y3JvcCw0MDQsMzE2LDAsMA.jpg"
      }
    },
    {
      "modified_on": 1457424002,
      "published_on": 1457147482,
      "privacy": "public",
      "mature_access": "allowed",
      "owners": [{
        "country": "United States",
        "images": {
          "100": "https://mir-s3-cdn-cf.behance.net/user/100/70128.53ab07ecba1f2.jpg",
          "276": "https://mir-s3-cdn-cf.behance.net/user/276/70128.53ab07ecba1f2.jpg",
          "115": "https://mir-s3-cdn-cf.behance.net/user/115/70128.53ab07ecba1f2.jpg",
          "138": "https://mir-s3-cdn-cf.behance.net/user/138/70128.53ab07ecba1f2.jpg",
          "50": "https://mir-s3-cdn-cf.behance.net/user/50/70128.53ab07ecba1f2.jpg",
          "230": "https://mir-s3-cdn-cf.behance.net/user/230/70128.53ab07ecba1f2.jpg"
        },
        "website": "http://www.anenocena.com",
        "occupation": "Art Director",
        "city": "Los Angeles",
        "last_name": "Gomez Bernaus",
        "display_name": "Ana Gomez Bernaus",
        "url": "https://www.behance.net/AnaGomezBernaus",
        "created_on": 1205940453,
        "has_default_image": 0,
        "location": "Los Angeles, CA, USA",
        "company": "Anenocena",
        "id": 70128,
        "state": "California",
        "fields": [
          "Illustration",
          "Typography",
          "Graphic Design"
        ],
        "first_name": "Ana",
        "username": "AnaGomezBernaus"
      }],
      "url": "https://www.behance.net/gallery/34552527/LCAD-Lecture-Type-Experiments",
      "conceived_on": 1456811322,
      "mature_content": 0,
      "features": [{
        "site": {
          "domain": "www.behance.net",
          "name": "Behance.net",
          "icon": "https://a3.behance.net/img/site/favicon.ico",
          "ribbon": {
            "image": "https://a3.behance.net/img/galleries/ribbons/1x/net.png",
            "image_2x": "https://a3.behance.net/img/galleries/ribbons/2x/net@2x.png"
          },
          "id": 1,
          "key": "net",
          "url": "http://www.behance.net"
        },
        "featured_on": 1457424002,
        "url": "https://www.behance.net/gallery/34552527/LCAD-Lecture-Type-Experiments"
      }],
      "created_on": 1456811322,
      "stats": {
        "comments": 57,
        "appreciations": 473,
        "views": 6320
      },
      "name": "LCAD Lecture -Type Experiments",
      "id": 34552527,
      "fields": [
        "Graphic Design",
        "Illustration",
        "Typography"
      ],
      "covers": {
        "original": "https://mir-s3-cdn-cf.behance.net/projects/original/f652fc34552527.Y3JvcCwyMDAwLDE1NjIsMCw3Nw.jpg",
        "202": "https://mir-s3-cdn-cf.behance.net/projects/202/f652fc34552527.Y3JvcCwyMDAwLDE1NjIsMCw3Nw.jpg",
        "115": "https://mir-s3-cdn-cf.behance.net/projects/115/f652fc34552527.Y3JvcCwyMDAwLDE1NjIsMCw3Nw.jpg",
        "404": "https://mir-s3-cdn-cf.behance.net/projects/404/f652fc34552527.Y3JvcCwyMDAwLDE1NjIsMCw3Nw.jpg",
        "230": "https://mir-s3-cdn-cf.behance.net/projects/230/f652fc34552527.Y3JvcCwyMDAwLDE1NjIsMCw3Nw.jpg"
      }
    }
  ],
  "http_code": 200
}