{
  "http_code": 200,
  "user": {
    "country": "Russian Federation",
    "images": {
      "115": "https://mir-s3-cdn-cf.behance.net/user/115/101562.53ab5ab5ec969.jpg",
      "138": "https://mir-s3-cdn-cf.behance.net/user/138/101562.53ab5ab5ec969.jpg",
      "50": "https://mir-s3-cdn-cf.behance.net/user/50/101562.53ab5ab5ec969.jpg"
    },
    "website": "http://firelancer.com",
    "occupation": "",
    "city": "Moscow",
    "social_links": [],
    "last_name": "FireLancer",
    "display_name": "SandrO FireLancer",
    "url": "https://www.behance.net/firelancer",
    "sections": [],
    "twitter": "",
    "created_on": 1240214050,
    "has_default_image": 0,
    "stats": {
      "followers": 2,
      "comments": 1,
      "appreciations": 8,
      "following": 2,
      "team_members": 0,
      "views": 309
    },
    "location": "Moscow, Russian Federation",
    "company": "",
    "links": [],
    "id": 101562,
    "state": "",
    "fields": [
      "Illustration",
      "Drawing",
      "Digital Art"
    ],
    "first_name": "SandrO",
    "username": "firelancer"
  }
}