{
  "http_code": 200,
  "user": {
    "country": "Israel",
    "images": {
      "115": "https://mir-s3-cdn-cf.behance.net/user/115/101508.53ab5a37463a9.jpg",
      "138": "https://mir-s3-cdn-cf.behance.net/user/138/101508.53ab5a37463a9.jpg",
      "50": "https://mir-s3-cdn-cf.behance.net/user/50/101508.53ab5a37463a9.jpg"
    },
    "website": "http://www.lionways.com",
    "occupation": "",
    "city": "Herut",
    "social_links": [],
    "last_name": "Zonshine",
    "display_name": "Arie Zonshine",
    "url": "https://www.behance.net/lionways",
    "sections": [],
    "twitter": "",
    "created_on": 1240163844,
    "has_default_image": 0,
    "stats": {
      "followers": 7,
      "comments": 2,
      "appreciations": 7,
      "following": 3,
      "team_members": 0,
      "views": 90
    },
    "location": "Herut, Israel",
    "company": "Lionways",
    "links": [{
      "title": "Lionways",
      "url": "http://www.lionways.com/"
    }],
    "id": 101508,
    "state": "",
    "fields": [
      "Web Development",
      "Web Design"
    ],
    "first_name": "Arie",
    "username": "lionways"
  }
}