{
  "http_code": 200,
  "user": {
    "country": "United States",
    "images": {
      "115": "https://mir-s3-cdn-cf.behance.net/user/115/101644.53ab5af5ae77d.jpg",
      "138": "https://mir-s3-cdn-cf.behance.net/user/138/101644.53ab5af5ae77d.jpg",
      "50": "https://mir-s3-cdn-cf.behance.net/user/50/101644.53ab5af5ae77d.jpg"
    },
    "website": "",
    "occupation": "",
    "city": "New York",
    "social_links": [],
    "last_name": "Herrero",
    "display_name": "Mauricio Herrero",
    "url": "https://www.behance.net/MauricioHerrero",
    "sections": [],
    "features": [{
      "site": {
        "domain": "www.behance.net",
        "name": "Behance.net",
        "icon": "https://a3.behance.net/img/site/favicon.ico",
        "ribbon": {
          "image": "https://a3.behance.net/img/galleries/ribbons/1x/net.png",
          "image_2x": "https://a3.behance.net/img/galleries/ribbons/2x/net@2x.png"
        },
        "id": 1,
        "key": "net",
        "url": "http://www.behance.net"
      },
      "projects": [{
        "id": 263082,
        "featured_on": 1248438602
      }]
    }],
    "twitter": "",
    "created_on": 1240270360,
    "has_default_image": 0,
    "stats": {
      "followers": 161,
      "comments": 79,
      "appreciations": 502,
      "following": 126,
      "team_members": 0,
      "views": 6922
    },
    "location": "New York, NY, USA",
    "company": "",
    "links": [
      {
        "title": "Parsons News - Oprah, 2010",
        "url": "http://www.newschool.edu/parsons/newsList.aspx?id=52617"
      },
      {
        "title": "Oprah, 2010",
        "url": "http://www.oprah.com/oprahshow/Nate-Berkus-Gives-a-Tour-of-His-New-York-City-Home-Video_1"
      },
      {
        "title": "Selection: Premio La Joven Estampa 2009, Casa de las Américas, La Habana, Cuba",
        "url": "http://casadelasamericas.com/premios/jovenestampa/2009/premio.php?pagina=premio"
      },
      {
        "title": "Selection: Premio Ingráfica 2008, Iglesia de la Merced, Cuenca, Spain",
        "url": "http://www.ingrafica.org/v1/exposiciones_ficha.php?iexpo=17"
      },
      {
        "title": "Premio Ingráfica 2008 ",
        "url": "http://www.nacion.com/ln_ee/2008/diciembre/28/aldea1823710.html"
      },
      {
        "title": "International group exhibition: Bitácora de viaje, 2008,  Mexico and Costa Rica ",
        "url": "http://www.nacion.com/ancora/2008/junio/22/ancora1584503.html"
      },
      {
        "title": "Solo exhibition: Transeúntes: Disociación urbana, 2008",
        "url": "http://www.ucr.ac.cr/mostrar_noticia.php?ID=1458"
      },
      {
        "title": "First Place Student Award: Visual Arts Contest, 50th Anniversary, University of Costa Rica/University of Kansas, 2008",
        "url": "http://www.nacion.com/ancora/2008/marzo/09/ancora1450583.html"
      }
    ],
    "id": 101644,
    "state": "New York",
    "fields": [
      "Drawing",
      "Photography"
    ],
    "first_name": "Mauricio",
    "username": "MauricioHerrero"
  }
}