{
  "http_code": 200,
  "user": {
    "country": "Thailand",
    "images": {
      "115": "https://mir-s3-cdn-cf.behance.net/user/115/1200189.53b378b516fe9.jpg",
      "138": "https://mir-s3-cdn-cf.behance.net/user/138/1200189.53b378b516fe9.jpg",
      "50": "https://mir-s3-cdn-cf.behance.net/user/50/1200189.53b378b516fe9.jpg"
    },
    "website": "",
    "occupation": "Motion Graphic Designer",
    "city": "Bangkok",
    "social_links": [],
    "last_name": "R.Tasaniya",
    "display_name": "Prin R.Tasaniya",
    "url": "https://www.behance.net/prin",
    "sections": [],
    "twitter": "",
    "created_on": 1338209252,
    "has_default_image": 0,
    "stats": {
      "followers": 12,
      "comments": 0,
      "appreciations": 3,
      "following": 0,
      "team_members": 0,
      "views": 84
    },
    "location": "Bangkok, Thailand",
    "company": "ZEN",
    "links": [],
    "id": 1200189,
    "state": "",
    "fields": [
      "Animation",
      "Motion Graphics"
    ],
    "first_name": "Prin",
    "username": "prin"
  }
}