{
  "http_code": 200,
  "user": {
    "country": "Colombia",
    "images": {
      "100": "https://mir-s3-cdn-cf.behance.net/user/100/bfaab512100201.54fa0380b0d1a.jpg",
      "276": "https://mir-s3-cdn-cf.behance.net/user/276/bfaab512100201.54fa0380b0d1a.jpg",
      "115": "https://mir-s3-cdn-cf.behance.net/user/115/bfaab512100201.54fa0380b0d1a.jpg",
      "138": "https://mir-s3-cdn-cf.behance.net/user/138/bfaab512100201.54fa0380b0d1a.jpg",
      "50": "https://mir-s3-cdn-cf.behance.net/user/50/bfaab512100201.54fa0380b0d1a.jpg",
      "230": "https://mir-s3-cdn-cf.behance.net/user/230/bfaab512100201.54fa0380b0d1a.jpg"
    },
    "website": "danielcediel1234.carbonmade.com/",
    "occupation": "Photographer",
    "city": "Santa Marta",
    "social_links": [],
    "last_name": "Cediel Almario",
    "display_name": "Daniel Cediel Almario",
    "url": "https://www.behance.net/DanielCediel",
    "sections": [],
    "twitter": "",
    "created_on": 1425656202,
    "has_default_image": 0,
    "stats": {
      "followers": 0,
      "comments": 0,
      "appreciations": 0,
      "following": 0,
      "team_members": 0,
      "views": 0
    },
    "location": "Santa Marta, Colombia",
    "company": "",
    "links": [],
    "id": 12100201,
    "state": "",
    "fields": [],
    "first_name": "Daniel",
    "username": "DanielCediel"
  }
}