{
  "http_code": 200,
  "user": {
    "country": "Romania",
    "images": {
      "115": "https://mir-s3-cdn-cf.behance.net/user/115/1200219.53b378beadaa1.jpg",
      "138": "https://mir-s3-cdn-cf.behance.net/user/138/1200219.53b378beadaa1.jpg",
      "50": "https://mir-s3-cdn-cf.behance.net/user/50/1200219.53b378beadaa1.jpg"
    },
    "website": "",
    "occupation": "freelancer",
    "city": "Bucharest",
    "social_links": [],
    "last_name": "ionescu",
    "display_name": "victor ionescu",
    "url": "https://www.behance.net/victor_ionescu",
    "sections": [],
    "twitter": "",
    "created_on": 1338210155,
    "has_default_image": 0,
    "stats": {
      "followers": 20,
      "comments": 1,
      "appreciations": 89,
      "following": 20,
      "team_members": 0,
      "views": 591
    },
    "location": "Bucharest, Romania",
    "company": "",
    "links": [],
    "id": 1200219,
    "state": "",
    "fields": [
      "Illustration",
      "Fine Arts",
      "Drawing"
    ],
    "first_name": "victor",
    "username": "victor_ionescu"
  }
}