{
  "http_code": 200,
  "user": {
    "country": "United States",
    "images": {
      "100": "https://mir-s3-cdn-cf.behance.net/user/100/540dc212100263.55b58ebf4cdcf.jpg",
      "276": "https://mir-s3-cdn-cf.behance.net/user/276/540dc212100263.55b58ebf4cdcf.jpg",
      "115": "https://mir-s3-cdn-cf.behance.net/user/115/540dc212100263.55b58ebf4cdcf.jpg",
      "138": "https://mir-s3-cdn-cf.behance.net/user/138/540dc212100263.55b58ebf4cdcf.jpg",
      "50": "https://mir-s3-cdn-cf.behance.net/user/50/540dc212100263.55b58ebf4cdcf.jpg",
      "230": "https://mir-s3-cdn-cf.behance.net/user/230/540dc212100263.55b58ebf4cdcf.jpg"
    },
    "website": "",
    "occupation": "",
    "city": "",
    "social_links": [],
    "last_name": "Northcutt",
    "display_name": "Chris Northcutt",
    "url": "https://www.behance.net/chrisnorthb650",
    "sections": [],
    "twitter": "",
    "created_on": 1425656327,
    "has_default_image": 0,
    "stats": {
      "followers": 0,
      "comments": 0,
      "appreciations": 0,
      "following": 0,
      "team_members": 0,
      "views": 0
    },
    "location": "USA",
    "company": "iSALUS Healthcare",
    "links": [],
    "id": 12100263,
    "state": "",
    "fields": [],
    "first_name": "Chris",
    "username": "chrisnorthb650"
  }
}