{
  "http_code": 200,
  "user": {
    "country": "Russian Federation",
    "images": {
      "115": "https://a3.behance.net/img/profile/no-image-115.jpg?cb=2050110936",
      "138": "https://a3.behance.net/img/profile/no-image-138.jpg?cb=2050110936",
      "50": "https://a3.behance.net/img/profile/no-image-50.jpg?cb=2050110936"
    },
    "website": "",
    "occupation": "",
    "city": "",
    "social_links": [],
    "last_name": "Shikhli",
    "display_name": "Rufat Shikhli",
    "url": "https://www.behance.net/rufatshikh8fe5",
    "sections": [],
    "twitter": "",
    "created_on": 1425655921,
    "has_default_image": 1,
    "stats": {
      "followers": 0,
      "comments": 0,
      "appreciations": 0,
      "following": 0,
      "team_members": 0,
      "views": 0
    },
    "location": "Russian Federation",
    "company": "OOO SDI",
    "links": [],
    "id": 12100105,
    "state": "",
    "fields": [],
    "first_name": "Rufat",
    "username": "rufatshikh8fe5"
  }
}