{
  "http_code": 200,
  "user": {
    "country": "Singapore",
    "images": {
      "100": "https://mir-s3-cdn-cf.behance.net/user/100/9d2ea512500093.5511ac7d22c6c.jpg",
      "276": "https://mir-s3-cdn-cf.behance.net/user/276/9d2ea512500093.5511ac7d22c6c.jpg",
      "115": "https://mir-s3-cdn-cf.behance.net/user/115/9d2ea512500093.5511ac7d22c6c.jpg",
      "138": "https://mir-s3-cdn-cf.behance.net/user/138/9d2ea512500093.5511ac7d22c6c.jpg",
      "50": "https://mir-s3-cdn-cf.behance.net/user/50/9d2ea512500093.5511ac7d22c6c.jpg",
      "230": "https://mir-s3-cdn-cf.behance.net/user/230/9d2ea512500093.5511ac7d22c6c.jpg"
    },
    "website": "http://strongentle.tumblr.com/",
    "occupation": "",
    "city": "Bedok",
    "social_links": [],
    "last_name": "Xian",
    "display_name": "Rui Xian",
    "url": "https://www.behance.net/ruixian",
    "sections": {"About Me": "Hopeful young chap determined to do passion. Thinker."},
    "twitter": "",
    "created_on": 1427169828,
    "has_default_image": 0,
    "stats": {
      "followers": 1,
      "comments": 0,
      "appreciations": 7,
      "following": 2,
      "team_members": 0,
      "views": 122
    },
    "location": "Bedok, Singapore",
    "company": "",
    "links": [],
    "id": 12500093,
    "state": "",
    "fields": [
      "Illustration",
      "Crafts",
      "Drawing"
    ],
    "first_name": "Rui",
    "username": "ruixian"
  }
}