{
  "http_code": 200,
  "user": {
    "country": "Portugal",
    "images": {
      "115": "https://a3.behance.net/img/profile/no-image-115.jpg?cb=1673063716",
      "138": "https://a3.behance.net/img/profile/no-image-138.jpg?cb=1673063716",
      "50": "https://a3.behance.net/img/profile/no-image-50.jpg?cb=1673063716"
    },
    "website": "",
    "occupation": "Architect",
    "city": "Porto",
    "social_links": [],
    "last_name": "Alte",
    "display_name": "Marta Alte",
    "url": "https://www.behance.net/martadalte",
    "sections": [],
    "twitter": "",
    "created_on": 1338203584,
    "has_default_image": 1,
    "stats": {
      "followers": 0,
      "comments": 0,
      "appreciations": 2,
      "following": 0,
      "team_members": 0,
      "views": 128
    },
    "location": "Porto, Portugal",
    "company": "",
    "links": [],
    "id": 1200015,
    "state": "",
    "fields": [
      "Architecture",
      "Interior Design"
    ],
    "first_name": "Marta",
    "username": "martadalte"
  }
}