{
  "http_code": 200,
  "user": {
    "country": "Russian Federation",
    "images": {
      "115": "https://mir-s3-cdn-cf.behance.net/user/115/101640.53ab5af3d2e78.jpg",
      "138": "https://mir-s3-cdn-cf.behance.net/user/138/101640.53ab5af3d2e78.jpg",
      "50": "https://mir-s3-cdn-cf.behance.net/user/50/101640.53ab5af3d2e78.jpg"
    },
    "website": "http://",
    "occupation": "",
    "city": "Volgograd",
    "social_links": [],
    "last_name": "Ruzaev",
    "display_name": "jen Ruzaev",
    "url": "https://www.behance.net/zefir",
    "sections": [],
    "twitter": "",
    "created_on": 1240263637,
    "has_default_image": 0,
    "stats": {
      "followers": 2,
      "comments": 1,
      "appreciations": 0,
      "following": 1,
      "team_members": 0,
      "views": 0
    },
    "location": "Volgograd, Russian Federation",
    "company": "",
    "links": [],
    "id": 101640,
    "state": "",
    "fields": [],
    "first_name": "jen",
    "username": "zefir"
  }
}