{
  "http_code": 200,
  "user": {
    "country": "Germany",
    "images": {
      "115": "https://mir-s3-cdn-cf.behance.net/user/115/1200119.53b378a44d8fb.jpg",
      "138": "https://mir-s3-cdn-cf.behance.net/user/138/1200119.53b378a44d8fb.jpg",
      "50": "https://mir-s3-cdn-cf.behance.net/user/50/1200119.53b378a44d8fb.jpg"
    },
    "website": "www.annabellkutucu.com",
    "occupation": "Interior Design & Styling",
    "city": "Berlin",
    "social_links": [],
    "last_name": "Kutucu",
    "display_name": "Annabell Kutucu",
    "url": "https://www.behance.net/annabellkutucu",
    "sections": [],
    "features": [
      {
        "site": {
          "domain": "www.behance.net",
          "name": "Behance.net",
          "icon": "https://a3.behance.net/img/site/favicon.ico",
          "ribbon": {
            "image": "https://a3.behance.net/img/galleries/ribbons/1x/net.png",
            "image_2x": "https://a3.behance.net/img/galleries/ribbons/2x/net@2x.png"
          },
          "id": 1,
          "key": "net",
          "url": "http://www.behance.net"
        },
        "projects": [
          {
            "id": 14596331,
            "featured_on": 1450699201
          },
          {
            "id": 31655277,
            "featured_on": 1449662402
          }
        ]
      },
      {
        "site": {
          "app_icon": "",
          "domain": "interiordesignserved.com",
          "name": "Interior Design Served",
          "icon": "https://a3.behance.net/img/galleries/composed/interior.png",
          "ribbon": {
            "image": "https://a3.behance.net/img/galleries/ribbons/1x/interior.png",
            "image_2x": "https://a3.behance.net/img/galleries/ribbons/2x/interior@2x.png"
          },
          "id": 30,
          "key": "interior",
          "url": "http://interiordesignserved.com"
        },
        "projects": [
          {
            "id": 4056213,
            "featured_on": 1359745203
          },
          {
            "id": 13406853,
            "featured_on": 1389650403
          },
          {
            "id": 31845397,
            "featured_on": 1451935802
          },
          {
            "id": 31845869,
            "featured_on": 1453222802
          }
        ]
      }
    ],
    "twitter": "",
    "created_on": 1338206439,
    "has_default_image": 0,
    "stats": {
      "followers": 5376,
      "comments": 0,
      "appreciations": 9393,
      "following": 1,
      "team_members": 0,
      "views": 126871
    },
    "location": "Berlin, Germany",
    "company": "",
    "links": [],
    "id": 1200119,
    "state": "",
    "fields": [
      "Interior Design",
      "Art Direction",
      "Set Design"
    ],
    "first_name": "Annabell",
    "username": "annabellkutucu"
  }
}