{
  "http_code": 200,
  "user": {
    "country": "Hong Kong",
    "images": {
      "115": "https://a3.behance.net/img/profile/no-image-115.jpg?cb=2050110936",
      "138": "https://a3.behance.net/img/profile/no-image-138.jpg?cb=2050110936",
      "50": "https://a3.behance.net/img/profile/no-image-50.jpg?cb=2050110936"
    },
    "website": "",
    "occupation": "",
    "city": "Tsim Sha Tsui",
    "social_links": [],
    "last_name": "Chin",
    "display_name": "Christy Chin",
    "url": "https://www.behance.net/christychin",
    "sections": [],
    "twitter": "",
    "created_on": 1425655977,
    "has_default_image": 1,
    "stats": {
      "followers": 0,
      "comments": 0,
      "appreciations": 0,
      "following": 0,
      "team_members": 0,
      "views": 0
    },
    "location": "Tsim Sha Tsui, Hong Kong",
    "company": "",
    "links": [],
    "id": 12100127,
    "state": "",
    "fields": [],
    "first_name": "Christy",
    "username": "christychin"
  }
}