{
  "http_code": 200,
  "user": {
    "country": "United Kingdom",
    "images": {
      "115": "https://mir-s3-cdn-cf.behance.net/user/115/1200235.53b378c1d3c81.jpg",
      "138": "https://mir-s3-cdn-cf.behance.net/user/138/1200235.53b378c1d3c81.jpg",
      "50": "https://mir-s3-cdn-cf.behance.net/user/50/1200235.53b378c1d3c81.jpg"
    },
    "website": "",
    "occupation": "",
    "city": "London",
    "social_links": [{
      "social_id": 8,
      "service_name": "Pinterest",
      "value": "owa",
      "url": "http://pinterest.com/owa"
    }],
    "last_name": "Barua",
    "display_name": "Owa Barua",
    "url": "https://www.behance.net/owabarua",
    "sections": {
      "Interests": "Identity, Spirituality, Psychology, , Sociology, Quantic Science, Meditation, Sci Fi, Sexuality\n\nIDm Music, Animation, Matte painting, Stop Motion, Filmmaking, Photography, Theatre, Dance.",
      "About": "Owa Barua, originally from Paraguay, is an audiovisual artist based until recently in Barcelona.  He now begins a new chapter of his life in London. \nHe studied Audiovisual Communication at  University of U.A.A in Asuncion- Paraguay. Since then he has been shaping his art conceptually, seeing each experience as a learning process. \nOwa has developed his skills (photography, filmmaking) mostly independently, believing in the importance of being an artist with an eclectic ability. \nHe sees this fresh new stage in London as an inspirational one, in which he hopes to intensively progress in the field of filmmaking."
    },
    "twitter": "",
    "created_on": 1338210664,
    "has_default_image": 0,
    "stats": {
      "followers": 20,
      "comments": 0,
      "appreciations": 39,
      "following": 15,
      "team_members": 0,
      "views": 1226
    },
    "location": "London, United Kingdom",
    "company": "",
    "links": [{
      "title": "Las Calles Hablan ",
      "url": "http://vimeo.com/60149775"
    }],
    "id": 1200235,
    "state": "",
    "fields": [
      "Photography",
      "Digital Photography",
      "Painting"
    ],
    "first_name": "Owa",
    "username": "owabarua"
  }
}