{
  "http_code": 200,
  "user": {
    "country": "Spain",
    "images": {
      "100": "https://mir-s3-cdn-cf.behance.net/user/100/f6c05a1200163.55cb17c459e2d.jpg",
      "276": "https://mir-s3-cdn-cf.behance.net/user/276/f6c05a1200163.55cb17c459e2d.jpg",
      "115": "https://mir-s3-cdn-cf.behance.net/user/115/f6c05a1200163.55cb17c459e2d.jpg",
      "138": "https://mir-s3-cdn-cf.behance.net/user/138/f6c05a1200163.55cb17c459e2d.jpg",
      "50": "https://mir-s3-cdn-cf.behance.net/user/50/f6c05a1200163.55cb17c459e2d.jpg",
      "230": "https://mir-s3-cdn-cf.behance.net/user/230/f6c05a1200163.55cb17c459e2d.jpg"
    },
    "website": "http://rubenalgo.es",
    "occupation": "Visual artist",
    "city": "Ponferrada",
    "social_links": [
      {
        "social_id": 1,
        "service_name": "Twitter",
        "value": "Rubenalgo",
        "url": "http://twitter.com/Rubenalgo"
      },
      {
        "social_id": 7,
        "service_name": "YouTube",
        "value": "MrRubenalgo",
        "url": "http://youtube.com/MrRubenalgo"
      },
      {
        "social_id": 2,
        "service_name": "Facebook",
        "value": "rubenalgon",
        "url": "http://facebook.com/rubenalgon"
      },
      {
        "social_id": 4,
        "service_name": "LinkedIn",
        "value": "in/rubenalgo",
        "url": "http://linkedin.com/in/rubenalgo"
      }
    ],
    "last_name": "Álvarez ",
    "display_name": "Rubén Álvarez",
    "url": "https://www.behance.net/rubenalgo",
    "sections": {
      "About Me": "Hi! My name is Rubén Álvarez.\n\nI\u2018m a 23 years old self-taught visual artist based in Spain and I have specialized in creative retouch, image manipulation and matte painting.\n\nMy artwork Paradise in the future was featured on the latest version of Adobe Photoshop and also appears  Adobe Photoshop 25th anniversary \"Dream On\" which was featured during the Academy Award Oscars 2015 ceremony",
      "Contact": "If you have a project or collaboration in mind\nI'd love to hear you.\n\ncontacto@rubenalgo.es"
    },
    "twitter": "@Rubenalgo",
    "created_on": 1338208498,
    "has_default_image": 0,
    "stats": {
      "followers": 3851,
      "comments": 245,
      "appreciations": 5852,
      "following": 465,
      "team_members": 0,
      "views": 140534
    },
    "location": "Ponferrada, Spain",
    "company": "Rubenalgo ",
    "links": [
      {
        "title": "Adobe",
        "url": "http://www.adobe.com"
      },
      {
        "title": "Photoshop Product Page",
        "url": "https://www.adobe.com/es/products/photoshop.html"
      },
      {
        "title": "Photoshop 25th Anniversary Collection",
        "url": "https://www.behance.net/collection/34219297/Photoshop-25th-Anniversary"
      },
      {
        "title": "Dream On Spot ",
        "url": "https://www.youtube.com/watch?v=QmYc1MNJaQc"
      },
      {
        "title": "Adobe Blog",
        "url": "http://blogs.adobe.com/premierepro/2015/07/the-making-of-25-years-of-photoshop.html?scid=social49008076&adbid=619966162713997314&adbpl=tw&adbpr=63786611"
      },
      {
        "title": "Adobe Blog",
        "url": "http://blogs.adobe.com/creativecloud/the-making-of-25-years-of-photoshop/?scid=social49147906&adbid=621382504054784000&adbpl=tw&adbpr=481598648"
      },
      {
        "title": "Digital Masters Magazine",
        "url": "http://www.digitalmastersmag.com/magazine/understanding-color-profiles-how-to-properly-use-color-management-features-in-adobe-photoshop-cc-and-other-creative-applications/"
      },
      {
        "title": "Fotolia",
        "url": "https://blog.fotolia.com/us/2015/02/19/happy-birthday-photoshop/"
      },
      {
        "title": "Abduzeedo",
        "url": "http://ww1.abduzeedo.com.br/daily-inspiration-2103"
      },
      {
        "title": "Abduzeedo",
        "url": "http://abduzeedo.com/daily-inspiration-2084"
      },
      {
        "title": "Domestika",
        "url": "http://www.domestika.org/es/projects/132543-valley-of-silence"
      },
      {
        "title": "El confidencial",
        "url": "http://www.elconfidencial.com/multimedia/album/tecnologia/2015-02-22/las-25-imagenes-que-conmemoran-el-aniversario-de-photoshop_715675/#2"
      },
      {
        "title": "Numerik",
        "url": "http://numerik.blogspirit.com/archive/2015/06/17/paradise-in-the-future-ruben-alvarez-3050057.html"
      },
      {
        "title": "Photoshop Rockstars ",
        "url": "https://www.youtube.com/watch?v=LB9yi4q3iqI"
      },
      {
        "title": "Trucos y Consejos",
        "url": "http://disenytrucosyconsejos.blogspot.com.es/2015/12/la-nueva-pantalla-de-bienvenida-de.html?spref=fb"
      },
      {
        "title": "Creativos Online",
        "url": "http://www.creativosonline.org/blog/ruben-alvarez-el-artista-espanol-creador-este-ano-de-la-splash-screen-de-adobe-photoshop-cc-2015.html"
      },
      {
        "title": "Fotógrafo Digital",
        "url": "http://www.fotografodigital.com/articulos/todo-lo-que-se-lo-aprendi-sin-salir-de-casa-entrevista-con-ruben-alvarez-autor-de-la-imagen-de-photoshop-cc-2015/"
      }
    ],
    "id": 1200163,
    "state": "",
    "fields": [
      "Illustration",
      "Photography",
      "Digital Art"
    ],
    "first_name": "Rubén",
    "username": "rubenalgo"
  }
}