{
  "http_code": 200,
  "user": {
    "country": "",
    "images": {
      "115": "https://mir-s3-cdn-cf.behance.net/user/115/101598.53ab5ad5bd099.jpg",
      "138": "https://mir-s3-cdn-cf.behance.net/user/138/101598.53ab5ad5bd099.jpg",
      "50": "https://mir-s3-cdn-cf.behance.net/user/50/101598.53ab5ad5bd099.jpg"
    },
    "website": "",
    "occupation": "",
    "city": "",
    "social_links": [],
    "last_name": "Ebrahim",
    "display_name": "Ahmed Ebrahim",
    "url": "https://www.behance.net/ahmedebrahim",
    "sections": [],
    "twitter": "",
    "created_on": 1240238181,
    "has_default_image": 0,
    "stats": {
      "followers": 11,
      "comments": 0,
      "appreciations": 14,
      "following": 2,
      "team_members": 0,
      "views": 259
    },
    "location": "",
    "company": "",
    "links": [],
    "id": 101598,
    "state": "",
    "fields": ["Architecture"],
    "first_name": "Ahmed ",
    "username": "ahmedebrahim"
  }
}