{
  "http_code": 200,
  "user": {
    "country": "United States",
    "images": {
      "115": "https://a3.behance.net/img/profile/no-image-115.jpg?cb=939944132",
      "138": "https://a3.behance.net/img/profile/no-image-138.jpg?cb=939944132",
      "50": "https://a3.behance.net/img/profile/no-image-50.jpg?cb=939944132"
    },
    "website": "http://www.maulbeck.com",
    "occupation": "",
    "city": "Rockaway",
    "social_links": [],
    "last_name": "Maulbeck",
    "display_name": "Kevin Maulbeck",
    "url": "https://www.behance.net/maulbeck",
    "sections": [],
    "twitter": "",
    "created_on": 1240171117,
    "has_default_image": 1,
    "stats": {
      "followers": 2,
      "comments": 0,
      "appreciations": 0,
      "following": 0,
      "team_members": 0,
      "views": 0
    },
    "location": "Rockaway, NJ, USA",
    "company": "",
    "links": [],
    "id": 101531,
    "state": "New Jersey",
    "fields": [],
    "first_name": "Kevin",
    "username": "maulbeck"
  }
}