{
  "http_code": 200,
  "user": {
    "country": "United States",
    "images": {
      "100": "https://mir-s3-cdn-cf.behance.net/user/100/101587.53ab5acc4a2f0.jpg",
      "276": "https://mir-s3-cdn-cf.behance.net/user/276/101587.53ab5acc4a2f0.jpg",
      "115": "https://mir-s3-cdn-cf.behance.net/user/115/101587.53ab5acc4a2f0.jpg",
      "138": "https://mir-s3-cdn-cf.behance.net/user/138/101587.53ab5acc4a2f0.jpg",
      "50": "https://mir-s3-cdn-cf.behance.net/user/50/101587.53ab5acc4a2f0.jpg",
      "230": "https://mir-s3-cdn-cf.behance.net/user/230/101587.53ab5acc4a2f0.jpg"
    },
    "website": "http://www.rafaeljhernandez.com",
    "occupation": "UI/UX Designer",
    "city": "Chicago",
    "social_links": [
      {
        "social_id": 1,
        "service_name": "Twitter",
        "value": "rafmanship",
        "url": "http://twitter.com/rafmanship"
      },
      {
        "social_id": 4,
        "service_name": "LinkedIn",
        "value": "in/rafaeljhernandez",
        "url": "http://linkedin.com/in/rafaeljhernandez"
      },
      {
        "social_id": 3,
        "service_name": "Dribbble",
        "value": "rafmanship",
        "url": "http://dribbble.com/rafmanship"
      }
    ],
    "last_name": "Hernandez",
    "display_name": "Rafael J. Hernandez",
    "url": "https://www.behance.net/rafaeljhernandez",
    "sections": {"About": "Hello there! My name is Rafael Hernandez and I\u2019m a UI/UX designer. I have over 10 years of experience designing for print and interactive space.\n\nI love creating beautiful interfaces and executing elegant user experiences in both desktop and mobile environment."},
    "twitter": "@rafmanship",
    "created_on": 1240236435,
    "has_default_image": 0,
    "stats": {
      "followers": 22,
      "comments": 1,
      "appreciations": 14,
      "following": 9,
      "team_members": 0,
      "views": 1660
    },
    "location": "Chicago, IL, USA",
    "company": "Tangelo Studios",
    "links": [
      {
        "title": "Portfolio",
        "url": "http://www.rafaeljhernandez.com"
      },
      {
        "title": "Dribbble",
        "url": "http://wwww.dribbble.com/rafmanship"
      },
      {
        "title": "LinkedIn",
        "url": "http://www.linkedin.com/in/rafaeljhernandez"
      }
    ],
    "id": 101587,
    "state": "Illinois",
    "fields": [
      "UI/UX",
      "Web Design",
      "Interaction Design"
    ],
    "first_name": "Rafael J.",
    "username": "rafaeljhernandez"
  }
}