{
  "http_code": 200,
  "user": {
    "country": "United Kingdom",
    "images": {
      "100": "https://mir-s3-cdn-cf.behance.net/user/100/1200187.53b378b44cb83.jpg",
      "276": "https://mir-s3-cdn-cf.behance.net/user/276/1200187.53b378b44cb83.jpg",
      "115": "https://mir-s3-cdn-cf.behance.net/user/115/1200187.53b378b44cb83.jpg",
      "138": "https://mir-s3-cdn-cf.behance.net/user/138/1200187.53b378b44cb83.jpg",
      "50": "https://mir-s3-cdn-cf.behance.net/user/50/1200187.53b378b44cb83.jpg",
      "230": "https://mir-s3-cdn-cf.behance.net/user/230/1200187.53b378b44cb83.jpg"
    },
    "website": "",
    "occupation": "Artist",
    "city": "Prudhoe",
    "social_links": [{
      "social_id": 2,
      "service_name": "Facebook",
      "value": "Ami.Sylwia",
      "url": "http://facebook.com/Ami.Sylwia"
    }],
    "last_name": "Bak",
    "display_name": "Sylwia Bak",
    "url": "https://www.behance.net/SylwiaBak",
    "sections": [],
    "twitter": "",
    "created_on": 1338209225,
    "has_default_image": 0,
    "stats": {
      "followers": 6,
      "comments": 1,
      "appreciations": 8,
      "following": 2,
      "team_members": 0,
      "views": 362
    },
    "location": "Prudhoe, United Kingdom",
    "company": "",
    "links": [],
    "id": 1200187,
    "state": "",
    "fields": [
      "Digital Art",
      "Fine Arts",
      "Sculpting"
    ],
    "first_name": "Sylwia",
    "username": "SylwiaBak"
  }
}