{
  "http_code": 200,
  "user": {
    "country": "United Kingdom",
    "images": {
      "115": "https://mir-s3-cdn-cf.behance.net/user/115/101540.53ab5aac3f977.jpg",
      "138": "https://mir-s3-cdn-cf.behance.net/user/138/101540.53ab5aac3f977.jpg",
      "50": "https://mir-s3-cdn-cf.behance.net/user/50/101540.53ab5aac3f977.jpg"
    },
    "website": "http://",
    "occupation": "",
    "city": "London",
    "social_links": [],
    "last_name": "Thompson",
    "display_name": "Jamie Thompson",
    "url": "https://www.behance.net/jamiet",
    "sections": {"Where I am at": "I am a designer with 2 years industry experience working in digital agencies. I spent most of my youth in sunny North Devon, where I developed a passion for art and design. I graduated from Southampton in 2008 and moved to London that same year to work as an intern at the digital agency De-construct. Whilst there, I worked on clients such as Panasonic, The Barbican, SCA, and the Carbon Trust. \n\nAfter gaining valuable experience and having a fun filled time at de-con I joined Glue Isobar in summer 2009 where I started off as an Intern in the studio. I am now a Designer working on clients such as NatWest, RBS, Burts Bees, Kellogg's, RAC, News of the World and Woolworth's online."},
    "twitter": "",
    "created_on": 1240177509,
    "has_default_image": 0,
    "stats": {
      "followers": 17,
      "comments": 1,
      "appreciations": 87,
      "following": 7,
      "team_members": 0,
      "views": 2534
    },
    "location": "London, United Kingdom",
    "company": "",
    "links": [
      {
        "title": "My Blog",
        "url": "http://zoominandout.blogspot.com/"
      },
      {
        "title": "MTV game",
        "url": "http://sgraphics.solent.ac.uk/mtv/mtv_game.html"
      },
      {
        "title": "My You Tube",
        "url": "http://www.youtube.com/user/jamiedesign"
      }
    ],
    "id": 101540,
    "state": "",
    "fields": [
      "Graphic Design",
      "Web Design",
      "Advertising"
    ],
    "first_name": "Jamie",
    "username": "jamiet"
  }
}