{
  "http_code": 200,
  "user": {
    "country": "South Africa",
    "images": {
      "115": "https://a3.behance.net/img/profile/no-image-115.jpg?cb=1673063716",
      "138": "https://a3.behance.net/img/profile/no-image-138.jpg?cb=1673063716",
      "50": "https://a3.behance.net/img/profile/no-image-50.jpg?cb=1673063716"
    },
    "website": "www.rogueagency.co.za",
    "occupation": "ceo",
    "city": "Johannesburg",
    "social_links": [],
    "last_name": "",
    "display_name": "Brad",
    "url": "https://www.behance.net/brade181",
    "sections": [],
    "twitter": "",
    "created_on": 1338207571,
    "has_default_image": 1,
    "stats": {
      "followers": 1,
      "comments": 0,
      "appreciations": 0,
      "following": 1,
      "team_members": 0,
      "views": 0
    },
    "location": "Johannesburg, South Africa",
    "company": "Rogue Brand Agency",
    "links": [],
    "id": 1200151,
    "state": "",
    "fields": [],
    "first_name": "Brad",
    "username": "brade181"
  }
}