{
  "http_code": 200,
  "user": {
    "country": "Spain",
    "images": {
      "115": "https://mir-s3-cdn-cf.behance.net/user/115/101618.53ab5ae353700.jpg",
      "138": "https://mir-s3-cdn-cf.behance.net/user/138/101618.53ab5ae353700.jpg",
      "50": "https://mir-s3-cdn-cf.behance.net/user/50/101618.53ab5ae353700.jpg"
    },
    "website": "",
    "occupation": "",
    "city": "Madrid",
    "social_links": [{
      "social_id": 1,
      "service_name": "Twitter",
      "value": "00durga00",
      "url": "http://twitter.com/00durga00"
    }],
    "last_name": "Rodriguez",
    "display_name": "Beatriz Rodriguez",
    "url": "https://www.behance.net/00durga00",
    "sections": [],
    "twitter": "@00durga00",
    "created_on": 1240250629,
    "has_default_image": 0,
    "stats": {
      "followers": 6,
      "comments": 0,
      "appreciations": 5,
      "following": 61,
      "team_members": 0,
      "views": 81
    },
    "location": "Madrid, Spain",
    "company": "Art Director",
    "links": [],
    "id": 101618,
    "state": "",
    "fields": [
      "Art Direction",
      "Multimedia",
      "Web Design"
    ],
    "first_name": "Beatriz",
    "username": "00durga00"
  }
}