{
  "http_code": 200,
  "user": {
    "country": "Nepal",
    "images": {
      "100": "https://mir-s3-cdn-cf.behance.net/user/100/c31c971200191.55abe70b2bb4b.jpg",
      "276": "https://mir-s3-cdn-cf.behance.net/user/276/c31c971200191.55abe70b2bb4b.jpg",
      "115": "https://mir-s3-cdn-cf.behance.net/user/115/c31c971200191.55abe70b2bb4b.jpg",
      "138": "https://mir-s3-cdn-cf.behance.net/user/138/c31c971200191.55abe70b2bb4b.jpg",
      "50": "https://mir-s3-cdn-cf.behance.net/user/50/c31c971200191.55abe70b2bb4b.jpg",
      "230": "https://mir-s3-cdn-cf.behance.net/user/230/c31c971200191.55abe70b2bb4b.jpg"
    },
    "website": "www.roshanjoshi.com.np",
    "occupation": "Internet Marketing Consultant",
    "city": "Kathmandu",
    "social_links": [],
    "last_name": "Joshi",
    "display_name": "Roshan Joshi",
    "url": "https://www.behance.net/roshanjoshi",
    "sections": [],
    "twitter": "",
    "created_on": 1338209324,
    "has_default_image": 0,
    "stats": {
      "followers": 0,
      "comments": 0,
      "appreciations": 0,
      "following": 43,
      "team_members": 0,
      "views": 0
    },
    "location": "Kathmandu, Nepal",
    "company": "",
    "links": [],
    "id": 1200191,
    "state": "",
    "fields": [],
    "first_name": "Roshan",
    "username": "roshanjoshi"
  }
}