{
  "http_code": 200,
  "user": {
    "country": "Croatia",
    "images": {
      "115": "https://mir-s3-cdn-cf.behance.net/user/115/101536.53ab5aa87558f.jpg",
      "138": "https://mir-s3-cdn-cf.behance.net/user/138/101536.53ab5aa87558f.jpg",
      "50": "https://mir-s3-cdn-cf.behance.net/user/50/101536.53ab5aa87558f.jpg"
    },
    "website": "http://syda-ginger.deviantart.com",
    "occupation": "",
    "city": "Zagreb",
    "social_links": [],
    "last_name": "",
    "display_name": "Vana",
    "url": "https://www.behance.net/vanaphotography",
    "sections": [],
    "twitter": "",
    "created_on": 1240177041,
    "has_default_image": 0,
    "stats": {
      "followers": 25,
      "comments": 3,
      "appreciations": 40,
      "following": 14,
      "team_members": 0,
      "views": 1252
    },
    "location": "Zagreb, Croatia",
    "company": "",
    "links": [],
    "id": 101536,
    "state": "",
    "fields": [
      "Photography",
      "Fashion",
      "Digital Photography"
    ],
    "first_name": "Vana",
    "username": "vanaphotography"
  }
}