{
  "http_code": 200,
  "user": {
    "country": "United States",
    "images": {
      "115": "https://mir-s3-cdn-cf.behance.net/user/115/101548.53ab5ab106b2d.jpg",
      "138": "https://mir-s3-cdn-cf.behance.net/user/138/101548.53ab5ab106b2d.jpg",
      "50": "https://mir-s3-cdn-cf.behance.net/user/50/101548.53ab5ab106b2d.jpg"
    },
    "website": "http://ewsichek.com",
    "occupation": "",
    "city": "Washington",
    "social_links": [],
    "last_name": "Ewsichek",
    "display_name": "Bryan Ewsichek",
    "url": "https://www.behance.net/bryanews",
    "sections": [],
    "twitter": "",
    "created_on": 1240179239,
    "has_default_image": 0,
    "stats": {
      "followers": 35,
      "comments": 0,
      "appreciations": 137,
      "following": 10,
      "team_members": 0,
      "views": 6990
    },
    "location": "Washington, DC, USA",
    "company": "",
    "links": [],
    "id": 101548,
    "state": "District of Columbia",
    "fields": [
      "Graphic Design",
      "Print Design",
      "Illustration"
    ],
    "first_name": "Bryan",
    "username": "bryanews"
  }
}