{
  "http_code": 200,
  "user": {
    "country": "Ireland",
    "images": {
      "115": "https://mir-s3-cdn-cf.behance.net/user/115/101564.53ab5ab7c8c8f.jpg",
      "138": "https://mir-s3-cdn-cf.behance.net/user/138/101564.53ab5ab7c8c8f.jpg",
      "50": "https://mir-s3-cdn-cf.behance.net/user/50/101564.53ab5ab7c8c8f.jpg"
    },
    "website": "alan@carveon.com",
    "occupation": "Founder",
    "city": "Dublin",
    "social_links": [
      {
        "social_id": 1,
        "service_name": "Twitter",
        "value": "carvedon",
        "url": "http://twitter.com/carvedon"
      },
      {
        "social_id": 2,
        "service_name": "Facebook",
        "value": "carveon",
        "url": "http://facebook.com/carveon"
      },
      {
        "social_id": 8,
        "service_name": "Pinterest",
        "value": "CarveOn",
        "url": "http://pinterest.com/CarveOn"
      }
    ],
    "last_name": "McCormack",
    "display_name": "Alan McCormack",
    "url": "https://www.behance.net/freethreads",
    "sections": {"About Me": "- Entrepreneur \n- Designer"},
    "twitter": "@carvedon",
    "created_on": 1240216723,
    "has_default_image": 0,
    "stats": {
      "followers": 39,
      "comments": 1,
      "appreciations": 48,
      "following": 27,
      "team_members": 0,
      "views": 560
    },
    "location": "Dublin, Ireland",
    "company": "CarveOn",
    "links": [
      {
        "title": "My company website",
        "url": "http://www.carveon.com"
      },
      {
        "title": "My personal website",
        "url": "http://www.alanmccormack.com"
      }
    ],
    "id": 101564,
    "state": "",
    "fields": [
      "Product Design",
      "Entrepreneurship",
      "Branding"
    ],
    "first_name": "Alan",
    "username": "freethreads"
  }
}