{
  "http_code": 200,
  "user": {
    "country": "Australia",
    "images": {
      "115": "https://a3.behance.net/img/profile/no-image-115.jpg?cb=1673063716",
      "138": "https://a3.behance.net/img/profile/no-image-138.jpg?cb=1673063716",
      "50": "https://a3.behance.net/img/profile/no-image-50.jpg?cb=1673063716"
    },
    "website": "",
    "occupation": "Creative",
    "city": "Melbourne",
    "social_links": [],
    "last_name": "Gillett",
    "display_name": "Andrew Gillett",
    "url": "https://www.behance.net/digitalbirdy",
    "sections": [],
    "twitter": "",
    "created_on": 1338205297,
    "has_default_image": 1,
    "stats": {
      "followers": 0,
      "comments": 0,
      "appreciations": 0,
      "following": 57,
      "team_members": 0,
      "views": 5
    },
    "location": "Melbourne, Australia",
    "company": "Digital Birdy",
    "links": [],
    "id": 1200065,
    "state": "",
    "fields": [],
    "first_name": "Andrew",
    "username": "digitalbirdy"
  }
}