{
  "http_code": 200,
  "user": {
    "country": "Switzerland",
    "images": {
      "100": "https://mir-s3-cdn-cf.behance.net/user/100/cb0e2012100239.54f9caabbd865.jpg",
      "276": "https://mir-s3-cdn-cf.behance.net/user/276/cb0e2012100239.54f9caabbd865.jpg",
      "115": "https://mir-s3-cdn-cf.behance.net/user/115/cb0e2012100239.54f9caabbd865.jpg",
      "138": "https://mir-s3-cdn-cf.behance.net/user/138/cb0e2012100239.54f9caabbd865.jpg",
      "50": "https://mir-s3-cdn-cf.behance.net/user/50/cb0e2012100239.54f9caabbd865.jpg",
      "230": "https://mir-s3-cdn-cf.behance.net/user/230/cb0e2012100239.54f9caabbd865.jpg"
    },
    "website": "",
    "occupation": "",
    "city": "",
    "social_links": [],
    "last_name": "Gooijer",
    "display_name": "Merel Gooijer",
    "url": "https://www.behance.net/merelgooij3f62",
    "sections": [],
    "twitter": "",
    "created_on": 1425656263,
    "has_default_image": 0,
    "stats": {
      "followers": 0,
      "comments": 0,
      "appreciations": 0,
      "following": 0,
      "team_members": 0,
      "views": 0
    },
    "location": "Switzerland",
    "company": "",
    "links": [],
    "id": 12100239,
    "state": "",
    "fields": [],
    "first_name": "Merel",
    "username": "merelgooij3f62"
  }
}