{
  "http_code": 200,
  "user": {
    "country": "Korea, Republic of",
    "images": {
      "115": "https://a3.behance.net/img/profile/no-image-115.jpg?cb=2050110936",
      "138": "https://a3.behance.net/img/profile/no-image-138.jpg?cb=2050110936",
      "50": "https://a3.behance.net/img/profile/no-image-50.jpg?cb=2050110936"
    },
    "website": "",
    "occupation": "",
    "city": "",
    "social_links": [],
    "last_name": "박",
    "display_name": "성욱 박",
    "url": "https://www.behance.net/tjddnr543571d3",
    "sections": [],
    "twitter": "",
    "created_on": 1427169823,
    "has_default_image": 1,
    "stats": {
      "followers": 0,
      "comments": 0,
      "appreciations": 0,
      "following": 0,
      "team_members": 0,
      "views": 0
    },
    "location": "Korea, Republic of",
    "company": "",
    "links": [],
    "id": 12500089,
    "state": "",
    "fields": [],
    "first_name": "성욱",
    "username": "tjddnr543571d3"
  }
}