{
  "http_code": 200,
  "user": {
    "country": "France",
    "images": {
      "115": "https://mir-s3-cdn-cf.behance.net/user/115/101547.53ab5ab011a89.jpg",
      "138": "https://mir-s3-cdn-cf.behance.net/user/138/101547.53ab5ab011a89.jpg",
      "50": "https://mir-s3-cdn-cf.behance.net/user/50/101547.53ab5ab011a89.jpg"
    },
    "website": "http://ermsy.com",
    "occupation": "",
    "city": "Paris",
    "social_links": [
      {
        "social_id": 6,
        "service_name": "Flickr",
        "value": "ermone",
        "url": "http://flickr.com/ermone"
      },
      {
        "social_id": 2,
        "service_name": "Facebook",
        "value": "ermsy",
        "url": "http://facebook.com/ermsy"
      }
    ],
    "last_name": "",
    "display_name": "Ermsy",
    "url": "https://www.behance.net/ermsy",
    "sections": {"About": "Erms is an artist and graphic designer based in Paris, France."},
    "twitter": "",
    "created_on": 1240179182,
    "has_default_image": 0,
    "stats": {
      "followers": 17,
      "comments": 0,
      "appreciations": 35,
      "following": 1,
      "team_members": 0,
      "views": 854
    },
    "location": "Paris, France",
    "company": "",
    "links": [{
      "title": "Graffiti Art / Graffiti Canvases",
      "url": "http://www.ermsy.com"
    }],
    "id": 101547,
    "state": "",
    "fields": [
      "Graffiti",
      "Graphic Design",
      "Fashion"
    ],
    "first_name": "Ermsy",
    "username": "ermsy"
  }
}