{
  "http_code": 200,
  "user": {
    "country": "United States",
    "images": {
      "115": "https://mir-s3-cdn-cf.behance.net/user/115/101529.53ab5a4119767.jpg",
      "138": "https://mir-s3-cdn-cf.behance.net/user/138/101529.53ab5a4119767.jpg",
      "50": "https://mir-s3-cdn-cf.behance.net/user/50/101529.53ab5a4119767.jpg"
    },
    "website": "http://www.paintsculptress.com",
    "occupation": "",
    "city": "Atlanta",
    "social_links": [],
    "last_name": "Kachidza",
    "display_name": "Mucha Kachidza",
    "url": "https://www.behance.net/muchakachidza",
    "sections": [],
    "twitter": "",
    "created_on": 1240169440,
    "has_default_image": 0,
    "stats": {
      "followers": 2,
      "comments": 0,
      "appreciations": 0,
      "following": 0,
      "team_members": 0,
      "views": 0
    },
    "location": "Atlanta, GA, USA",
    "company": "Art of Mucha Kachidza, PaintSculptress",
    "links": [
      {
        "title": "Art of Mucha Kachidza, PaintSculptress",
        "url": "http://www.paintsculptress.com"
      },
      {
        "title": "Mucha Kachidza/AmbushArts",
        "url": "http://www.ambusharts.com/MuchaKachidza"
      },
      {
        "title": "PaintSculptress on deviantART",
        "url": "http://paintsculptress.deviantart.com/"
      },
      {
        "title": "GirlShapes University",
        "url": "http://girlshapesuniversity.com/page/artist_Kachidza.html"
      },
      {
        "title": "Mucha Kachidza's page - ONEwithIT ",
        "url": "http://www.onewithit.com/profile/MuchaKachidza"
      }
    ],
    "id": 101529,
    "state": "Georgia",
    "fields": [],
    "first_name": "Mucha",
    "username": "muchakachidza"
  }
}