{
  "http_code": 200,
  "user": {
    "country": "Malaysia",
    "images": {
      "100": "https://mir-s3-cdn-cf.behance.net/user/100/84766f12100163.560d4b41d1892.jpg",
      "276": "https://mir-s3-cdn-cf.behance.net/user/276/84766f12100163.560d4b41d1892.jpg",
      "115": "https://mir-s3-cdn-cf.behance.net/user/115/84766f12100163.560d4b41d1892.jpg",
      "138": "https://mir-s3-cdn-cf.behance.net/user/138/84766f12100163.560d4b41d1892.jpg",
      "50": "https://mir-s3-cdn-cf.behance.net/user/50/84766f12100163.560d4b41d1892.jpg",
      "230": "https://mir-s3-cdn-cf.behance.net/user/230/84766f12100163.560d4b41d1892.jpg"
    },
    "website": "",
    "occupation": "",
    "city": "",
    "social_links": [],
    "last_name": "Xavier",
    "display_name": "Ameliaa Xavier",
    "url": "https://www.behance.net/preciouzmo48de",
    "sections": [],
    "twitter": "",
    "created_on": 1425656129,
    "has_default_image": 0,
    "stats": {
      "followers": 0,
      "comments": 0,
      "appreciations": 0,
      "following": 0,
      "team_members": 0,
      "views": 0
    },
    "location": "Malaysia",
    "company": "",
    "links": [],
    "id": 12100163,
    "state": "",
    "fields": [],
    "first_name": "Ameliaa",
    "username": "preciouzmo48de"
  }
}