{
  "http_code": 200,
  "user": {
    "country": "",
    "images": {
      "115": "https://a3.behance.net/img/profile/no-image-115.jpg?cb=1673063716",
      "138": "https://a3.behance.net/img/profile/no-image-138.jpg?cb=1673063716",
      "50": "https://a3.behance.net/img/profile/no-image-50.jpg?cb=1673063716"
    },
    "website": "",
    "occupation": "Chalk drawings for DnA",
    "city": "",
    "social_links": [],
    "last_name": "Choudhury",
    "display_name": "Atif Choudhury",
    "url": "https://www.behance.net/atifdc5a",
    "sections": [],
    "twitter": "",
    "created_on": 1338210571,
    "has_default_image": 1,
    "stats": {
      "followers": 0,
      "comments": 0,
      "appreciations": 0,
      "following": 0,
      "team_members": 0,
      "views": 0
    },
    "location": "",
    "company": "",
    "links": [],
    "id": 1200229,
    "state": "",
    "fields": [],
    "first_name": "Atif",
    "username": "atifdc5a"
  }
}