{
  "http_code": 200,
  "user": {
    "country": "United Kingdom",
    "images": {
      "100": "https://mir-s3-cdn-cf.behance.net/user/100/101592.54aebac316eed.jpg",
      "276": "https://mir-s3-cdn-cf.behance.net/user/276/101592.54aebac316eed.jpg",
      "115": "https://mir-s3-cdn-cf.behance.net/user/115/101592.54aebac316eed.jpg",
      "138": "https://mir-s3-cdn-cf.behance.net/user/138/101592.54aebac316eed.jpg",
      "50": "https://mir-s3-cdn-cf.behance.net/user/50/101592.54aebac316eed.jpg",
      "230": "https://mir-s3-cdn-cf.behance.net/user/230/101592.54aebac316eed.jpg"
    },
    "website": "http://www.blu72.com",
    "occupation": "Creative Director",
    "city": "Nottingham",
    "social_links": [
      {
        "social_id": 1,
        "service_name": "Twitter",
        "value": "BLU_72_Creative",
        "url": "http://twitter.com/BLU_72_Creative"
      },
      {
        "social_id": 2,
        "service_name": "Facebook",
        "value": "Blu72Design",
        "url": "http://facebook.com/Blu72Design"
      },
      {
        "social_id": 10,
        "service_name": "Google+",
        "value": "+Blu72Creative-Nottingham",
        "url": "http://plus.google.com/+Blu72Creative-Nottingham"
      }
    ],
    "last_name": "Leary",
    "display_name": "Mark Leary",
    "url": "https://www.behance.net/blu72",
    "sections": {"About us": "BLU:72 Creative is a Nottingham based graphic design agency specialising in logo design, branding and web design.\n\nWe can design and produce any kind of promotional item, literature or publication, such as: brochures, annual reports, leaflets, flyers, prospectuses, pull-up banners, logos, stationery, ad campaigns, packaging and websites.\n\nWe've been making other businesses 'better looking' since 2001. To see more examples of how we've done this, please visit the Portfolio section of our website."},
    "twitter": "@BLU_72_Creative",
    "created_on": 1240237331,
    "has_default_image": 0,
    "stats": {
      "followers": 23,
      "comments": 3,
      "appreciations": 78,
      "following": 39,
      "team_members": 0,
      "views": 6370
    },
    "location": "Nottingham, United Kingdom",
    "company": "BLU:72 Creative",
    "links": [
      {
        "title": "BLU:72 Creative - Main Website",
        "url": "http://www.blu72.com"
      },
      {
        "title": "Godwin Developments",
        "url": "http://www.blu72.com/godwin_docs/godwin.html"
      },
      {
        "title": "Promo site for MINI",
        "url": "http://www.blu72.com/mini.html"
      }
    ],
    "id": 101592,
    "state": "",
    "fields": [
      "Graphic Design",
      "Multimedia"
    ],
    "first_name": "Mark",
    "username": "blu72"
  }
}