{
  "http_code": 200,
  "user": {
    "country": "Netherlands",
    "images": {
      "115": "https://mir-s3-cdn-cf.behance.net/user/115/101523.53ab5a3d5594f.jpg",
      "138": "https://mir-s3-cdn-cf.behance.net/user/138/101523.53ab5a3d5594f.jpg",
      "50": "https://mir-s3-cdn-cf.behance.net/user/50/101523.53ab5a3d5594f.jpg"
    },
    "website": "http://www.academyforthegifted.com/",
    "occupation": "",
    "city": "Rotterdam",
    "social_links": [],
    "last_name": "",
    "display_name": "Academy for the Gifted",
    "url": "https://www.behance.net/academyforthegifted",
    "sections": [],
    "twitter": "",
    "created_on": 1240167614,
    "has_default_image": 0,
    "stats": {
      "followers": 2,
      "comments": 0,
      "appreciations": 0,
      "following": 0,
      "team_members": 0,
      "views": 0
    },
    "location": "Rotterdam, Netherlands",
    "company": "Academy for the Gifted",
    "links": [{
      "title": "Academy for the Gifted",
      "url": "http://www.academyforthegifted.com/"
    }],
    "id": 101523,
    "state": "",
    "fields": [],
    "first_name": "Academy for the Gifted",
    "username": "academyforthegifted"
  }
}