{
  "http_code": 200,
  "user": {
    "country": "United States",
    "images": {
      "115": "https://a3.behance.net/img/profile/no-image-115.jpg?cb=2050110936",
      "138": "https://a3.behance.net/img/profile/no-image-138.jpg?cb=2050110936",
      "50": "https://a3.behance.net/img/profile/no-image-50.jpg?cb=2050110936"
    },
    "website": "",
    "occupation": "Draftsman and Verizon Wireless ",
    "city": "St. Petersburg",
    "social_links": [],
    "last_name": "Rai",
    "display_name": "Kevin Rai",
    "url": "https://www.behance.net/lavishconc1b9d",
    "sections": [],
    "twitter": "",
    "created_on": 1427169956,
    "has_default_image": 1,
    "stats": {
      "followers": 0,
      "comments": 0,
      "appreciations": 0,
      "following": 3,
      "team_members": 0,
      "views": 0
    },
    "location": "St. Petersburg, FL, USA",
    "company": "",
    "links": [],
    "id": 12500129,
    "state": "Florida",
    "fields": [],
    "first_name": "Kevin",
    "username": "lavishconc1b9d"
  }
}