{
  "http_code": 200,
  "user": {
    "country": "Colombia",
    "images": {
      "115": "https://a3.behance.net/img/profile/no-image-115.jpg?cb=2050110936",
      "138": "https://a3.behance.net/img/profile/no-image-138.jpg?cb=2050110936",
      "50": "https://a3.behance.net/img/profile/no-image-50.jpg?cb=2050110936"
    },
    "website": "",
    "occupation": "",
    "city": "",
    "social_links": [],
    "last_name": "rodriguez",
    "display_name": "karen rodriguez",
    "url": "https://www.behance.net/kren08starcb47",
    "sections": [],
    "twitter": "",
    "created_on": 1427169891,
    "has_default_image": 1,
    "stats": {
      "followers": 0,
      "comments": 0,
      "appreciations": 0,
      "following": 0,
      "team_members": 0,
      "views": 0
    },
    "location": "Colombia",
    "company": "",
    "links": [],
    "id": 12500107,
    "state": "",
    "fields": [],
    "first_name": "karen",
    "username": "kren08starcb47"
  }
}