{
  "http_code": 200,
  "user": {
    "country": "Germany",
    "images": {
      "100": "https://mir-s3-cdn-cf.behance.net/user/100/4a401912100247.54f9daf3d6bcc.jpg",
      "276": "https://mir-s3-cdn-cf.behance.net/user/276/4a401912100247.54f9daf3d6bcc.jpg",
      "115": "https://mir-s3-cdn-cf.behance.net/user/115/4a401912100247.54f9daf3d6bcc.jpg",
      "138": "https://mir-s3-cdn-cf.behance.net/user/138/4a401912100247.54f9daf3d6bcc.jpg",
      "50": "https://mir-s3-cdn-cf.behance.net/user/50/4a401912100247.54f9daf3d6bcc.jpg",
      "230": "https://mir-s3-cdn-cf.behance.net/user/230/4a401912100247.54f9daf3d6bcc.jpg"
    },
    "website": "www.willing-holtz.de",
    "occupation": "Photography",
    "city": "Hamburg",
    "social_links": [{
      "social_id": 2,
      "service_name": "Facebook",
      "value": "Willing-Holtz",
      "url": "http://facebook.com/Willing-Holtz"
    }],
    "last_name": "Holtz",
    "display_name": "Willing Holtz",
    "url": "https://www.behance.net/Willing-Holtz",
    "sections": [],
    "twitter": "",
    "created_on": 1425656282,
    "has_default_image": 0,
    "stats": {
      "followers": 2,
      "comments": 0,
      "appreciations": 7,
      "following": 8,
      "team_members": 0,
      "views": 45
    },
    "location": "Hamburg, Germany",
    "company": "",
    "links": [],
    "id": 12100247,
    "state": "",
    "fields": [
      "Photography",
      "Architecture"
    ],
    "first_name": "Willing",
    "username": "Willing-Holtz"
  }
}