{
  "http_code": 200,
  "user": {
    "country": "Poland",
    "images": {
      "115": "https://mir-s3-cdn-cf.behance.net/user/115/101522.53ab5a3c99b3e.jpg",
      "138": "https://mir-s3-cdn-cf.behance.net/user/138/101522.53ab5a3c99b3e.jpg",
      "50": "https://mir-s3-cdn-cf.behance.net/user/50/101522.53ab5a3c99b3e.jpg"
    },
    "website": "http://www.pastyrczyk.com",
    "occupation": "",
    "city": "Lodz",
    "social_links": [],
    "last_name": "Pastyrczyk",
    "display_name": "Tomasz Pastyrczyk",
    "url": "https://www.behance.net/pastyrczyk",
    "sections": [],
    "twitter": "",
    "created_on": 1240166762,
    "has_default_image": 0,
    "stats": {
      "followers": 6,
      "comments": 0,
      "appreciations": 6,
      "following": 3,
      "team_members": 0,
      "views": 270
    },
    "location": "Lodz, Poland",
    "company": "",
    "links": [{
      "title": "My Photoblog",
      "url": "http://negatyw.blogspot.com/"
    }],
    "id": 101522,
    "state": "",
    "fields": [
      "Documentary",
      "Photography",
      "Landscape Design"
    ],
    "first_name": "Tomasz",
    "username": "pastyrczyk"
  }
}