{
  "http_code": 200,
  "user": {
    "country": "Spain",
    "images": {
      "115": "https://a3.behance.net/img/profile/no-image-115.jpg?cb=1673063716",
      "138": "https://a3.behance.net/img/profile/no-image-138.jpg?cb=1673063716",
      "50": "https://a3.behance.net/img/profile/no-image-50.jpg?cb=1673063716"
    },
    "website": "www.danielmoreno.org",
    "occupation": "Developer",
    "city": "Cardedeu",
    "social_links": [],
    "last_name": "Moreno",
    "display_name": "Daniel Moreno",
    "url": "https://www.behance.net/xinxan8477f2",
    "sections": [],
    "twitter": "",
    "created_on": 1338203873,
    "has_default_image": 1,
    "stats": {
      "followers": 0,
      "comments": 0,
      "appreciations": 0,
      "following": 1,
      "team_members": 0,
      "views": 0
    },
    "location": "Cardedeu, Spain",
    "company": "",
    "links": [],
    "id": 1200023,
    "state": "",
    "fields": [],
    "first_name": "Daniel",
    "username": "xinxan8477f2"
  }
}