{
  "http_code": 200,
  "user": {
    "country": "Poland",
    "images": {
      "100": "https://mir-s3-cdn-cf.behance.net/user/100/101544.546cfde5c6303.jpg",
      "276": "https://mir-s3-cdn-cf.behance.net/user/276/101544.546cfde5c6303.jpg",
      "115": "https://mir-s3-cdn-cf.behance.net/user/115/101544.546cfde5c6303.jpg",
      "138": "https://mir-s3-cdn-cf.behance.net/user/138/101544.546cfde5c6303.jpg",
      "50": "https://mir-s3-cdn-cf.behance.net/user/50/101544.546cfde5c6303.jpg",
      "230": "https://mir-s3-cdn-cf.behance.net/user/230/101544.546cfde5c6303.jpg"
    },
    "website": "http://www.emifiedorowicz.com/",
    "occupation": "",
    "city": "Warsaw",
    "social_links": [
      {
        "social_id": 4,
        "service_name": "LinkedIn",
        "value": "pub/emilia-fiedorowicz/37/888/b1",
        "url": "http://linkedin.com/pub/emilia-fiedorowicz/37/888/b1"
      },
      {
        "social_id": 2,
        "service_name": "Facebook",
        "value": "emifiedorowiczcom",
        "url": "http://facebook.com/emifiedorowiczcom"
      },
      {
        "social_id": 1,
        "service_name": "Twitter",
        "value": "emifiedorowicz",
        "url": "http://twitter.com/emifiedorowicz"
      },
      {
        "social_id": 8,
        "service_name": "Pinterest",
        "value": "emifiedorowicz/branding-and-typography/",
        "url": "http://pinterest.com/emifiedorowicz/branding-and-typography/"
      }
    ],
    "last_name": "Fiedorowicz",
    "display_name": "Emilia Fiedorowicz",
    "url": "https://www.behance.net/waniliowa",
    "sections": {
      "Exhibitions": "13.04-10.06. 2012, Szczecin, POLAND Pomeranian Dukes Castle, Polish Poster Exhibition\n\n15-30.06.2011, Szczecin, POLAND Avenue of Fountains, Poster Exhibition\n\n14.10.2011, Brussels, BELGIUM Commitee of the Region, Polish Poster Exhibition\n\n08.2009, Cieszyn, POLAND Castle of Cieszyn, In 80 Typographers Around The World Exhibition\n\n\ncurrently living & looking for a full-time job in Manchester",
      "Publications & Features": "Logo Talk Album,  2010\nInternational Design Yearbook, 2011\nInternational Design Yearbook, 2012\n\n\nfeatured on brandingserved.com\nfeatured on typographyserved.com\nfeatured on 360indesign.com\nfeatured on graphicbirdwatching.com\nfeatured on vi21.cn\nfeatured on vectronaut.net\nfeatured on many design blogs",
      "About": "Graphic designer with broad experience in fields of graphic design, webdesign, brand design\n\nClients: Intel, Morliny, Bank BPH, Hotel Mercury, Dalmore Whisky, Radisson SAS, SGI, TRT Television, MedInternals, GunnarGuldsmed, Desto, Touareg Raylle, DaVinci Capital, Expert Estate, Teichert & Partners, Safi Studio, Contrast Furniture, Arskom Lab, Mottowear, Baby Cafe, Sylwia Majdan, Legends Personal Training, finelog"
    },
    "features": [
      {
        "site": {
          "app_icon": "",
          "domain": "typographyserved.com",
          "name": "Typography Served",
          "icon": "https://a3.behance.net/img/galleries/composed/typography.png",
          "ribbon": {
            "image": "https://a3.behance.net/img/galleries/ribbons/1x/typography.png",
            "image_2x": "https://a3.behance.net/img/galleries/ribbons/2x/typography@2x.png"
          },
          "id": 3,
          "key": "typography",
          "url": "http://typographyserved.com"
        },
        "projects": [{
          "id": 237580,
          "featured_on": 1245958201
        }]
      },
      {
        "site": {
          "app_icon": "",
          "domain": "brandingserved.com",
          "name": "Branding Served",
          "icon": "https://a3.behance.net/img/galleries/composed/branding.png",
          "ribbon": {
            "image": "https://a3.behance.net/img/galleries/ribbons/1x/branding.png",
            "image_2x": "https://a3.behance.net/img/galleries/ribbons/2x/branding@2x.png"
          },
          "id": 29,
          "key": "branding",
          "url": "http://brandingserved.com"
        },
        "projects": [
          {
            "id": 237580,
            "featured_on": 1287363601
          },
          {
            "id": 292399,
            "featured_on": 1292049004
          }
        ]
      }
    ],
    "twitter": "@emifiedorowicz",
    "created_on": 1240178125,
    "has_default_image": 0,
    "stats": {
      "followers": 1507,
      "comments": 2337,
      "appreciations": 3860,
      "following": 655,
      "team_members": 0,
      "views": 78376
    },
    "location": "Warsaw, Poland",
    "company": "",
    "links": [{
      "title": "P O R T F O L I O",
      "url": "http://www.emifiedorowicz.com"
    }],
    "id": 101544,
    "state": "",
    "fields": [
      "Branding",
      "Graphic Design",
      "Typography"
    ],
    "first_name": "Emilia",
    "username": "waniliowa"
  }
}