{
  "http_code": 200,
  "user": {
    "country": "United States",
    "images": {
      "115": "https://mir-s3-cdn-cf.behance.net/user/115/101597.53ab5ad4e43b7.jpg",
      "138": "https://mir-s3-cdn-cf.behance.net/user/138/101597.53ab5ad4e43b7.jpg",
      "50": "https://mir-s3-cdn-cf.behance.net/user/50/101597.53ab5ad4e43b7.jpg"
    },
    "website": "http://",
    "occupation": "",
    "city": "Hagerstown",
    "social_links": [],
    "last_name": "Brown",
    "display_name": "Brenda Brown",
    "url": "https://www.behance.net/fyrebrand",
    "sections": [],
    "twitter": "",
    "created_on": 1240238053,
    "has_default_image": 0,
    "stats": {
      "followers": 1,
      "comments": 0,
      "appreciations": 0,
      "following": 0,
      "team_members": 0,
      "views": 0
    },
    "location": "Hagerstown, MD, USA",
    "company": "Fyrebrand Designs",
    "links": [],
    "id": 101597,
    "state": "Maryland",
    "fields": [],
    "first_name": "Brenda",
    "username": "fyrebrand"
  }
}