{
  "http_code": 200,
  "user": {
    "country": "Brazil",
    "images": {
      "115": "https://a3.behance.net/img/profile/no-image-115.jpg?cb=1673063716",
      "138": "https://a3.behance.net/img/profile/no-image-138.jpg?cb=1673063716",
      "50": "https://a3.behance.net/img/profile/no-image-50.jpg?cb=1673063716"
    },
    "website": "",
    "occupation": "Web Design",
    "city": "Fortaleza",
    "social_links": [],
    "last_name": "Costa",
    "display_name": "Rafael Costa",
    "url": "https://www.behance.net/rafaelcosta",
    "sections": [],
    "twitter": "",
    "created_on": 1338206205,
    "has_default_image": 1,
    "stats": {
      "followers": 2,
      "comments": 0,
      "appreciations": 0,
      "following": 0,
      "team_members": 0,
      "views": 0
    },
    "location": "Fortaleza, Brazil",
    "company": "",
    "links": [],
    "id": 1200111,
    "state": "",
    "fields": [],
    "first_name": "Rafael",
    "username": "rafaelcosta"
  }
}