{
  "http_code": 200,
  "user": {
    "country": "France",
    "images": {
      "115": "https://a3.behance.net/img/profile/no-image-115.jpg?cb=1673063716",
      "138": "https://a3.behance.net/img/profile/no-image-138.jpg?cb=1673063716",
      "50": "https://a3.behance.net/img/profile/no-image-50.jpg?cb=1673063716"
    },
    "website": "",
    "occupation": "Designer graphique",
    "city": "Lyon",
    "social_links": [],
    "last_name": "LEHÉRISSIER",
    "display_name": "François LEHÉRISSIER",
    "url": "https://www.behance.net/fleherissier",
    "sections": [],
    "twitter": "",
    "created_on": 1338203814,
    "has_default_image": 1,
    "stats": {
      "followers": 0,
      "comments": 0,
      "appreciations": 0,
      "following": 0,
      "team_members": 0,
      "views": 17
    },
    "location": "Lyon, France",
    "company": "",
    "links": [],
    "id": 1200021,
    "state": "",
    "fields": ["Photography"],
    "first_name": "François",
    "username": "fleherissier"
  }
}