{
  "http_code": 200,
  "user": {
    "country": "France",
    "images": {
      "100": "https://mir-s3-cdn-cf.behance.net/user/100/101590.53ab5acf3e7ef.jpg",
      "276": "https://mir-s3-cdn-cf.behance.net/user/276/101590.53ab5acf3e7ef.jpg",
      "115": "https://mir-s3-cdn-cf.behance.net/user/115/101590.53ab5acf3e7ef.jpg",
      "138": "https://mir-s3-cdn-cf.behance.net/user/138/101590.53ab5acf3e7ef.jpg",
      "50": "https://mir-s3-cdn-cf.behance.net/user/50/101590.53ab5acf3e7ef.jpg",
      "230": "https://mir-s3-cdn-cf.behance.net/user/230/101590.53ab5acf3e7ef.jpg"
    },
    "website": "http://www.linkedin.com/pub/guillaume-lartigue/20/840/978",
    "occupation": "DC / Concepteur hybride",
    "city": "Paris",
    "social_links": [
      {
        "social_id": 4,
        "service_name": "LinkedIn",
        "value": "pub/guillaume-lartigue/20/840/978",
        "url": "http://linkedin.com/pub/guillaume-lartigue/20/840/978"
      },
      {
        "social_id": 2,
        "service_name": "Facebook",
        "value": "lartigue",
        "url": "http://facebook.com/lartigue"
      },
      {
        "social_id": 1,
        "service_name": "Twitter",
        "value": "yaum",
        "url": "http://twitter.com/yaum"
      }
    ],
    "last_name": "lartigue",
    "display_name": "guillaume lartigue",
    "url": "https://www.behance.net/lartigue",
    "sections": [],
    "features": [{
      "site": {
        "app_icon": "",
        "domain": "advertisingserved.com",
        "name": "Advertising Served",
        "icon": "https://a3.behance.net/img/galleries/composed/promotion.png",
        "ribbon": {
          "image": "https://a3.behance.net/img/galleries/ribbons/1x/promotion.png",
          "image_2x": "https://a3.behance.net/img/galleries/ribbons/2x/promotion@2x.png"
        },
        "id": 16,
        "key": "promotion",
        "url": "http://advertisingserved.com"
      },
      "projects": [
        {
          "id": 739942,
          "featured_on": 1348444801
        },
        {
          "id": 737788,
          "featured_on": 1350586802
        }
      ]
    }],
    "twitter": "@yaum",
    "created_on": 1240236971,
    "has_default_image": 0,
    "stats": {
      "followers": 28,
      "comments": 0,
      "appreciations": 122,
      "following": 6,
      "team_members": 0,
      "views": 6547
    },
    "location": "Paris, France",
    "company": "",
    "links": [],
    "id": 101590,
    "state": "",
    "fields": [
      "Advertising",
      "Art Direction",
      "Film"
    ],
    "first_name": "guillaume",
    "username": "lartigue"
  }
}