{
  "http_code": 200,
  "user": {
    "country": "India",
    "images": {
      "115": "https://a3.behance.net/img/profile/no-image-115.jpg?cb=1673063716",
      "138": "https://a3.behance.net/img/profile/no-image-138.jpg?cb=1673063716",
      "50": "https://a3.behance.net/img/profile/no-image-50.jpg?cb=1673063716"
    },
    "website": "",
    "occupation": "Interior designer",
    "city": "Pune",
    "social_links": [],
    "last_name": "",
    "display_name": "sagar sarda",
    "url": "https://www.behance.net/cubeinteriorspunefae",
    "sections": [],
    "twitter": "",
    "created_on": 1338207208,
    "has_default_image": 1,
    "stats": {
      "followers": 0,
      "comments": 0,
      "appreciations": 0,
      "following": 2,
      "team_members": 0,
      "views": 0
    },
    "location": "Pune, India",
    "company": "Cube Interiors",
    "links": [],
    "id": 1200141,
    "state": "",
    "fields": [],
    "first_name": "sagar sarda",
    "username": "cubeinteriorspunefae"
  }
}