{
  "http_code": 200,
  "user": {
    "country": "United States",
    "images": {
      "115": "https://mir-s3-cdn-cf.behance.net/user/115/101603.53ab5ad9910ca.jpg",
      "138": "https://mir-s3-cdn-cf.behance.net/user/138/101603.53ab5ad9910ca.jpg",
      "50": "https://mir-s3-cdn-cf.behance.net/user/50/101603.53ab5ad9910ca.jpg"
    },
    "website": "http://www.stylecaster.com",
    "occupation": "",
    "city": "New York",
    "social_links": [],
    "last_name": "meg.cuna@stylecaster.com",
    "display_name": "Meg meg.cuna@stylecaster.com",
    "url": "https://www.behance.net/MegCuna",
    "sections": [],
    "twitter": "",
    "created_on": 1240240064,
    "has_default_image": 0,
    "stats": {
      "followers": 1,
      "comments": 0,
      "appreciations": 0,
      "following": 0,
      "team_members": 0,
      "views": 0
    },
    "location": "New York, NY, USA",
    "company": "",
    "links": [],
    "id": 101603,
    "state": "New York",
    "fields": [],
    "first_name": "Meg",
    "username": "MegCuna"
  }
}