{
  "http_code": 200,
  "user": {
    "country": "Russian Federation",
    "images": {
      "115": "https://mir-s3-cdn-cf.behance.net/user/115/101581.53ab5ac73866a.gif",
      "138": "https://mir-s3-cdn-cf.behance.net/user/138/101581.53ab5ac73866a.gif",
      "50": "https://mir-s3-cdn-cf.behance.net/user/50/101581.53ab5ac73866a.gif"
    },
    "website": "http://surfstyle.ru",
    "occupation": "",
    "city": "Moscow",
    "social_links": [],
    "last_name": "Malakhov",
    "display_name": "Alexey Malakhov",
    "url": "https://www.behance.net/Surfstyle",
    "sections": [],
    "twitter": "",
    "created_on": 1240234913,
    "has_default_image": 0,
    "stats": {
      "followers": 66,
      "comments": 48,
      "appreciations": 89,
      "following": 64,
      "team_members": 0,
      "views": 1433
    },
    "location": "Moscow, Russian Federation",
    "company": "",
    "links": [],
    "id": 101581,
    "state": "",
    "fields": [
      "Web Design",
      "Advertising",
      "Packaging"
    ],
    "first_name": "Alexey",
    "username": "Surfstyle"
  }
}