{
  "http_code": 200,
  "user": {
    "country": "Philippines",
    "images": {
      "115": "https://a3.behance.net/img/profile/no-image-115.jpg?cb=1673063716",
      "138": "https://a3.behance.net/img/profile/no-image-138.jpg?cb=1673063716",
      "50": "https://a3.behance.net/img/profile/no-image-50.jpg?cb=1673063716"
    },
    "website": "",
    "occupation": "",
    "city": "Quezon City",
    "social_links": [],
    "last_name": "ogawa",
    "display_name": "yuki ogawa",
    "url": "https://www.behance.net/scandal-tomomi",
    "sections": [],
    "twitter": "",
    "created_on": 1338211595,
    "has_default_image": 1,
    "stats": {
      "followers": 0,
      "comments": 0,
      "appreciations": 0,
      "following": 7,
      "team_members": 0,
      "views": 0
    },
    "location": "Quezon City, Philippines",
    "company": "",
    "links": [],
    "id": 1200257,
    "state": "",
    "fields": [],
    "first_name": "yuki",
    "username": "scandal-tomomi"
  }
}