{
  "http_code": 200,
  "user": {
    "country": "United States",
    "images": {
      "100": "https://mir-s3-cdn-cf.behance.net/user/100/79c2ad12500065.5516f52b199b4.jpg",
      "276": "https://mir-s3-cdn-cf.behance.net/user/276/79c2ad12500065.5516f52b199b4.jpg",
      "115": "https://mir-s3-cdn-cf.behance.net/user/115/79c2ad12500065.5516f52b199b4.jpg",
      "138": "https://mir-s3-cdn-cf.behance.net/user/138/79c2ad12500065.5516f52b199b4.jpg",
      "50": "https://mir-s3-cdn-cf.behance.net/user/50/79c2ad12500065.5516f52b199b4.jpg",
      "230": "https://mir-s3-cdn-cf.behance.net/user/230/79c2ad12500065.5516f52b199b4.jpg"
    },
    "website": "",
    "occupation": "",
    "city": "",
    "social_links": [],
    "last_name": "Dawn",
    "display_name": "Ashley Dawn",
    "url": "https://www.behance.net/purepeaceac60b",
    "sections": [],
    "twitter": "",
    "created_on": 1427169722,
    "has_default_image": 0,
    "stats": {
      "followers": 0,
      "comments": 0,
      "appreciations": 0,
      "following": 0,
      "team_members": 0,
      "views": 0
    },
    "location": "USA",
    "company": "AD3H",
    "links": [],
    "id": 12500065,
    "state": "",
    "fields": [],
    "first_name": "Ashley",
    "username": "purepeaceac60b"
  }
}