{
  "http_code": 200,
  "user": {
    "country": "United States",
    "images": {
      "115": "https://a3.behance.net/img/profile/no-image-115.jpg?cb=939944132",
      "138": "https://a3.behance.net/img/profile/no-image-138.jpg?cb=939944132",
      "50": "https://a3.behance.net/img/profile/no-image-50.jpg?cb=939944132"
    },
    "website": "http://",
    "occupation": "",
    "city": "Los Angeles",
    "social_links": [],
    "last_name": "Nakari",
    "display_name": "Al Nakari",
    "url": "https://www.behance.net/alnakari",
    "sections": [],
    "twitter": "",
    "created_on": 1240251967,
    "has_default_image": 1,
    "stats": {
      "followers": 1,
      "comments": 0,
      "appreciations": 0,
      "following": 0,
      "team_members": 0,
      "views": 0
    },
    "location": "Los Angeles, CA, USA",
    "company": "",
    "links": [],
    "id": 101623,
    "state": "California",
    "fields": [],
    "first_name": "Al",
    "username": "alnakari"
  }
}