{
  "http_code": 200,
  "user": {
    "country": "New Zealand",
    "images": {
      "115": "https://mir-s3-cdn-cf.behance.net/user/115/1200105.53b378a1182d4.jpg",
      "138": "https://mir-s3-cdn-cf.behance.net/user/138/1200105.53b378a1182d4.jpg",
      "50": "https://mir-s3-cdn-cf.behance.net/user/50/1200105.53b378a1182d4.jpg"
    },
    "website": "",
    "occupation": "Junior User Experience Designer",
    "city": "Wellington",
    "social_links": [
      {
        "social_id": 1,
        "service_name": "Twitter",
        "value": "Kelchup",
        "url": "http://twitter.com/Kelchup"
      },
      {
        "social_id": 4,
        "service_name": "LinkedIn",
        "value": "in/kelseymariethomson",
        "url": "http://linkedin.com/in/kelseymariethomson"
      },
      {
        "social_id": 5,
        "service_name": "Vimeo",
        "value": "user3861795",
        "url": "http://vimeo.com/user3861795"
      }
    ],
    "last_name": "Thomson",
    "display_name": "Kelsey Thomson",
    "url": "https://www.behance.net/Kelchup",
    "sections": {"About": "I am a junior user experience designer at Provoke Solutions in Wellington, New Zealand. I have just left university and I absolutely love interaction design."},
    "twitter": "@Kelchup",
    "created_on": 1338206112,
    "has_default_image": 0,
    "stats": {
      "followers": 16,
      "comments": 0,
      "appreciations": 10,
      "following": 4,
      "team_members": 0,
      "views": 649
    },
    "location": "Wellington, New Zealand",
    "company": "Provoke Solutions",
    "links": [],
    "id": 1200105,
    "state": "",
    "fields": [
      "Costume Design",
      "Game Design",
      "Textile Design"
    ],
    "first_name": "Kelsey",
    "username": "Kelchup"
  }
}