{
  "http_code": 200,
  "user": {
    "country": "Malaysia",
    "images": {
      "115": "https://a3.behance.net/img/profile/no-image-115.jpg?cb=939944132",
      "138": "https://a3.behance.net/img/profile/no-image-138.jpg?cb=939944132",
      "50": "https://a3.behance.net/img/profile/no-image-50.jpg?cb=939944132"
    },
    "website": "http://",
    "occupation": "",
    "city": "Petaling Jaya",
    "social_links": [],
    "last_name": "Chew",
    "display_name": "James Chew",
    "url": "https://www.behance.net/jameschew",
    "sections": [],
    "twitter": "",
    "created_on": 1240164545,
    "has_default_image": 1,
    "stats": {
      "followers": 1,
      "comments": 0,
      "appreciations": 0,
      "following": 0,
      "team_members": 0,
      "views": 0
    },
    "location": "Petaling Jaya, Malaysia",
    "company": "",
    "links": [],
    "id": 101512,
    "state": "",
    "fields": [],
    "first_name": "James",
    "username": "jameschew"
  }
}