{
  "http_code": 200,
  "user": {
    "country": "Peru",
    "images": {
      "115": "https://a3.behance.net/img/profile/no-image-115.jpg?cb=939944132",
      "138": "https://a3.behance.net/img/profile/no-image-138.jpg?cb=939944132",
      "50": "https://a3.behance.net/img/profile/no-image-50.jpg?cb=939944132"
    },
    "website": "",
    "occupation": "",
    "city": "Santiago de Surco",
    "social_links": [],
    "last_name": "gris",
    "display_name": "eric gris",
    "url": "https://www.behance.net/candy_LAB",
    "sections": [],
    "twitter": "",
    "created_on": 1240185657,
    "has_default_image": 1,
    "stats": {
      "followers": 6,
      "comments": 1,
      "appreciations": 0,
      "following": 62,
      "team_members": 0,
      "views": 0
    },
    "location": "Santiago de Surco, Peru",
    "company": "",
    "links": [],
    "id": 101550,
    "state": "",
    "fields": [],
    "first_name": "eric",
    "username": "candy_LAB"
  }
}