{
  "http_code": 200,
  "user": {
    "country": "Philippines",
    "images": {
      "100": "https://mir-s3-cdn-cf.behance.net/user/100/399eb012100091.550c00894b53c.jpg",
      "276": "https://mir-s3-cdn-cf.behance.net/user/276/399eb012100091.550c00894b53c.jpg",
      "115": "https://mir-s3-cdn-cf.behance.net/user/115/399eb012100091.550c00894b53c.jpg",
      "138": "https://mir-s3-cdn-cf.behance.net/user/138/399eb012100091.550c00894b53c.jpg",
      "50": "https://mir-s3-cdn-cf.behance.net/user/50/399eb012100091.550c00894b53c.jpg",
      "230": "https://mir-s3-cdn-cf.behance.net/user/230/399eb012100091.550c00894b53c.jpg"
    },
    "website": "",
    "occupation": "",
    "city": "Marikina",
    "social_links": [],
    "last_name": "Tinio",
    "display_name": "Chin Tinio",
    "url": "https://www.behance.net/chintinio",
    "sections": [],
    "twitter": "",
    "created_on": 1425655878,
    "has_default_image": 0,
    "stats": {
      "followers": 0,
      "comments": 0,
      "appreciations": 11,
      "following": 0,
      "team_members": 0,
      "views": 156
    },
    "location": "Marikina, Philippines",
    "company": "",
    "links": [],
    "id": 12100091,
    "state": "",
    "fields": [
      "Graphic Design",
      "Illustration",
      "Art Direction"
    ],
    "first_name": "Chin ",
    "username": "chintinio"
  }
}