{
  "http_code": 200,
  "user": {
    "country": "Kuwait",
    "images": {
      "115": "https://mir-s3-cdn-cf.behance.net/user/115/1200005.53b3784cc976a.jpg",
      "138": "https://mir-s3-cdn-cf.behance.net/user/138/1200005.53b3784cc976a.jpg",
      "50": "https://mir-s3-cdn-cf.behance.net/user/50/1200005.53b3784cc976a.jpg"
    },
    "website": "",
    "occupation": "Interest User",
    "city": "Al Manqaf",
    "social_links": [],
    "last_name": "Clark",
    "display_name": "Stephanie Clark",
    "url": "https://www.behance.net/StephanieJClark",
    "sections": [],
    "twitter": "",
    "created_on": 1338203408,
    "has_default_image": 0,
    "stats": {
      "followers": 1,
      "comments": 0,
      "appreciations": 0,
      "following": 1,
      "team_members": 0,
      "views": 0
    },
    "location": "Al Manqaf, Kuwait",
    "company": "",
    "links": [],
    "id": 1200005,
    "state": "",
    "fields": [],
    "first_name": "Stephanie",
    "username": "StephanieJClark"
  }
}