{
  "http_code": 200,
  "user": {
    "country": "United Kingdom",
    "images": {
      "100": "https://mir-s3-cdn-cf.behance.net/user/100/9a0fa51200203.562170cfd321e.jpg",
      "276": "https://mir-s3-cdn-cf.behance.net/user/276/9a0fa51200203.562170cfd321e.jpg",
      "115": "https://mir-s3-cdn-cf.behance.net/user/115/9a0fa51200203.562170cfd321e.jpg",
      "138": "https://mir-s3-cdn-cf.behance.net/user/138/9a0fa51200203.562170cfd321e.jpg",
      "50": "https://mir-s3-cdn-cf.behance.net/user/50/9a0fa51200203.562170cfd321e.jpg",
      "230": "https://mir-s3-cdn-cf.behance.net/user/230/9a0fa51200203.562170cfd321e.jpg"
    },
    "website": "http://www.fredseale.com",
    "occupation": "Graphic Designer",
    "city": "London",
    "social_links": [],
    "last_name": "Seale",
    "display_name": "Frederick Seale",
    "url": "https://www.behance.net/fredseale",
    "sections": [],
    "twitter": "",
    "created_on": 1338209591,
    "has_default_image": 0,
    "stats": {
      "followers": 20,
      "comments": 0,
      "appreciations": 4,
      "following": 21,
      "team_members": 0,
      "views": 215
    },
    "location": "London, United Kingdom",
    "company": "babylon health",
    "links": [],
    "id": 1200203,
    "state": "",
    "fields": [
      "Graphic Design",
      "Packaging"
    ],
    "first_name": "Frederick",
    "username": "fredseale"
  }
}