{
  "http_code": 200,
  "user": {
    "country": "Korea, Republic of",
    "images": {
      "115": "https://a3.behance.net/img/profile/no-image-115.jpg?cb=2050110936",
      "138": "https://a3.behance.net/img/profile/no-image-138.jpg?cb=2050110936",
      "50": "https://a3.behance.net/img/profile/no-image-50.jpg?cb=2050110936"
    },
    "website": "",
    "occupation": "",
    "city": "Seoul",
    "social_links": [],
    "last_name": "kim",
    "display_name": "minju kim",
    "url": "https://www.behance.net/meanjour",
    "sections": [],
    "twitter": "",
    "created_on": 1425655812,
    "has_default_image": 1,
    "stats": {
      "followers": 0,
      "comments": 0,
      "appreciations": 0,
      "following": 1,
      "team_members": 0,
      "views": 0
    },
    "location": "Seoul, Korea, Republic of",
    "company": "",
    "links": [],
    "id": 12100071,
    "state": "",
    "fields": [],
    "first_name": "minju",
    "username": "meanjour"
  }
}