{
  "http_code": 200,
  "user": {
    "country": "",
    "images": {
      "115": "https://mir-s3-cdn-cf.behance.net/user/115/101589.53ab5ace387ca.jpg",
      "138": "https://mir-s3-cdn-cf.behance.net/user/138/101589.53ab5ace387ca.jpg",
      "50": "https://mir-s3-cdn-cf.behance.net/user/50/101589.53ab5ace387ca.jpg"
    },
    "website": "",
    "occupation": "",
    "city": "",
    "social_links": [],
    "last_name": "Alvino",
    "display_name": "Fabio Alvino",
    "url": "https://www.behance.net/AelfWine",
    "sections": [],
    "twitter": "",
    "created_on": 1240236642,
    "has_default_image": 0,
    "stats": {
      "followers": 2,
      "comments": 0,
      "appreciations": 0,
      "following": 2,
      "team_members": 0,
      "views": 206
    },
    "location": "",
    "company": "",
    "links": [],
    "id": 101589,
    "state": "",
    "fields": [
      "Computer Animation",
      "Photography"
    ],
    "first_name": "Fabio",
    "username": "AelfWine"
  }
}