{
  "http_code": 200,
  "user": {
    "country": "Honduras",
    "images": {
      "115": "https://a3.behance.net/img/profile/no-image-115.jpg?cb=2050110936",
      "138": "https://a3.behance.net/img/profile/no-image-138.jpg?cb=2050110936",
      "50": "https://a3.behance.net/img/profile/no-image-50.jpg?cb=2050110936"
    },
    "website": "",
    "occupation": "",
    "city": "Km 17",
    "social_links": [],
    "last_name": "yakop",
    "display_name": "yakop yakop",
    "url": "https://www.behance.net/yakop123456789",
    "sections": [],
    "twitter": "",
    "created_on": 1425656223,
    "has_default_image": 1,
    "stats": {
      "followers": 0,
      "comments": 0,
      "appreciations": 0,
      "following": 0,
      "team_members": 0,
      "views": 0
    },
    "location": "Km 17, Honduras",
    "company": "",
    "links": [],
    "id": 12100217,
    "state": "",
    "fields": [],
    "first_name": "yakop",
    "username": "yakop123456789"
  }
}