{
  "http_code": 200,
  "user": {
    "country": "Germany",
    "images": {
      "115": "https://a3.behance.net/img/profile/no-image-115.jpg?cb=2050110936",
      "138": "https://a3.behance.net/img/profile/no-image-138.jpg?cb=2050110936",
      "50": "https://a3.behance.net/img/profile/no-image-50.jpg?cb=2050110936"
    },
    "website": "",
    "occupation": "",
    "city": "",
    "social_links": [],
    "last_name": "",
    "display_name": "",
    "url": "https://www.behance.net/SANEc005",
    "sections": [],
    "twitter": "",
    "created_on": 1425655885,
    "has_default_image": 1,
    "stats": {
      "followers": 0,
      "comments": 0,
      "appreciations": 0,
      "following": 0,
      "team_members": 0,
      "views": 0
    },
    "location": "Germany",
    "company": "tyntec",
    "links": [],
    "id": 12100093,
    "state": "",
    "fields": [],
    "first_name": "",
    "username": "SANEc005"
  }
}