{
  "http_code": 200,
  "user": {
    "country": "Turkey",
    "images": {
      "115": "https://a3.behance.net/img/profile/no-image-115.jpg?cb=2050110936",
      "138": "https://a3.behance.net/img/profile/no-image-138.jpg?cb=2050110936",
      "50": "https://a3.behance.net/img/profile/no-image-50.jpg?cb=2050110936"
    },
    "website": "",
    "occupation": "",
    "city": "",
    "social_links": [],
    "last_name": "yavrum",
    "display_name": "fatih yavrum",
    "url": "https://www.behance.net/fatihyavru9dc9",
    "sections": [],
    "twitter": "",
    "created_on": 1425656209,
    "has_default_image": 1,
    "stats": {
      "followers": 0,
      "comments": 0,
      "appreciations": 0,
      "following": 1,
      "team_members": 0,
      "views": 0
    },
    "location": "Turkey",
    "company": "",
    "links": [],
    "id": 12100205,
    "state": "",
    "fields": [],
    "first_name": "fatih",
    "username": "fatihyavru9dc9"
  }
}