{
  "http_code": 200,
  "user": {
    "country": "Russian Federation",
    "images": {
      "115": "https://a3.behance.net/img/profile/no-image-115.jpg?cb=2050110936",
      "138": "https://a3.behance.net/img/profile/no-image-138.jpg?cb=2050110936",
      "50": "https://a3.behance.net/img/profile/no-image-50.jpg?cb=2050110936"
    },
    "website": "",
    "occupation": "",
    "city": "Moscow",
    "social_links": [],
    "last_name": "Крейцберг",
    "display_name": "Элиза Крейцберг",
    "url": "https://www.behance.net/ElizaKreuzberg",
    "sections": [],
    "twitter": "",
    "created_on": 1425655806,
    "has_default_image": 1,
    "stats": {
      "followers": 1,
      "comments": 0,
      "appreciations": 0,
      "following": 2,
      "team_members": 0,
      "views": 0
    },
    "location": "Moscow, Russian Federation",
    "company": "",
    "links": [],
    "id": 12100069,
    "state": "",
    "fields": [],
    "first_name": "Элиза",
    "username": "ElizaKreuzberg"
  }
}