{
  "http_code": 200,
  "user": {
    "country": "United States",
    "images": {
      "100": "https://mir-s3-cdn-cf.behance.net/user/100/79d62512500055.551202c965de8.jpg",
      "276": "https://mir-s3-cdn-cf.behance.net/user/276/79d62512500055.551202c965de8.jpg",
      "115": "https://mir-s3-cdn-cf.behance.net/user/115/79d62512500055.551202c965de8.jpg",
      "138": "https://mir-s3-cdn-cf.behance.net/user/138/79d62512500055.551202c965de8.jpg",
      "50": "https://mir-s3-cdn-cf.behance.net/user/50/79d62512500055.551202c965de8.jpg",
      "230": "https://mir-s3-cdn-cf.behance.net/user/230/79d62512500055.551202c965de8.jpg"
    },
    "website": "",
    "occupation": "",
    "city": "Houston",
    "social_links": [],
    "last_name": "Bixby",
    "display_name": "Jill Bixby",
    "url": "https://www.behance.net/jillbixby",
    "sections": [],
    "twitter": "",
    "created_on": 1427169658,
    "has_default_image": 0,
    "stats": {
      "followers": 0,
      "comments": 0,
      "appreciations": 0,
      "following": 1,
      "team_members": 0,
      "views": 0
    },
    "location": "Houston, TX, USA",
    "company": "",
    "links": [],
    "id": 12500055,
    "state": "Texas",
    "fields": [],
    "first_name": "Jill",
    "username": "jillbixby"
  }
}