{
  "http_code": 200,
  "user": {
    "country": "United States",
    "images": {
      "115": "https://a3.behance.net/img/profile/no-image-115.jpg?cb=1673063716",
      "138": "https://a3.behance.net/img/profile/no-image-138.jpg?cb=1673063716",
      "50": "https://a3.behance.net/img/profile/no-image-50.jpg?cb=1673063716"
    },
    "website": "",
    "occupation": "",
    "city": "San Francisco",
    "social_links": [],
    "last_name": "",
    "display_name": "Joe",
    "url": "https://www.behance.net/JoeToday",
    "sections": [],
    "twitter": "",
    "created_on": 1338203334,
    "has_default_image": 1,
    "stats": {
      "followers": 0,
      "comments": 0,
      "appreciations": 0,
      "following": 1,
      "team_members": 0,
      "views": 0
    },
    "location": "San Francisco, CA, USA",
    "company": "",
    "links": [],
    "id": 1200001,
    "state": "California",
    "fields": [],
    "first_name": "Joe",
    "username": "JoeToday"
  }
}