{
  "http_code": 200,
  "user": {
    "country": "India",
    "images": {
      "115": "https://mir-s3-cdn-cf.behance.net/user/115/1200109.53b378a202fbc.jpg",
      "138": "https://mir-s3-cdn-cf.behance.net/user/138/1200109.53b378a202fbc.jpg",
      "50": "https://mir-s3-cdn-cf.behance.net/user/50/1200109.53b378a202fbc.jpg"
    },
    "website": "",
    "occupation": "Senior Designer - Children's Design",
    "city": "Bengaluru",
    "social_links": [],
    "last_name": "Sen",
    "display_name": "Anita Sen",
    "url": "https://www.behance.net/anita_sen",
    "sections": [],
    "twitter": "",
    "created_on": 1338206181,
    "has_default_image": 0,
    "stats": {
      "followers": 1,
      "comments": 0,
      "appreciations": 0,
      "following": 0,
      "team_members": 0,
      "views": 0
    },
    "location": "Bengaluru, India",
    "company": "Freelance and Foley Designs",
    "links": [],
    "id": 1200109,
    "state": "",
    "fields": [],
    "first_name": "Anita",
    "username": "anita_sen"
  }
}