{
  "http_code": 200,
  "user": {
    "country": "Norway",
    "images": {
      "115": "https://mir-s3-cdn-cf.behance.net/user/115/101584.53ab5ac9bf59c.png",
      "138": "https://mir-s3-cdn-cf.behance.net/user/138/101584.53ab5ac9bf59c.png",
      "50": "https://mir-s3-cdn-cf.behance.net/user/50/101584.53ab5ac9bf59c.png"
    },
    "website": "www.eivindmolvaer.com",
    "occupation": "Designer",
    "city": "Oslo",
    "social_links": [{
      "social_id": 1,
      "service_name": "Twitter",
      "value": "eivindmolvaer",
      "url": "http://twitter.com/eivindmolvaer"
    }],
    "last_name": "Molvær",
    "display_name": "Eivind Molvær",
    "url": "https://www.behance.net/eivind",
    "sections": [],
    "features": [
      {
        "site": {
          "domain": "www.behance.net",
          "name": "Behance.net",
          "icon": "https://a3.behance.net/img/site/favicon.ico",
          "ribbon": {
            "image": "https://a3.behance.net/img/galleries/ribbons/1x/net.png",
            "image_2x": "https://a3.behance.net/img/galleries/ribbons/2x/net@2x.png"
          },
          "id": 1,
          "key": "net",
          "url": "http://www.behance.net"
        },
        "projects": [{
          "id": 497421,
          "featured_on": 1272988801
        }]
      },
      {
        "site": {
          "app_icon": "",
          "domain": "typographyserved.com",
          "name": "Typography Served",
          "icon": "https://a3.behance.net/img/galleries/composed/typography.png",
          "ribbon": {
            "image": "https://a3.behance.net/img/galleries/ribbons/1x/typography.png",
            "image_2x": "https://a3.behance.net/img/galleries/ribbons/2x/typography@2x.png"
          },
          "id": 3,
          "key": "typography",
          "url": "http://typographyserved.com"
        },
        "projects": [{
          "id": 213423,
          "featured_on": 1240783202
        }]
      },
      {
        "site": {
          "app_icon": "",
          "domain": "editorialdesignserved.co",
          "name": "Editorial Design Served",
          "icon": "https://a3.behance.net/img/galleries/composed/editorial.png",
          "ribbon": {
            "image": "https://a3.behance.net/img/galleries/ribbons/1x/editorial.png",
            "image_2x": "https://a3.behance.net/img/galleries/ribbons/2x/editorial@2x.png"
          },
          "id": 31,
          "key": "editorial",
          "url": "http://editorialdesignserved.co"
        },
        "projects": [{
          "id": 497368,
          "featured_on": 1351134002
        }]
      },
      {
        "site": {
          "app_icon": "",
          "domain": "brandingserved.com",
          "name": "Branding Served",
          "icon": "https://a3.behance.net/img/galleries/composed/branding.png",
          "ribbon": {
            "image": "https://a3.behance.net/img/galleries/ribbons/1x/branding.png",
            "image_2x": "https://a3.behance.net/img/galleries/ribbons/2x/branding@2x.png"
          },
          "id": 29,
          "key": "branding",
          "url": "http://brandingserved.com"
        },
        "projects": [{
          "id": 5808897,
          "featured_on": 1367829002
        }]
      }
    ],
    "twitter": "@eivindmolvaer",
    "created_on": 1240235950,
    "has_default_image": 0,
    "stats": {
      "followers": 284,
      "comments": 13,
      "appreciations": 2587,
      "following": 43,
      "team_members": 0,
      "views": 50851
    },
    "location": "Oslo, Norway",
    "company": "",
    "links": [{
      "title": "Portfolio",
      "url": "http://www.eivindmolvaer.com"
    }],
    "id": 101584,
    "state": "",
    "fields": [
      "Typography",
      "Graphic Design",
      "Publishing"
    ],
    "first_name": "Eivind",
    "username": "eivind"
  }
}