{
  "http_code": 200,
  "user": {
    "country": "Italy",
    "images": {
      "115": "https://mir-s3-cdn-cf.behance.net/user/115/1200061.53b378542a9ea.jpg",
      "138": "https://mir-s3-cdn-cf.behance.net/user/138/1200061.53b378542a9ea.jpg",
      "50": "https://mir-s3-cdn-cf.behance.net/user/50/1200061.53b378542a9ea.jpg"
    },
    "website": "",
    "occupation": "",
    "city": "Milan",
    "social_links": [],
    "last_name": "",
    "display_name": "Serena Redaelli",
    "url": "https://www.behance.net/studiodarte",
    "sections": [],
    "twitter": "",
    "created_on": 1338205222,
    "has_default_image": 0,
    "stats": {
      "followers": 2,
      "comments": 0,
      "appreciations": 0,
      "following": 0,
      "team_members": 0,
      "views": 125
    },
    "location": "Milan, Italy",
    "company": "Studio d'Arte Nicoletta Colombo",
    "links": [],
    "id": 1200061,
    "state": "",
    "fields": [
      "Painting",
      "Art Direction"
    ],
    "first_name": "Serena Redaelli",
    "username": "studiodarte"
  }
}