{
  "http_code": 200,
  "user": {
    "country": "South Africa",
    "images": {
      "115": "https://mir-s3-cdn-cf.behance.net/user/115/101608.53ab5add40ac3.jpg",
      "138": "https://mir-s3-cdn-cf.behance.net/user/138/101608.53ab5add40ac3.jpg",
      "50": "https://mir-s3-cdn-cf.behance.net/user/50/101608.53ab5add40ac3.jpg"
    },
    "website": "www.nicholaschristowitz.com",
    "occupation": "Graphic Designer / Brand Consultant",
    "city": "Johannesburg",
    "social_links": [
      {
        "social_id": 1,
        "service_name": "Twitter",
        "value": "nchristowitz",
        "url": "http://twitter.com/nchristowitz"
      },
      {
        "social_id": 8,
        "service_name": "Pinterest",
        "value": "nchristowitz",
        "url": "http://pinterest.com/nchristowitz"
      },
      {
        "social_id": 9,
        "service_name": "Tumblr",
        "value": "nicholaschristowitz",
        "url": "http://nicholaschristowitz.tumblr.com"
      },
      {
        "social_id": 2,
        "service_name": "Facebook",
        "value": "elbowsoffthetable",
        "url": "http://facebook.com/elbowsoffthetable"
      }
    ],
    "last_name": "Christowitz",
    "display_name": "Nicholas Christowitz",
    "url": "https://www.behance.net/elbowsoffthetable",
    "sections": {
      "About me.": "Designer, Illustrator and creative consultant based in Johannesburg, South Africa\nCo-owner of FATHER Coffee (73 Juta st. Braamfontein)\nCo-owner of THE BREAD (www.thebread.co.za)\nLover of many things\nHater of many things",
      "Contact": "hello@nicholaschristowitz.com\n+27 82 411 1431"
    },
    "features": [
      {
        "site": {
          "app_icon": "",
          "domain": "brandingserved.com",
          "name": "Branding Served",
          "icon": "https://a3.behance.net/img/galleries/composed/branding.png",
          "ribbon": {
            "image": "https://a3.behance.net/img/galleries/ribbons/1x/branding.png",
            "image_2x": "https://a3.behance.net/img/galleries/ribbons/2x/branding@2x.png"
          },
          "id": 29,
          "key": "branding",
          "url": "http://brandingserved.com"
        },
        "projects": [
          {
            "id": 4887473,
            "featured_on": 1365280201
          },
          {
            "id": 4973577,
            "featured_on": 1359961201
          },
          {
            "id": 6033777,
            "featured_on": 1367382602
          },
          {
            "id": 7272945,
            "featured_on": 1391299204
          },
          {
            "id": 7709793,
            "featured_on": 1392537602
          },
          {
            "id": 8947187,
            "featured_on": 1386804602
          }
        ]
      },
      {
        "site": {
          "app_icon": "",
          "domain": "illustrationserved.com",
          "name": "Illustration Served",
          "icon": "https://a3.behance.net/img/galleries/composed/illustration.png",
          "ribbon": {
            "image": "https://a3.behance.net/img/galleries/ribbons/1x/illustration.png",
            "image_2x": "https://a3.behance.net/img/galleries/ribbons/2x/illustration@2x.png"
          },
          "id": 4,
          "key": "illustration",
          "url": "http://illustrationserved.com"
        },
        "projects": [{
          "id": 5440595,
          "featured_on": 1362798002
        }]
      },
      {
        "site": {
          "app_icon": "",
          "domain": "interiordesignserved.com",
          "name": "Interior Design Served",
          "icon": "https://a3.behance.net/img/galleries/composed/interior.png",
          "ribbon": {
            "image": "https://a3.behance.net/img/galleries/ribbons/1x/interior.png",
            "image_2x": "https://a3.behance.net/img/galleries/ribbons/2x/interior@2x.png"
          },
          "id": 30,
          "key": "interior",
          "url": "http://interiordesignserved.com"
        },
        "projects": [
          {
            "id": 8823175,
            "featured_on": 1378522809
          },
          {
            "id": 8947187,
            "featured_on": 1379538004
          }
        ]
      }
    ],
    "twitter": "@nchristowitz",
    "created_on": 1240241935,
    "has_default_image": 0,
    "stats": {
      "followers": 2373,
      "comments": 77,
      "appreciations": 6454,
      "following": 152,
      "team_members": 0,
      "views": 111677
    },
    "location": "Johannesburg, South Africa",
    "company": "THE BREAD",
    "links": [],
    "id": 101608,
    "state": "",
    "fields": [
      "Illustration",
      "Graphic Design",
      "Branding"
    ],
    "first_name": "Nicholas",
    "username": "elbowsoffthetable"
  }
}