{
  "http_code": 200,
  "user": {
    "country": "Czech Republic",
    "images": {
      "100": "https://mir-s3-cdn-cf.behance.net/user/100/19fb2b12100149.54f9c95511714.jpg",
      "276": "https://mir-s3-cdn-cf.behance.net/user/276/19fb2b12100149.54f9c95511714.jpg",
      "115": "https://mir-s3-cdn-cf.behance.net/user/115/19fb2b12100149.54f9c95511714.jpg",
      "138": "https://mir-s3-cdn-cf.behance.net/user/138/19fb2b12100149.54f9c95511714.jpg",
      "50": "https://mir-s3-cdn-cf.behance.net/user/50/19fb2b12100149.54f9c95511714.jpg",
      "230": "https://mir-s3-cdn-cf.behance.net/user/230/19fb2b12100149.54f9c95511714.jpg"
    },
    "website": "",
    "occupation": "",
    "city": "",
    "social_links": [],
    "last_name": "",
    "display_name": "dalorehak.sk",
    "url": "https://www.behance.net/dalorehakb000",
    "sections": [],
    "twitter": "",
    "created_on": 1425656086,
    "has_default_image": 0,
    "stats": {
      "followers": 0,
      "comments": 0,
      "appreciations": 0,
      "following": 0,
      "team_members": 0,
      "views": 0
    },
    "location": "Czech Republic",
    "company": "dalorehak.sk",
    "links": [],
    "id": 12100149,
    "state": "",
    "fields": [],
    "first_name": "dalorehak.sk",
    "username": "dalorehakb000"
  }
}