{
  "http_code": 200,
  "user": {
    "country": "Germany",
    "images": {
      "115": "https://mir-s3-cdn-cf.behance.net/user/115/1200097.53b3789f1d7c6.jpg",
      "138": "https://mir-s3-cdn-cf.behance.net/user/138/1200097.53b3789f1d7c6.jpg",
      "50": "https://mir-s3-cdn-cf.behance.net/user/50/1200097.53b3789f1d7c6.jpg"
    },
    "website": "http://tudormunteanu.com",
    "occupation": "iOS Developer",
    "city": "Stuttgart",
    "social_links": [],
    "last_name": "Munteanu",
    "display_name": "Tudor Munteanu",
    "url": "https://www.behance.net/tudorizer",
    "sections": [],
    "twitter": "",
    "created_on": 1338205943,
    "has_default_image": 0,
    "stats": {
      "followers": 2,
      "comments": 0,
      "appreciations": 0,
      "following": 34,
      "team_members": 0,
      "views": 0
    },
    "location": "Stuttgart, Germany",
    "company": "Calligraphic Code",
    "links": [],
    "id": 1200097,
    "state": "",
    "fields": [],
    "first_name": "Tudor",
    "username": "tudorizer"
  }
}