{
  "http_code": 200,
  "user": {
    "country": "Malta",
    "images": {
      "115": "https://a3.behance.net/img/profile/no-image-115.jpg?cb=939944132",
      "138": "https://a3.behance.net/img/profile/no-image-138.jpg?cb=939944132",
      "50": "https://a3.behance.net/img/profile/no-image-50.jpg?cb=939944132"
    },
    "website": "",
    "occupation": "",
    "city": "Attard",
    "social_links": [],
    "last_name": "Muscat",
    "display_name": "Ian Muscat",
    "url": "https://www.behance.net/IanMuscat",
    "sections": [],
    "twitter": "",
    "created_on": 1240204655,
    "has_default_image": 1,
    "stats": {
      "followers": 9,
      "comments": 0,
      "appreciations": 27,
      "following": 4,
      "team_members": 0,
      "views": 1527
    },
    "location": "Attard, Malta",
    "company": "",
    "links": [],
    "id": 101560,
    "state": "",
    "fields": [
      "Graphic Design",
      "Typography",
      "Digital Art"
    ],
    "first_name": "Ian",
    "username": "IanMuscat"
  }
}