{
  "http_code": 200,
  "user": {
    "country": "United Kingdom",
    "images": {
      "115": "https://a3.behance.net/img/profile/no-image-115.jpg?cb=1673063716",
      "138": "https://a3.behance.net/img/profile/no-image-138.jpg?cb=1673063716",
      "50": "https://a3.behance.net/img/profile/no-image-50.jpg?cb=1673063716"
    },
    "website": "www.jroquette.com",
    "occupation": "Architect",
    "city": "London",
    "social_links": [],
    "last_name": "Roquette",
    "display_name": "Jose Roquette",
    "url": "https://www.behance.net/jroquette",
    "sections": [],
    "twitter": "",
    "created_on": 1338206143,
    "has_default_image": 1,
    "stats": {
      "followers": 4,
      "comments": 0,
      "appreciations": 0,
      "following": 0,
      "team_members": 0,
      "views": 25
    },
    "location": "London, United Kingdom",
    "company": "",
    "links": [],
    "id": 1200107,
    "state": "",
    "fields": ["Architecture"],
    "first_name": "Jose",
    "username": "jroquette"
  }
}