{
  "http_code": 200,
  "user": {
    "country": "Ukraine",
    "images": {
      "115": "https://a3.behance.net/img/profile/no-image-115.jpg?cb=2050110936",
      "138": "https://a3.behance.net/img/profile/no-image-138.jpg?cb=2050110936",
      "50": "https://a3.behance.net/img/profile/no-image-50.jpg?cb=2050110936"
    },
    "website": "",
    "occupation": "",
    "city": "Lviv",
    "social_links": [],
    "last_name": "Bilych",
    "display_name": "Ruslan Bilych",
    "url": "https://www.behance.net/bilych",
    "sections": [],
    "twitter": "",
    "created_on": 1427169326,
    "has_default_image": 1,
    "stats": {
      "followers": 0,
      "comments": 0,
      "appreciations": 0,
      "following": 0,
      "team_members": 0,
      "views": 0
    },
    "location": "Lviv, Ukraine",
    "company": "",
    "links": [],
    "id": 12500003,
    "state": "",
    "fields": [],
    "first_name": "Ruslan",
    "username": "bilych"
  }
}