{
  "http_code": 200,
  "user": {
    "country": "Solomon Islands",
    "images": {
      "100": "https://mir-s3-cdn-cf.behance.net/user/100/101543.5404bf512bea9.jpg",
      "276": "https://mir-s3-cdn-cf.behance.net/user/276/101543.5404bf512bea9.jpg",
      "115": "https://mir-s3-cdn-cf.behance.net/user/115/101543.5404bf512bea9.jpg",
      "138": "https://mir-s3-cdn-cf.behance.net/user/138/101543.5404bf512bea9.jpg",
      "50": "https://mir-s3-cdn-cf.behance.net/user/50/101543.5404bf512bea9.jpg",
      "230": "https://mir-s3-cdn-cf.behance.net/user/230/101543.5404bf512bea9.jpg"
    },
    "website": "afonkin.ru",
    "occupation": "Industrial designer",
    "city": "Honiara",
    "social_links": [
      {
        "social_id": 1,
        "service_name": "Twitter",
        "value": "afonkin",
        "url": "http://twitter.com/afonkin"
      },
      {
        "social_id": 2,
        "service_name": "Facebook",
        "value": "sergey.afonkin",
        "url": "http://facebook.com/sergey.afonkin"
      }
    ],
    "last_name": "Afonkin",
    "display_name": "Sergey Afonkin",
    "url": "https://www.behance.net/afonkin",
    "sections": [],
    "twitter": "@afonkin",
    "created_on": 1240177748,
    "has_default_image": 0,
    "stats": {
      "followers": 5,
      "comments": 2,
      "appreciations": 0,
      "following": 57,
      "team_members": 0,
      "views": 0
    },
    "location": "Honiara, Solomon Islands",
    "company": "",
    "links": [],
    "id": 101543,
    "state": "",
    "fields": [],
    "first_name": "Sergey",
    "username": "afonkin"
  }
}