{
  "http_code": 200,
  "user": {
    "country": "Spain",
    "images": {
      "100": "https://mir-s3-cdn-cf.behance.net/user/100/1200133.53b378a75e3d5.jpg",
      "276": "https://mir-s3-cdn-cf.behance.net/user/276/1200133.53b378a75e3d5.jpg",
      "115": "https://mir-s3-cdn-cf.behance.net/user/115/1200133.53b378a75e3d5.jpg",
      "138": "https://mir-s3-cdn-cf.behance.net/user/138/1200133.53b378a75e3d5.jpg",
      "50": "https://mir-s3-cdn-cf.behance.net/user/50/1200133.53b378a75e3d5.jpg",
      "230": "https://mir-s3-cdn-cf.behance.net/user/230/1200133.53b378a75e3d5.jpg"
    },
    "website": "",
    "occupation": "Graphic Designer",
    "city": "Madrid",
    "social_links": [{
      "social_id": 5,
      "service_name": "Vimeo",
      "value": "user11973247",
      "url": "http://vimeo.com/user11973247"
    }],
    "last_name": "Alonso Sierra",
    "display_name": "Héctor Alonso Sierra",
    "url": "https://www.behance.net/clocklocked",
    "sections": {"hector_alonsosierra@hotmail.es": "I am a restless person, always looking for overcoming learning through getting your goals up through the self-confidence.\n\nI am a very capable person, who was encouraged with the challenges, constant and perfectionist.\n\nI have worked in the Agency Alegría Creativos from before finishing my studies, in which my position at first step graphic designer graphic, web and creative in a few months, my ability I can deal with this area was created by myself campaigns , etc. from all levels. In my next job in Ak Interactive carrying out any graphic communication that a multinational company can have."},
    "twitter": "",
    "created_on": 1338206947,
    "has_default_image": 0,
    "stats": {
      "followers": 12,
      "comments": 1,
      "appreciations": 26,
      "following": 42,
      "team_members": 0,
      "views": 207
    },
    "location": "Madrid, Spain",
    "company": "",
    "links": [],
    "id": 1200133,
    "state": "",
    "fields": [
      "Graphic Design",
      "Illustration",
      "Editorial Design"
    ],
    "first_name": "Héctor",
    "username": "clocklocked"
  }
}