{
  "http_code": 200,
  "user": {
    "country": "China",
    "images": {
      "100": "https://mir-s3-cdn-cf.behance.net/user/100/a0a0a512100199.54f9c987135db.jpg",
      "276": "https://mir-s3-cdn-cf.behance.net/user/276/a0a0a512100199.54f9c987135db.jpg",
      "115": "https://mir-s3-cdn-cf.behance.net/user/115/a0a0a512100199.54f9c987135db.jpg",
      "138": "https://mir-s3-cdn-cf.behance.net/user/138/a0a0a512100199.54f9c987135db.jpg",
      "50": "https://mir-s3-cdn-cf.behance.net/user/50/a0a0a512100199.54f9c987135db.jpg",
      "230": "https://mir-s3-cdn-cf.behance.net/user/230/a0a0a512100199.54f9c987135db.jpg"
    },
    "website": "",
    "occupation": "",
    "city": "",
    "social_links": [],
    "last_name": "C",
    "display_name": "Armanti C",
    "url": "https://www.behance.net/armanti6ac8",
    "sections": [],
    "twitter": "",
    "created_on": 1425656198,
    "has_default_image": 0,
    "stats": {
      "followers": 0,
      "comments": 0,
      "appreciations": 0,
      "following": 0,
      "team_members": 0,
      "views": 0
    },
    "location": "China",
    "company": "Armanti",
    "links": [],
    "id": 12100199,
    "state": "",
    "fields": [],
    "first_name": "Armanti",
    "username": "armanti6ac8"
  }
}