{
  "http_code": 200,
  "user": {
    "country": "United States",
    "images": {
      "100": "https://mir-s3-cdn-cf.behance.net/user/100/101625.53ab5ae8eb9a4.jpg",
      "276": "https://mir-s3-cdn-cf.behance.net/user/276/101625.53ab5ae8eb9a4.jpg",
      "115": "https://mir-s3-cdn-cf.behance.net/user/115/101625.53ab5ae8eb9a4.jpg",
      "138": "https://mir-s3-cdn-cf.behance.net/user/138/101625.53ab5ae8eb9a4.jpg",
      "50": "https://mir-s3-cdn-cf.behance.net/user/50/101625.53ab5ae8eb9a4.jpg",
      "230": "https://mir-s3-cdn-cf.behance.net/user/230/101625.53ab5ae8eb9a4.jpg"
    },
    "website": "",
    "occupation": "Art Director",
    "city": "Montclair",
    "social_links": [{
      "social_id": 4,
      "service_name": "LinkedIn",
      "value": "pub/antonio-labarrere/50/978/411/",
      "url": "http://linkedin.com/pub/antonio-labarrere/50/978/411/"
    }],
    "last_name": "Labarrere",
    "display_name": "Antonio Labarrere",
    "url": "https://www.behance.net/antoniolabarrere",
    "sections": {"About": "Antonio LaBarrere, is a multidisciplinary designer and illustrator currently based out of Montclair, NJ. He's an all around cool dude that loves making great work with cool people. He specializes in logo design, branding, and illustration. \n\nIf you are interested in any design or illustration services, want to collaborate, play acoustic guitar or just want to say hello, please, feel free to contact me.\n\nAntonio.designsolutions@gmail.com"},
    "features": [{
      "site": {
        "app_icon": "",
        "domain": "characterdesignserved.com",
        "name": "Character Design Served",
        "icon": "https://a3.behance.net/img/galleries/composed/character.png",
        "ribbon": {
          "image": "https://a3.behance.net/img/galleries/ribbons/1x/character.png",
          "image_2x": "https://a3.behance.net/img/galleries/ribbons/2x/character@2x.png"
        },
        "id": 10,
        "key": "character",
        "url": "http://characterdesignserved.com"
      },
      "projects": [{
        "id": 2807357,
        "featured_on": 1353641402
      }]
    }],
    "twitter": "",
    "created_on": 1240253465,
    "has_default_image": 0,
    "stats": {
      "followers": 64,
      "comments": 143,
      "appreciations": 135,
      "following": 59,
      "team_members": 0,
      "views": 3322
    },
    "location": "Montclair, NJ, USA",
    "company": "",
    "links": [],
    "id": 101625,
    "state": "New Jersey",
    "fields": [
      "Illustration",
      "Graphic Design",
      "Digital Art"
    ],
    "first_name": "Antonio",
    "username": "antoniolabarrere"
  }
}