{
  "http_code": 200,
  "user": {
    "country": "Brazil",
    "images": {
      "100": "https://mir-s3-cdn-cf.behance.net/user/100/6d8393101582.56119e3bc74b0.png",
      "276": "https://mir-s3-cdn-cf.behance.net/user/276/6d8393101582.56119e3bc74b0.png",
      "115": "https://mir-s3-cdn-cf.behance.net/user/115/6d8393101582.56119e3bc74b0.png",
      "138": "https://mir-s3-cdn-cf.behance.net/user/138/6d8393101582.56119e3bc74b0.png",
      "50": "https://mir-s3-cdn-cf.behance.net/user/50/6d8393101582.56119e3bc74b0.png",
      "230": "https://mir-s3-cdn-cf.behance.net/user/230/6d8393101582.56119e3bc74b0.png"
    },
    "website": "cargocollective.com/yumishimada",
    "occupation": "Art Director and Illustrator",
    "city": "São Paulo",
    "social_links": [
      {
        "social_id": 2,
        "service_name": "Facebook",
        "value": "yumishimada",
        "url": "http://facebook.com/yumishimada"
      },
      {
        "social_id": 8,
        "service_name": "Pinterest",
        "value": "yumishimada",
        "url": "http://pinterest.com/yumishimada"
      },
      {
        "social_id": 6,
        "service_name": "Flickr",
        "value": "yumitah",
        "url": "http://flickr.com/yumitah"
      },
      {
        "social_id": 1,
        "service_name": "Twitter",
        "value": "yumishimada",
        "url": "http://twitter.com/yumishimada"
      }
    ],
    "last_name": "shimada",
    "display_name": "yumi shimada",
    "url": "https://www.behance.net/yumishimada",
    "sections": {"About": "YM"},
    "twitter": "@yumishimada",
    "created_on": 1240235780,
    "has_default_image": 0,
    "stats": {
      "followers": 494,
      "comments": 46,
      "appreciations": 907,
      "following": 172,
      "team_members": 0,
      "views": 6573
    },
    "location": "São Paulo, Brazil",
    "company": "VML",
    "links": [],
    "id": 101582,
    "state": "",
    "fields": [
      "Art Direction",
      "Illustration",
      "Graphic Design"
    ],
    "first_name": "yumi",
    "username": "yumishimada"
  }
}