{
  "http_code": 200,
  "user": {
    "country": "United States",
    "images": {
      "100": "https://mir-s3-cdn-cf.behance.net/user/100/76729e12100033.54fe37b1dd164.jpg",
      "276": "https://mir-s3-cdn-cf.behance.net/user/276/76729e12100033.54fe37b1dd164.jpg",
      "115": "https://mir-s3-cdn-cf.behance.net/user/115/76729e12100033.54fe37b1dd164.jpg",
      "138": "https://mir-s3-cdn-cf.behance.net/user/138/76729e12100033.54fe37b1dd164.jpg",
      "50": "https://mir-s3-cdn-cf.behance.net/user/50/76729e12100033.54fe37b1dd164.jpg",
      "230": "https://mir-s3-cdn-cf.behance.net/user/230/76729e12100033.54fe37b1dd164.jpg"
    },
    "website": "",
    "occupation": "Designer and Illustrator",
    "city": "Owings Mills",
    "social_links": [{
      "social_id": 4,
      "service_name": "LinkedIn",
      "value": "in/ameliaberninger",
      "url": "http://linkedin.com/in/ameliaberninger"
    }],
    "last_name": "Berninger",
    "display_name": "Amelia Berninger",
    "url": "https://www.behance.net/amelia_berninger",
    "sections": {"About Me": "I am currently a junior majoring in Visual Communication Design at Stevenson University. Creativity has always been an important part of my life, and I'm always searching for new opportunities to develop my skills and gain knowledge of the design industry. These are just a few of what I feel are my strongest and most diverse pieces.\n\nI enjoy working across a many different creative disciplines including print design, typography, and illustration. My work also tends to feature a wide range of mediums, and I frequently combine both handmade and digital elements. I feel that experience with multiple techniques, programs, and materials is an invaluable trait as a designer."},
    "twitter": "",
    "created_on": 1425655682,
    "has_default_image": 0,
    "stats": {
      "followers": 7,
      "comments": 0,
      "appreciations": 26,
      "following": 5,
      "team_members": 0,
      "views": 195
    },
    "location": "Owings Mills, MD, USA",
    "company": "",
    "links": [],
    "id": 12100033,
    "state": "Maryland",
    "fields": [
      "Graphic Design",
      "Print Design",
      "Illustration"
    ],
    "first_name": "Amelia",
    "username": "amelia_berninger"
  }
}