{
  "http_code": 200,
  "user": {
    "country": "Brazil",
    "images": {
      "100": "https://mir-s3-cdn-cf.behance.net/user/100/42836212100053.54f9e3156a3d3.jpg",
      "276": "https://mir-s3-cdn-cf.behance.net/user/276/42836212100053.54f9e3156a3d3.jpg",
      "115": "https://mir-s3-cdn-cf.behance.net/user/115/42836212100053.54f9e3156a3d3.jpg",
      "138": "https://mir-s3-cdn-cf.behance.net/user/138/42836212100053.54f9e3156a3d3.jpg",
      "50": "https://mir-s3-cdn-cf.behance.net/user/50/42836212100053.54f9e3156a3d3.jpg",
      "230": "https://mir-s3-cdn-cf.behance.net/user/230/42836212100053.54f9e3156a3d3.jpg"
    },
    "website": "akacaio.net",
    "occupation": "Copywriter Jr.",
    "city": "São Paulo",
    "social_links": [
      {
        "social_id": 1,
        "service_name": "Twitter",
        "value": "akaCaio",
        "url": "http://twitter.com/akaCaio"
      },
      {
        "social_id": 2,
        "service_name": "Facebook",
        "value": "caio.vduarte",
        "url": "http://facebook.com/caio.vduarte"
      },
      {
        "social_id": 4,
        "service_name": "LinkedIn",
        "value": "in/cvduarte",
        "url": "http://linkedin.com/in/cvduarte"
      }
    ],
    "last_name": "Duarte",
    "display_name": "Caio Duarte",
    "url": "https://www.behance.net/akacaio",
    "sections": [],
    "twitter": "@akaCaio",
    "created_on": 1425655748,
    "has_default_image": 0,
    "stats": {
      "followers": 2,
      "comments": 1,
      "appreciations": 2,
      "following": 5,
      "team_members": 0,
      "views": 42
    },
    "location": "São Paulo, Brazil",
    "company": "Agência Rocket Com",
    "links": [],
    "id": 12100053,
    "state": "",
    "fields": ["Copywriting"],
    "first_name": "Caio",
    "username": "akacaio"
  }
}