{
  "http_code": 200,
  "user": {
    "country": "United States",
    "images": {
      "115": "https://a3.behance.net/img/profile/no-image-115.jpg?cb=939944132",
      "138": "https://a3.behance.net/img/profile/no-image-138.jpg?cb=939944132",
      "50": "https://a3.behance.net/img/profile/no-image-50.jpg?cb=939944132"
    },
    "website": "",
    "occupation": "",
    "city": "Fort Worth",
    "social_links": [],
    "last_name": "Palma",
    "display_name": "J Palma",
    "url": "https://www.behance.net/j-palma",
    "sections": [],
    "twitter": "",
    "created_on": 1240243189,
    "has_default_image": 1,
    "stats": {
      "followers": 8,
      "comments": 0,
      "appreciations": 20,
      "following": 0,
      "team_members": 0,
      "views": 163
    },
    "location": "Fort Worth, TX, USA",
    "company": "",
    "links": [],
    "id": 101610,
    "state": "Texas",
    "fields": [
      "Print Design",
      "Graphic Design",
      "Branding"
    ],
    "first_name": "J",
    "username": "j-palma"
  }
}