{
  "http_code": 200,
  "user": {
    "country": "Thailand",
    "images": {
      "100": "https://mir-s3-cdn-cf.behance.net/user/100/0aef1d12500071.5510e1f856202.jpg",
      "276": "https://mir-s3-cdn-cf.behance.net/user/276/0aef1d12500071.5510e1f856202.jpg",
      "115": "https://mir-s3-cdn-cf.behance.net/user/115/0aef1d12500071.5510e1f856202.jpg",
      "138": "https://mir-s3-cdn-cf.behance.net/user/138/0aef1d12500071.5510e1f856202.jpg",
      "50": "https://mir-s3-cdn-cf.behance.net/user/50/0aef1d12500071.5510e1f856202.jpg",
      "230": "https://mir-s3-cdn-cf.behance.net/user/230/0aef1d12500071.5510e1f856202.jpg"
    },
    "website": "",
    "occupation": "",
    "city": "",
    "social_links": [],
    "last_name": "Vilailuck",
    "display_name": "Ruttanun Vilailuck",
    "url": "https://www.behance.net/phonetheko736b",
    "sections": [],
    "twitter": "",
    "created_on": 1427169734,
    "has_default_image": 0,
    "stats": {
      "followers": 0,
      "comments": 0,
      "appreciations": 0,
      "following": 0,
      "team_members": 0,
      "views": 0
    },
    "location": "Thailand",
    "company": "",
    "links": [],
    "id": 12500071,
    "state": "",
    "fields": [],
    "first_name": "Ruttanun",
    "username": "phonetheko736b"
  }
}