{
  "http_code": 200,
  "user": {
    "country": "Spain",
    "images": {
      "100": "https://mir-s3-cdn-cf.behance.net/user/100/53eac2101546.555399bb623ba.jpg",
      "276": "https://mir-s3-cdn-cf.behance.net/user/276/53eac2101546.555399bb623ba.jpg",
      "115": "https://mir-s3-cdn-cf.behance.net/user/115/53eac2101546.555399bb623ba.jpg",
      "138": "https://mir-s3-cdn-cf.behance.net/user/138/53eac2101546.555399bb623ba.jpg",
      "50": "https://mir-s3-cdn-cf.behance.net/user/50/53eac2101546.555399bb623ba.jpg",
      "230": "https://mir-s3-cdn-cf.behance.net/user/230/53eac2101546.555399bb623ba.jpg"
    },
    "website": "http://www.luisbeltran.eu",
    "occupation": "Photographer",
    "city": "Valencia",
    "social_links": [
      {
        "social_id": 2,
        "service_name": "Facebook",
        "value": "LuisBeltranPhotography?ref=hl",
        "url": "http://facebook.com/LuisBeltranPhotography?ref=hl"
      },
      {
        "social_id": 4,
        "service_name": "LinkedIn",
        "value": "profile/view?id=62745255&trk=nav_responsive_tab_profile_pic",
        "url": "http://linkedin.com/profile/view?id=62745255&trk=nav_responsive_tab_profile_pic"
      }
    ],
    "last_name": "Beltrán",
    "display_name": "Luis Beltrán",
    "url": "https://www.behance.net/LuisBeltran",
    "sections": {
      "Clients": "GERMAINE DE CAPUCCINI\nETNIA COSMETICS\nADRIANA IGLESIAS\nVICENTE GRACIA ART JEWELLERY\nXTRESS EXCLUSIVE \nMY BLÜCHERS\nTAU CERAMICA\n\n\n",
      "Contact": "Av. Francia, 161 Bajo. \n46024 Valencia. Spain.\nestudio@luisbeltran.eu\nwww.luisbeltran.eu"
    },
    "features": [
      {
        "site": {
          "domain": "www.behance.net",
          "name": "Behance.net",
          "icon": "https://a3.behance.net/img/site/favicon.ico",
          "ribbon": {
            "image": "https://a3.behance.net/img/galleries/ribbons/1x/net.png",
            "image_2x": "https://a3.behance.net/img/galleries/ribbons/2x/net@2x.png"
          },
          "id": 1,
          "key": "net",
          "url": "http://www.behance.net"
        },
        "projects": [{
          "id": 228625,
          "featured_on": 1302366601
        }]
      },
      {
        "site": {
          "app_icon": "",
          "domain": "photographyserved.com",
          "name": "Photography Served",
          "icon": "https://a3.behance.net/img/galleries/composed/photography.png",
          "ribbon": {
            "image": "https://a3.behance.net/img/galleries/ribbons/1x/photography.png",
            "image_2x": "https://a3.behance.net/img/galleries/ribbons/2x/photography@2x.png"
          },
          "id": 14,
          "key": "photography",
          "url": "http://photographyserved.com"
        },
        "projects": [{
          "id": 213590,
          "featured_on": 1267222501
        }]
      },
      {
        "site": {
          "app_icon": "",
          "domain": "digitalartserved.com",
          "name": "Digital Art Served",
          "icon": "https://a3.behance.net/img/galleries/composed/digitalart.png",
          "ribbon": {
            "image": "https://a3.behance.net/img/galleries/ribbons/1x/digitalart.png",
            "image_2x": "https://a3.behance.net/img/galleries/ribbons/2x/digitalart@2x.png"
          },
          "id": 15,
          "key": "digitalart",
          "url": "http://digitalartserved.com"
        },
        "projects": [
          {
            "id": 214194,
            "featured_on": 1301353203
          },
          {
            "id": 228625,
            "featured_on": 1300344352
          },
          {
            "id": 406552,
            "featured_on": 1303947022
          }
        ]
      },
      {
        "site": {
          "app_icon": "",
          "domain": "fashionserved.com",
          "name": "Fashion Served",
          "icon": "https://a3.behance.net/img/galleries/composed/fashion.png",
          "ribbon": {
            "image": "https://a3.behance.net/img/galleries/ribbons/1x/fashion.png",
            "image_2x": "https://a3.behance.net/img/galleries/ribbons/2x/fashion@2x.png"
          },
          "id": 9,
          "key": "fashion",
          "url": "http://fashionserved.com"
        },
        "projects": [{
          "id": 11399755,
          "featured_on": 1399563002
        }]
      }
    ],
    "twitter": "",
    "created_on": 1240178783,
    "has_default_image": 0,
    "stats": {
      "followers": 2023,
      "comments": 73,
      "appreciations": 10578,
      "following": 177,
      "team_members": 0,
      "views": 146347
    },
    "location": "Valencia, Spain",
    "company": "",
    "links": [
      {
        "title": "Vaso de Agua Blog",
        "url": "http://www.vasodeaguablog.com/blog/2010/1/22/luis-beltran.html"
      },
      {
        "title": "Art Inspire",
        "url": "http://www.art-spire.com/en/photographie/le-monde-enigmatique-de-luis-beltran/"
      },
      {
        "title": "Beware",
        "url": "http://beware-blog.com/2009/12/06/luis-beltran-photomontage/"
      },
      {
        "title": "Fotógrafos Artísticos",
        "url": "http://fotografosartisticos.blogspot.com/2009/10/entrevista-con-luis-beltran.html"
      },
      {
        "title": "Art Notes",
        "url": "http://www.artnotes.info/english/present-29.htm"
      }
    ],
    "id": 101546,
    "state": "",
    "fields": [
      "Digital Photography",
      "Photography",
      "Photo Manipulation"
    ],
    "first_name": "Luis",
    "username": "LuisBeltran"
  }
}