{
  "http_code": 200,
  "user": {
    "country": "United Kingdom",
    "images": {
      "100": "https://mir-s3-cdn-cf.behance.net/user/100/1200217.54213ac10b751.png",
      "276": "https://mir-s3-cdn-cf.behance.net/user/276/1200217.54213ac10b751.png",
      "115": "https://mir-s3-cdn-cf.behance.net/user/115/1200217.54213ac10b751.png",
      "138": "https://mir-s3-cdn-cf.behance.net/user/138/1200217.54213ac10b751.png",
      "50": "https://mir-s3-cdn-cf.behance.net/user/50/1200217.54213ac10b751.png",
      "230": "https://mir-s3-cdn-cf.behance.net/user/230/1200217.54213ac10b751.png"
    },
    "website": "",
    "occupation": "Freelancer",
    "city": "Leeds",
    "social_links": [],
    "last_name": "Briggs",
    "display_name": "Kristy Briggs",
    "url": "https://www.behance.net/kristybriggs",
    "sections": [],
    "twitter": "",
    "created_on": 1338210074,
    "has_default_image": 0,
    "stats": {
      "followers": 7,
      "comments": 0,
      "appreciations": 29,
      "following": 37,
      "team_members": 0,
      "views": 756
    },
    "location": "Leeds, United Kingdom",
    "company": "",
    "links": [
      {
        "title": "Studio Bold",
        "url": "http://www.studioboldphotography.co.uk/"
      },
      {
        "title": "Stone Restore",
        "url": "http://stonerestore.co.uk/"
      }
    ],
    "id": 1200217,
    "state": "",
    "fields": [
      "Branding",
      "UI/UX",
      "Web Design"
    ],
    "first_name": "Kristy",
    "username": "kristybriggs"
  }
}