{
  "http_code": 200,
  "user": {
    "country": "Netherlands",
    "images": {
      "115": "https://mir-s3-cdn-cf.behance.net/user/115/101535.53ab5aa76794b.jpg",
      "138": "https://mir-s3-cdn-cf.behance.net/user/138/101535.53ab5aa76794b.jpg",
      "50": "https://mir-s3-cdn-cf.behance.net/user/50/101535.53ab5aa76794b.jpg"
    },
    "website": "http://chadinamsterdam.com/",
    "occupation": "",
    "city": "Amsterdam",
    "social_links": [
      {
        "social_id": 1,
        "service_name": "Twitter",
        "value": "CHADinAMSTERDAM",
        "url": "http://twitter.com/CHADinAMSTERDAM"
      },
      {
        "social_id": 2,
        "service_name": "Facebook",
        "value": "CHADinAMSTERDAM",
        "url": "http://facebook.com/CHADinAMSTERDAM"
      },
      {
        "social_id": 4,
        "service_name": "LinkedIn",
        "value": "in/chadbilyeu",
        "url": "http://linkedin.com/in/chadbilyeu"
      },
      {
        "social_id": 8,
        "service_name": "Pinterest",
        "value": "CHADinAMSTERDAM",
        "url": "http://pinterest.com/CHADinAMSTERDAM"
      },
      {
        "social_id": 9,
        "service_name": "Tumblr",
        "value": "CHADinAMSTERDAM",
        "url": "http://CHADinAMSTERDAM.tumblr.com"
      },
      {
        "social_id": 5,
        "service_name": "Vimeo",
        "value": "CHADinAMSTERDAM",
        "url": "http://vimeo.com/CHADinAMSTERDAM"
      }
    ],
    "last_name": "Bilyeu",
    "display_name": "Chad Bilyeu",
    "url": "https://www.behance.net/ChadBilyeu",
    "sections": {"About": "A world-traveled epicure originating from Cleveland, Ohio, Chad Bilyeu adopted Amsterdam as his home in 2009. A distinguished graduate of Georgetown University and published scribe, Chad has documented his adventures in Amsterdam extensively on his photography website, Chad in Amsterdam. "},
    "twitter": "@CHADinAMSTERDAM",
    "created_on": 1240176875,
    "has_default_image": 0,
    "stats": {
      "followers": 4,
      "comments": 0,
      "appreciations": 10,
      "following": 0,
      "team_members": 0,
      "views": 723
    },
    "location": "Amsterdam, Netherlands",
    "company": "",
    "links": [
      {
        "title": "Chad in Amsterdam",
        "url": "http://chadinamsterdam.com/"
      },
      {
        "title": "Chad in Amsterdam: Field Notes",
        "url": "http://fieldnotes.chadinamsterdam.com/"
      },
      {
        "title": "Amsterdam 2.0",
        "url": "http://amsterdam2point0.nl/"
      }
    ],
    "id": 101535,
    "state": "",
    "fields": [
      "Digital Photography",
      "Photojournalism",
      "Film"
    ],
    "first_name": "Chad",
    "username": "ChadBilyeu"
  }
}