{
  "http_code": 200,
  "user": {
    "country": "Italy",
    "images": {
      "115": "https://a3.behance.net/img/profile/no-image-115.jpg?cb=1673063716",
      "138": "https://a3.behance.net/img/profile/no-image-138.jpg?cb=1673063716",
      "50": "https://a3.behance.net/img/profile/no-image-50.jpg?cb=1673063716"
    },
    "website": "www.eroscartechini.com",
    "occupation": "Soundtrack Composer",
    "city": "Macerata",
    "social_links": [],
    "last_name": "Cartechini",
    "display_name": "Eros Cartechini",
    "url": "https://www.behance.net/eroscomposer",
    "sections": [],
    "twitter": "",
    "created_on": 1338205158,
    "has_default_image": 1,
    "stats": {
      "followers": 3,
      "comments": 0,
      "appreciations": 1,
      "following": 0,
      "team_members": 0,
      "views": 51
    },
    "location": "Macerata, Italy",
    "company": "",
    "links": [],
    "id": 1200057,
    "state": "",
    "fields": [
      "Film",
      "Music"
    ],
    "first_name": "Eros",
    "username": "eroscomposer"
  }
}