{
  "http_code": 200,
  "user": {
    "country": "United States",
    "images": {
      "115": "https://mir-s3-cdn-cf.behance.net/user/115/101528.53ab5a4058439.jpg",
      "138": "https://mir-s3-cdn-cf.behance.net/user/138/101528.53ab5a4058439.jpg",
      "50": "https://mir-s3-cdn-cf.behance.net/user/50/101528.53ab5a4058439.jpg"
    },
    "website": "http://www.matthewgayle.com",
    "occupation": "",
    "city": "Miami",
    "social_links": [],
    "last_name": "Gayle",
    "display_name": "Matthew Gayle",
    "url": "https://www.behance.net/MatthewGayle",
    "sections": {
      "Tools of Creativity": "Pastels, Watercolors, Concentrated Dyes, Graphite, Lithography, Pen and Ink, Mixed Media, Adobe PhotoShop and Illustrator, and Corel Painter.",
      "Matthew Gayle": "I am an illustrator available for freelance work. I enjoy communicating through line and color. Feel free to drop me a line at mtg@matthewgayle.com for information."
    },
    "twitter": "",
    "created_on": 1240169299,
    "has_default_image": 0,
    "stats": {
      "followers": 11,
      "comments": 0,
      "appreciations": 5,
      "following": 6,
      "team_members": 0,
      "views": 249
    },
    "location": "Miami, FL, USA",
    "company": "",
    "links": [{
      "title": "Sketch Blog",
      "url": "http://www.themajestic008.blogspot.com"
    }],
    "id": 101528,
    "state": "Florida",
    "fields": [
      "Illustration",
      "Storytelling",
      "Drawing"
    ],
    "first_name": "Matthew",
    "username": "MatthewGayle"
  }
}