{
  "http_code": 200,
  "user": {
    "country": "United States",
    "images": {
      "115": "https://a3.behance.net/img/profile/no-image-115.jpg?cb=1673063716",
      "138": "https://a3.behance.net/img/profile/no-image-138.jpg?cb=1673063716",
      "50": "https://a3.behance.net/img/profile/no-image-50.jpg?cb=1673063716"
    },
    "website": "",
    "occupation": "Communication Design",
    "city": "New York",
    "social_links": [],
    "last_name": "Kowalski",
    "display_name": "Michael Kowalski",
    "url": "https://www.behance.net/mkowalski",
    "sections": [],
    "twitter": "",
    "created_on": 1338206111,
    "has_default_image": 1,
    "stats": {
      "followers": 0,
      "comments": 0,
      "appreciations": 0,
      "following": 0,
      "team_members": 0,
      "views": 0
    },
    "location": "New York, NY, USA",
    "company": "",
    "links": [],
    "id": 1200103,
    "state": "New York",
    "fields": [],
    "first_name": "Michael",
    "username": "mkowalski"
  }
}