{
  "http_code": 200,
  "user": {
    "country": "United Kingdom",
    "images": {
      "115": "https://mir-s3-cdn-cf.behance.net/user/115/101510.53ab5a380eb63.jpg",
      "138": "https://mir-s3-cdn-cf.behance.net/user/138/101510.53ab5a380eb63.jpg",
      "50": "https://mir-s3-cdn-cf.behance.net/user/50/101510.53ab5a380eb63.jpg"
    },
    "website": "http://www.katyhudson.co.uk",
    "occupation": "",
    "city": "Middlesbrough",
    "social_links": [],
    "last_name": "hudson",
    "display_name": "katy hudson",
    "url": "https://www.behance.net/katyhudson",
    "sections": {"Katy Louise Hudson": "Freelance Illustrator"},
    "features": [{
      "site": {
        "app_icon": "",
        "domain": "illustrationserved.com",
        "name": "Illustration Served",
        "icon": "https://a3.behance.net/img/galleries/composed/illustration.png",
        "ribbon": {
          "image": "https://a3.behance.net/img/galleries/ribbons/1x/illustration.png",
          "image_2x": "https://a3.behance.net/img/galleries/ribbons/2x/illustration@2x.png"
        },
        "id": 4,
        "key": "illustration",
        "url": "http://illustrationserved.com"
      },
      "projects": [{
        "id": 213262,
        "featured_on": 1289178001
      }]
    }],
    "twitter": "",
    "created_on": 1240164049,
    "has_default_image": 0,
    "stats": {
      "followers": 9,
      "comments": 0,
      "appreciations": 37,
      "following": 2,
      "team_members": 0,
      "views": 1414
    },
    "location": "Middlesbrough, United Kingdom",
    "company": "",
    "links": [
      {
        "title": "My personal Website",
        "url": "http://www.katyhudson.co.uk"
      },
      {
        "title": "agency website",
        "url": "http://www.mosquitoinc.co.uk"
      }
    ],
    "id": 101510,
    "state": "",
    "fields": [
      "Illustration",
      "Painting",
      "Design"
    ],
    "first_name": "katy",
    "username": "katyhudson"
  }
}