{
  "http_code": 200,
  "user": {
    "country": "United Kingdom",
    "images": {
      "115": "https://a3.behance.net/img/profile/no-image-115.jpg?cb=1673063716",
      "138": "https://a3.behance.net/img/profile/no-image-138.jpg?cb=1673063716",
      "50": "https://a3.behance.net/img/profile/no-image-50.jpg?cb=1673063716"
    },
    "website": "www.fleurgooch.com",
    "occupation": "Graphic Design",
    "city": "London",
    "social_links": [],
    "last_name": "Gooch",
    "display_name": "Fleur Gooch",
    "url": "https://www.behance.net/fleurgooch",
    "sections": [],
    "twitter": "",
    "created_on": 1338207861,
    "has_default_image": 1,
    "stats": {
      "followers": 1,
      "comments": 0,
      "appreciations": 1,
      "following": 0,
      "team_members": 0,
      "views": 171
    },
    "location": "London, United Kingdom",
    "company": "Fleur Gooch",
    "links": [],
    "id": 1200157,
    "state": "",
    "fields": [
      "UI/UX",
      "Art Direction",
      "Digital Art"
    ],
    "first_name": "Fleur",
    "username": "fleurgooch"
  }
}