{
  "http_code": 200,
  "user": {
    "country": "South Africa",
    "images": {
      "115": "https://a3.behance.net/img/profile/no-image-115.jpg?cb=2050110936",
      "138": "https://a3.behance.net/img/profile/no-image-138.jpg?cb=2050110936",
      "50": "https://a3.behance.net/img/profile/no-image-50.jpg?cb=2050110936"
    },
    "website": "",
    "occupation": "",
    "city": "Port Elizabeth",
    "social_links": [],
    "last_name": "Topkin",
    "display_name": "Steve Topkin",
    "url": "https://www.behance.net/StevensWebD",
    "sections": [],
    "twitter": "",
    "created_on": 1425655650,
    "has_default_image": 1,
    "stats": {
      "followers": 0,
      "comments": 0,
      "appreciations": 0,
      "following": 1,
      "team_members": 0,
      "views": 0
    },
    "location": "Port Elizabeth, South Africa",
    "company": "",
    "links": [],
    "id": 12100021,
    "state": "",
    "fields": [],
    "first_name": "Steve",
    "username": "StevensWebD"
  }
}