{
  "http_code": 200,
  "user": {
    "country": "Spain",
    "images": {
      "115": "https://mir-s3-cdn-cf.behance.net/user/115/1200007.53b3784d82129.jpg",
      "138": "https://mir-s3-cdn-cf.behance.net/user/138/1200007.53b3784d82129.jpg",
      "50": "https://mir-s3-cdn-cf.behance.net/user/50/1200007.53b3784d82129.jpg"
    },
    "website": "",
    "occupation": "Video Editor, Motion Grapher",
    "city": "Madrid",
    "social_links": [{
      "social_id": 4,
      "service_name": "LinkedIn",
      "value": "pub/alicia-medina/29/b9b/72a",
      "url": "http://linkedin.com/pub/alicia-medina/29/b9b/72a"
    }],
    "last_name": "Medina",
    "display_name": "Alicia Medina",
    "url": "https://www.behance.net/AliciaMedina",
    "sections": [],
    "twitter": "",
    "created_on": 1338203467,
    "has_default_image": 0,
    "stats": {
      "followers": 1,
      "comments": 0,
      "appreciations": 3,
      "following": 7,
      "team_members": 0,
      "views": 123
    },
    "location": "Madrid, Spain",
    "company": "",
    "links": [],
    "id": 1200007,
    "state": "",
    "fields": [
      "Motion Graphics",
      "Animation",
      "Advertising"
    ],
    "first_name": "Alicia",
    "username": "AliciaMedina"
  }
}