{
  "http_code": 200,
  "user": {
    "country": "Germany",
    "images": {
      "100": "https://mir-s3-cdn-cf.behance.net/user/100/93339c12100181.54f9c96b26c93.jpg",
      "276": "https://mir-s3-cdn-cf.behance.net/user/276/93339c12100181.54f9c96b26c93.jpg",
      "115": "https://mir-s3-cdn-cf.behance.net/user/115/93339c12100181.54f9c96b26c93.jpg",
      "138": "https://mir-s3-cdn-cf.behance.net/user/138/93339c12100181.54f9c96b26c93.jpg",
      "50": "https://mir-s3-cdn-cf.behance.net/user/50/93339c12100181.54f9c96b26c93.jpg",
      "230": "https://mir-s3-cdn-cf.behance.net/user/230/93339c12100181.54f9c96b26c93.jpg"
    },
    "website": "",
    "occupation": "",
    "city": "",
    "social_links": [],
    "last_name": "Lück",
    "display_name": "Marco Lück",
    "url": "https://www.behance.net/marcolueckf5f8",
    "sections": [],
    "twitter": "",
    "created_on": 1425656155,
    "has_default_image": 0,
    "stats": {
      "followers": 0,
      "comments": 0,
      "appreciations": 0,
      "following": 0,
      "team_members": 0,
      "views": 0
    },
    "location": "Germany",
    "company": "",
    "links": [],
    "id": 12100181,
    "state": "",
    "fields": [],
    "first_name": "Marco",
    "username": "marcolueckf5f8"
  }
}