{
  "http_code": 200,
  "user": {
    "country": "Netherlands",
    "images": {
      "115": "https://mir-s3-cdn-cf.behance.net/user/115/101588.53ab5acd4ba2b.png",
      "138": "https://mir-s3-cdn-cf.behance.net/user/138/101588.53ab5acd4ba2b.png",
      "50": "https://mir-s3-cdn-cf.behance.net/user/50/101588.53ab5acd4ba2b.png"
    },
    "website": "http://www.lordh.net",
    "occupation": "",
    "city": "Amsterdam",
    "social_links": [],
    "last_name": "Castellani",
    "display_name": "Francesco Castellani",
    "url": "https://www.behance.net/lordh",
    "sections": [],
    "twitter": "",
    "created_on": 1240236536,
    "has_default_image": 0,
    "stats": {
      "followers": 38,
      "comments": 11,
      "appreciations": 52,
      "following": 37,
      "team_members": 0,
      "views": 904
    },
    "location": "Amsterdam, Netherlands",
    "company": "",
    "links": [
      {
        "title": "Mikosa Magazine",
        "url": "http://www.mikosa.net"
      },
      {
        "title": "Plastik Joy",
        "url": "http://www.plastikjoy.com"
      },
      {
        "title": "Razk Amsterdam",
        "url": "http://www.razk.com"
      },
      {
        "title": "3:03",
        "url": "http://www.threeothree.net/"
      }
    ],
    "id": 101588,
    "state": "",
    "fields": [
      "Digital Art",
      "Graphic Design",
      "Typography"
    ],
    "first_name": "Francesco",
    "username": "lordh"
  }
}