{
  "http_code": 200,
  "user": {
    "country": "United States",
    "images": {
      "115": "https://mir-s3-cdn-cf.behance.net/user/115/101518.53ab5a3a99680.jpg",
      "138": "https://mir-s3-cdn-cf.behance.net/user/138/101518.53ab5a3a99680.jpg",
      "50": "https://mir-s3-cdn-cf.behance.net/user/50/101518.53ab5a3a99680.jpg"
    },
    "website": "http://hexameta.com",
    "occupation": "",
    "city": "San Francisco",
    "social_links": [],
    "last_name": "Scott",
    "display_name": "Ryan Scott",
    "url": "https://www.behance.net/hexameta",
    "sections": [],
    "twitter": "",
    "created_on": 1240165474,
    "has_default_image": 0,
    "stats": {
      "followers": 17,
      "comments": 28,
      "appreciations": 28,
      "following": 28,
      "team_members": 0,
      "views": 1777
    },
    "location": "San Francisco, CA, USA",
    "company": "Filmcore",
    "links": [],
    "id": 101518,
    "state": "California",
    "fields": [
      "Motion Graphics",
      "Graphic Design",
      "Photography"
    ],
    "first_name": "Ryan",
    "username": "hexameta"
  }
}