{
  "http_code": 200,
  "user": {
    "country": "India",
    "images": {
      "115": "https://a3.behance.net/img/profile/no-image-115.jpg?cb=1673063716",
      "138": "https://a3.behance.net/img/profile/no-image-138.jpg?cb=1673063716",
      "50": "https://a3.behance.net/img/profile/no-image-50.jpg?cb=1673063716"
    },
    "website": "",
    "occupation": "Student",
    "city": "Chennai",
    "social_links": [],
    "last_name": "Babu",
    "display_name": "Suresh Babu",
    "url": "https://www.behance.net/SureshbabuR",
    "sections": [],
    "twitter": "",
    "created_on": 1338205793,
    "has_default_image": 1,
    "stats": {
      "followers": 0,
      "comments": 0,
      "appreciations": 0,
      "following": 0,
      "team_members": 0,
      "views": 0
    },
    "location": "Chennai, India",
    "company": "",
    "links": [],
    "id": 1200085,
    "state": "",
    "fields": [],
    "first_name": "Suresh",
    "username": "SureshbabuR"
  }
}