{
  "http_code": 200,
  "user": {
    "country": "China",
    "images": {
      "115": "https://mir-s3-cdn-cf.behance.net/user/115/101591.53ab5ad024b7a.jpg",
      "138": "https://mir-s3-cdn-cf.behance.net/user/138/101591.53ab5ad024b7a.jpg",
      "50": "https://mir-s3-cdn-cf.behance.net/user/50/101591.53ab5ad024b7a.jpg"
    },
    "website": "http://",
    "occupation": "",
    "city": "Beijing",
    "social_links": [],
    "last_name": "egg",
    "display_name": "rolling egg",
    "url": "https://www.behance.net/rollingegg",
    "sections": [],
    "features": [{
      "site": {
        "app_icon": "",
        "domain": "architectureserved.com",
        "name": "Architecture Served",
        "icon": "https://a3.behance.net/img/galleries/composed/architecture.png",
        "ribbon": {
          "image": "https://a3.behance.net/img/galleries/ribbons/1x/architecture.png",
          "image_2x": "https://a3.behance.net/img/galleries/ribbons/2x/architecture@2x.png"
        },
        "id": 21,
        "key": "architecture",
        "url": "http://architectureserved.com"
      },
      "projects": [{
        "id": 213779,
        "featured_on": 1339002004
      }]
    }],
    "twitter": "",
    "created_on": 1240237070,
    "has_default_image": 0,
    "stats": {
      "followers": 66,
      "comments": 33,
      "appreciations": 89,
      "following": 41,
      "team_members": 0,
      "views": 2235
    },
    "location": "Beijing, China",
    "company": "",
    "links": [],
    "id": 101591,
    "state": "",
    "fields": [
      "Architecture",
      "Industrial Design",
      "Music"
    ],
    "first_name": "rolling",
    "username": "rollingegg"
  }
}