{
  "http_code": 200,
  "user": {
    "country": "Saudi Arabia",
    "images": {
      "115": "https://a3.behance.net/img/profile/no-image-115.jpg?cb=2050110936",
      "138": "https://a3.behance.net/img/profile/no-image-138.jpg?cb=2050110936",
      "50": "https://a3.behance.net/img/profile/no-image-50.jpg?cb=2050110936"
    },
    "website": "",
    "occupation": "",
    "city": "Riyadh",
    "social_links": [],
    "last_name": "Khaldi",
    "display_name": "Tarek Khaldi",
    "url": "https://www.behance.net/tarekkhaldi",
    "sections": [],
    "twitter": "",
    "created_on": 1425655994,
    "has_default_image": 1,
    "stats": {
      "followers": 0,
      "comments": 0,
      "appreciations": 0,
      "following": 21,
      "team_members": 0,
      "views": 0
    },
    "location": "Riyadh, Saudi Arabia",
    "company": "",
    "links": [],
    "id": 12100133,
    "state": "",
    "fields": [],
    "first_name": "Tarek",
    "username": "tarekkhaldi"
  }
}