{
  "http_code": 200,
  "user": {
    "country": "Switzerland",
    "images": {
      "115": "https://a3.behance.net/img/profile/no-image-115.jpg?cb=939944132",
      "138": "https://a3.behance.net/img/profile/no-image-138.jpg?cb=939944132",
      "50": "https://a3.behance.net/img/profile/no-image-50.jpg?cb=939944132"
    },
    "website": "http://",
    "occupation": "",
    "city": "Lausanne",
    "social_links": [],
    "last_name": "Lambert",
    "display_name": "Manuel Lambert",
    "url": "https://www.behance.net/ManuelLambert",
    "sections": [],
    "twitter": "",
    "created_on": 1240257559,
    "has_default_image": 1,
    "stats": {
      "followers": 2,
      "comments": 0,
      "appreciations": 0,
      "following": 1,
      "team_members": 0,
      "views": 0
    },
    "location": "Lausanne, Switzerland",
    "company": "",
    "links": [],
    "id": 101631,
    "state": "",
    "fields": [],
    "first_name": "Manuel",
    "username": "ManuelLambert"
  }
}