{
  "http_code": 200,
  "user": {
    "country": "United Arab Emirates",
    "images": {
      "115": "https://a3.behance.net/img/profile/no-image-115.jpg?cb=1673063716",
      "138": "https://a3.behance.net/img/profile/no-image-138.jpg?cb=1673063716",
      "50": "https://a3.behance.net/img/profile/no-image-50.jpg?cb=1673063716"
    },
    "website": "",
    "occupation": "Interior Designer",
    "city": "Dubai",
    "social_links": [],
    "last_name": "Meledath",
    "display_name": "Ajith Meledath",
    "url": "https://www.behance.net/ajithms",
    "sections": [],
    "twitter": "",
    "created_on": 1338209615,
    "has_default_image": 1,
    "stats": {
      "followers": 1,
      "comments": 0,
      "appreciations": 0,
      "following": 0,
      "team_members": 0,
      "views": 0
    },
    "location": "Dubai, United Arab Emirates",
    "company": "emmessdesign",
    "links": [],
    "id": 1200205,
    "state": "",
    "fields": [],
    "first_name": "Ajith",
    "username": "ajithms"
  }
}