{
  "http_code": 200,
  "user": {
    "country": "Pakistan",
    "images": {
      "100": "https://mir-s3-cdn-cf.behance.net/user/100/3aec9b1200197.56a1dc0c12bdf.jpg",
      "276": "https://mir-s3-cdn-cf.behance.net/user/276/3aec9b1200197.56a1dc0c12bdf.jpg",
      "115": "https://mir-s3-cdn-cf.behance.net/user/115/3aec9b1200197.56a1dc0c12bdf.jpg",
      "138": "https://mir-s3-cdn-cf.behance.net/user/138/3aec9b1200197.56a1dc0c12bdf.jpg",
      "50": "https://mir-s3-cdn-cf.behance.net/user/50/3aec9b1200197.56a1dc0c12bdf.jpg",
      "230": "https://mir-s3-cdn-cf.behance.net/user/230/3aec9b1200197.56a1dc0c12bdf.jpg"
    },
    "website": "",
    "occupation": "Senior CG Artist",
    "city": "Lahore",
    "social_links": [],
    "last_name": "imtiaz",
    "display_name": "Tabbzz imtiaz",
    "url": "https://www.behance.net/tabbz",
    "sections": [],
    "twitter": "",
    "created_on": 1338209416,
    "has_default_image": 0,
    "stats": {
      "followers": 39,
      "comments": 2,
      "appreciations": 367,
      "following": 26,
      "team_members": 0,
      "views": 2596
    },
    "location": "Lahore, Pakistan",
    "company": "",
    "links": [],
    "id": 1200197,
    "state": "",
    "fields": [
      "Illustration",
      "Graphic Design",
      "Game Design"
    ],
    "first_name": "Tabbzz",
    "username": "tabbz"
  }
}