{
  "http_code": 200,
  "user": {
    "country": "Canada",
    "images": {
      "115": "https://a3.behance.net/img/profile/no-image-115.jpg?cb=1673063716",
      "138": "https://a3.behance.net/img/profile/no-image-138.jpg?cb=1673063716",
      "50": "https://a3.behance.net/img/profile/no-image-50.jpg?cb=1673063716"
    },
    "website": "",
    "occupation": "CG / CINEMATIC / COMMERCIAL DIRECTOR , CREATIVE DIRECTOR",
    "city": "Vancouver",
    "social_links": [],
    "last_name": "MCEWEN",
    "display_name": "CRAIG MCEWEN",
    "url": "https://www.behance.net/SUPEROCULAR",
    "sections": [],
    "twitter": "",
    "created_on": 1338204144,
    "has_default_image": 1,
    "stats": {
      "followers": 1,
      "comments": 0,
      "appreciations": 0,
      "following": 0,
      "team_members": 0,
      "views": 0
    },
    "location": "Vancouver, British Columbia, Canada",
    "company": "",
    "links": [],
    "id": 1200033,
    "state": "British Columbia",
    "fields": [],
    "first_name": "CRAIG",
    "username": "SUPEROCULAR"
  }
}