{
  "http_code": 200,
  "user": {
    "country": "Ukraine",
    "images": {
      "115": "https://a3.behance.net/img/profile/no-image-115.jpg?cb=1673063716",
      "138": "https://a3.behance.net/img/profile/no-image-138.jpg?cb=1673063716",
      "50": "https://a3.behance.net/img/profile/no-image-50.jpg?cb=1673063716"
    },
    "website": "",
    "occupation": "",
    "city": "Kiev",
    "social_links": [],
    "last_name": "MIt",
    "display_name": "HEL MIt",
    "url": "https://www.behance.net/Hmit",
    "sections": [],
    "twitter": "",
    "created_on": 1338212618,
    "has_default_image": 1,
    "stats": {
      "followers": 0,
      "comments": 0,
      "appreciations": 0,
      "following": 0,
      "team_members": 0,
      "views": 8
    },
    "location": "Kiev, Ukraine",
    "company": "MIT",
    "links": [],
    "id": 1200283,
    "state": "",
    "fields": [],
    "first_name": "HEL",
    "username": "Hmit"
  }
}