{
  "http_code": 200,
  "user": {
    "country": "United States",
    "images": {
      "100": "https://mir-s3-cdn-cf.behance.net/user/100/101647.53ab5af68d0fb.jpg",
      "276": "https://mir-s3-cdn-cf.behance.net/user/276/101647.53ab5af68d0fb.jpg",
      "115": "https://mir-s3-cdn-cf.behance.net/user/115/101647.53ab5af68d0fb.jpg",
      "138": "https://mir-s3-cdn-cf.behance.net/user/138/101647.53ab5af68d0fb.jpg",
      "50": "https://mir-s3-cdn-cf.behance.net/user/50/101647.53ab5af68d0fb.jpg",
      "230": "https://mir-s3-cdn-cf.behance.net/user/230/101647.53ab5af68d0fb.jpg"
    },
    "website": "http://www.evanylee.com",
    "occupation": "Photographer",
    "city": "New York",
    "social_links": [],
    "last_name": "Lee",
    "display_name": "Evan Lee",
    "url": "https://www.behance.net/evanylee",
    "sections": {"About": "Originally from upstate New York, Evan Lee is a New York City based photographer, specializing in beauty, portraits, and still-life. Having started out in Fine Arts, Evan learned how to capture time with softness and emotion. Strategically trading in his brushes and stretched canvases, Evan began capturing time through photography. \n\nWhile working under the legendary Patrick Demarchelier, Evan has also carved out his own roster of global clients: VOGUE China, VOGUE Turkey, L'Oreal, The Metropolitan Museum of Art, BBDO New York, McCann Erickson Worldwide, , Saatchi & Saatchi, Restaurant Associates, and Oribe Hair Care."},
    "features": [{
      "site": {
        "app_icon": "",
        "domain": "muaserved.com",
        "name": "Makeup Arts Served",
        "icon": "https://a3.behance.net/img/galleries/composed/makeup.png",
        "ribbon": {
          "image": "https://a3.behance.net/img/galleries/ribbons/1x/makeup.png",
          "image_2x": "https://a3.behance.net/img/galleries/ribbons/2x/makeup@2x.png"
        },
        "id": 42,
        "key": "makeup",
        "url": "http://muaserved.com"
      },
      "projects": [{
        "id": 10329261,
        "featured_on": 1384830008
      }]
    }],
    "twitter": "",
    "created_on": 1240272806,
    "has_default_image": 0,
    "stats": {
      "followers": 83,
      "comments": 0,
      "appreciations": 39,
      "following": 46,
      "team_members": 0,
      "views": 493
    },
    "location": "New York, NY, USA",
    "company": "",
    "links": [{
      "title": "Evan Lee Photography",
      "url": "http://www.evanylee.com"
    }],
    "id": 101647,
    "state": "New York",
    "fields": [
      "Photography",
      "MakeUp Arts (MUA)",
      "Advertising"
    ],
    "first_name": "Evan",
    "username": "evanylee"
  }
}