{
  "http_code": 200,
  "user": {
    "country": "China",
    "images": {
      "115": "https://a3.behance.net/img/profile/no-image-115.jpg?cb=2050110936",
      "138": "https://a3.behance.net/img/profile/no-image-138.jpg?cb=2050110936",
      "50": "https://a3.behance.net/img/profile/no-image-50.jpg?cb=2050110936"
    },
    "website": "omegawatchesreplica.yolasite.com/",
    "occupation": "",
    "city": "Guangzhou",
    "social_links": [],
    "last_name": "omega",
    "display_name": "replica omega",
    "url": "https://www.behance.net/iwatchhome52a6",
    "sections": [],
    "twitter": "",
    "created_on": 1425655892,
    "has_default_image": 1,
    "stats": {
      "followers": 0,
      "comments": 0,
      "appreciations": 0,
      "following": 0,
      "team_members": 0,
      "views": 0
    },
    "location": "Guangzhou, China",
    "company": "",
    "links": [],
    "id": 12100097,
    "state": "",
    "fields": [],
    "first_name": "replica",
    "username": "iwatchhome52a6"
  }
}