{
  "http_code": 200,
  "user": {
    "country": "United States",
    "images": {
      "115": "https://a3.behance.net/img/profile/no-image-115.jpg?cb=939944132",
      "138": "https://a3.behance.net/img/profile/no-image-138.jpg?cb=939944132",
      "50": "https://a3.behance.net/img/profile/no-image-50.jpg?cb=939944132"
    },
    "website": "http://www.designgoodthings.com",
    "occupation": "Web/Graphic Designer",
    "city": "Austin",
    "social_links": [],
    "last_name": "Engle",
    "display_name": "Heather Engle",
    "url": "https://www.behance.net/haedesign",
    "sections": [],
    "twitter": "",
    "created_on": 1240177529,
    "has_default_image": 1,
    "stats": {
      "followers": 3,
      "comments": 0,
      "appreciations": 0,
      "following": 0,
      "team_members": 0,
      "views": 0
    },
    "location": "Austin, TX, USA",
    "company": "",
    "links": [],
    "id": 101541,
    "state": "Texas",
    "fields": [],
    "first_name": "Heather",
    "username": "haedesign"
  }
}