{
  "http_code": 200,
  "user": {
    "country": "Poland",
    "images": {
      "115": "https://mir-s3-cdn-cf.behance.net/user/115/1200143.53b378a9a218f.jpg",
      "138": "https://mir-s3-cdn-cf.behance.net/user/138/1200143.53b378a9a218f.jpg",
      "50": "https://mir-s3-cdn-cf.behance.net/user/50/1200143.53b378a9a218f.jpg"
    },
    "website": "http://sroka.art.pl",
    "occupation": "Photographer",
    "city": "Krakow",
    "social_links": [],
    "last_name": "Sroka",
    "display_name": "Marcin Sroka",
    "url": "https://www.behance.net/marcinsroka",
    "sections": [],
    "twitter": "",
    "created_on": 1338207290,
    "has_default_image": 0,
    "stats": {
      "followers": 2,
      "comments": 0,
      "appreciations": 1,
      "following": 6,
      "team_members": 0,
      "views": 22
    },
    "location": "Krakow, Poland",
    "company": "",
    "links": [],
    "id": 1200143,
    "state": "",
    "fields": ["Photography"],
    "first_name": "Marcin",
    "username": "marcinsroka"
  }
}