{
  "http_code": 200,
  "user": {
    "country": "Romania",
    "images": {
      "115": "https://mir-s3-cdn-cf.behance.net/user/115/1200285.53b378cb37477.jpg",
      "138": "https://mir-s3-cdn-cf.behance.net/user/138/1200285.53b378cb37477.jpg",
      "50": "https://mir-s3-cdn-cf.behance.net/user/50/1200285.53b378cb37477.jpg"
    },
    "website": "",
    "occupation": "IllustratorGraphic Designer,Painter,Digital artist,",
    "city": "Bucharest",
    "social_links": [],
    "last_name": "Alice Helen",
    "display_name": "Zigman Alice Helen",
    "url": "https://www.behance.net/Alice_Helen_Zigman",
    "sections": [],
    "twitter": "",
    "created_on": 1338212706,
    "has_default_image": 0,
    "stats": {
      "followers": 1,
      "comments": 0,
      "appreciations": 0,
      "following": 0,
      "team_members": 0,
      "views": 0
    },
    "location": "Bucharest, Romania",
    "company": "Alice Helen Zigman",
    "links": [],
    "id": 1200285,
    "state": "",
    "fields": [],
    "first_name": "Zigman",
    "username": "Alice_Helen_Zigman"
  }
}