{
  "http_code": 200,
  "user": {
    "country": "Uruguay",
    "images": {
      "115": "https://mir-s3-cdn-cf.behance.net/user/115/1200063.53b37854cb34f.jpg",
      "138": "https://mir-s3-cdn-cf.behance.net/user/138/1200063.53b37854cb34f.jpg",
      "50": "https://mir-s3-cdn-cf.behance.net/user/50/1200063.53b37854cb34f.jpg"
    },
    "website": "",
    "occupation": "Graphic Designer",
    "city": "Montevideo",
    "social_links": [],
    "last_name": "Quartino",
    "display_name": "Ylenia Quartino",
    "url": "https://www.behance.net/yle8652b2",
    "sections": {"About Me": "I'm studying Graphic Design in the University ORT Uruguay."},
    "twitter": "",
    "created_on": 1338205251,
    "has_default_image": 0,
    "stats": {
      "followers": 4,
      "comments": 0,
      "appreciations": 3,
      "following": 70,
      "team_members": 0,
      "views": 112
    },
    "location": "Montevideo, Uruguay",
    "company": "",
    "links": [],
    "id": 1200063,
    "state": "",
    "fields": [
      "Graphic Design",
      "Typography",
      "Painting"
    ],
    "first_name": "Ylenia",
    "username": "yle8652b2"
  }
}