{
  "http_code": 200,
  "user": {
    "country": "Canada",
    "images": {
      "115": "https://mir-s3-cdn-cf.behance.net/user/115/101630.53ab5aed8be96.jpg",
      "138": "https://mir-s3-cdn-cf.behance.net/user/138/101630.53ab5aed8be96.jpg",
      "50": "https://mir-s3-cdn-cf.behance.net/user/50/101630.53ab5aed8be96.jpg"
    },
    "website": "http://animalchef.blogspot.com/",
    "occupation": "",
    "city": "Toronto",
    "social_links": [],
    "last_name": "Fan",
    "display_name": "Michael Fan",
    "url": "https://www.behance.net/michaelfan",
    "sections": [],
    "twitter": "",
    "created_on": 1240257106,
    "has_default_image": 0,
    "stats": {
      "followers": 48,
      "comments": 0,
      "appreciations": 25,
      "following": 40,
      "team_members": 0,
      "views": 1348
    },
    "location": "Toronto, Ontario, Canada",
    "company": "",
    "links": [],
    "id": 101630,
    "state": "Ontario",
    "fields": [
      "Illustration",
      "Digital Art",
      "Painting"
    ],
    "first_name": "Michael",
    "username": "michaelfan"
  }
}