{
  "http_code": 200,
  "user": {
    "country": "Brazil",
    "images": {
      "115": "https://mir-s3-cdn-cf.behance.net/user/115/1200295.53b378ce2683c.jpg",
      "138": "https://mir-s3-cdn-cf.behance.net/user/138/1200295.53b378ce2683c.jpg",
      "50": "https://mir-s3-cdn-cf.behance.net/user/50/1200295.53b378ce2683c.jpg"
    },
    "website": "www.robertodecarvalho.com.br",
    "occupation": "Diretor de Arte",
    "city": "Goaiz",
    "social_links": [],
    "last_name": "Guerreiro",
    "display_name": "Roberto Guerreiro",
    "url": "https://www.behance.net/roberto_guerreiro",
    "sections": [],
    "twitter": "",
    "created_on": 1338212832,
    "has_default_image": 0,
    "stats": {
      "followers": 21,
      "comments": 3,
      "appreciations": 14,
      "following": 265,
      "team_members": 0,
      "views": 638
    },
    "location": "Goaiz, Brazil",
    "company": "- Sua Propaganda",
    "links": [],
    "id": 1200295,
    "state": "",
    "fields": [
      "Art Direction",
      "Graphic Design",
      "Creative Direction"
    ],
    "first_name": "Roberto",
    "username": "roberto_guerreiro"
  }
}