{
  "http_code": 200,
  "user": {
    "country": "New Zealand",
    "images": {
      "115": "https://a3.behance.net/img/profile/no-image-115.jpg?cb=1673063716",
      "138": "https://a3.behance.net/img/profile/no-image-138.jpg?cb=1673063716",
      "50": "https://a3.behance.net/img/profile/no-image-50.jpg?cb=1673063716"
    },
    "website": "",
    "occupation": "",
    "city": "Christchurch",
    "social_links": [],
    "last_name": "Black",
    "display_name": "Jana Black",
    "url": "https://www.behance.net/janablack",
    "sections": [],
    "twitter": "",
    "created_on": 1338203541,
    "has_default_image": 1,
    "stats": {
      "followers": 1,
      "comments": 0,
      "appreciations": 0,
      "following": 0,
      "team_members": 0,
      "views": 0
    },
    "location": "Christchurch, New Zealand",
    "company": "",
    "links": [],
    "id": 1200013,
    "state": "",
    "fields": [],
    "first_name": "Jana",
    "username": "janablack"
  }
}