{
  "http_code": 200,
  "user": {
    "country": "Australia",
    "images": {
      "115": "https://mir-s3-cdn-cf.behance.net/user/115/101649.53ab5af766a11.jpg",
      "138": "https://mir-s3-cdn-cf.behance.net/user/138/101649.53ab5af766a11.jpg",
      "50": "https://mir-s3-cdn-cf.behance.net/user/50/101649.53ab5af766a11.jpg"
    },
    "website": "http://raewynhaughton.com",
    "occupation": "Graphic Designer & Illustrator",
    "city": "Melbourne",
    "social_links": [{
      "social_id": 1,
      "service_name": "Twitter",
      "value": "RaewynHaughton",
      "url": "http://twitter.com/RaewynHaughton"
    }],
    "last_name": "Haughton",
    "display_name": "Raewyn Haughton",
    "url": "https://www.behance.net/raewynhaughton",
    "sections": [],
    "twitter": "@RaewynHaughton",
    "created_on": 1240276355,
    "has_default_image": 0,
    "stats": {
      "followers": 24,
      "comments": 6,
      "appreciations": 42,
      "following": 16,
      "team_members": 0,
      "views": 1924
    },
    "location": "Melbourne, Australia",
    "company": "",
    "links": [{
      "title": "www.raewynhaughton.com",
      "url": "http://www.raewynhaughton.com"
    }],
    "id": 101649,
    "state": "",
    "fields": [
      "Illustration",
      "Drawing"
    ],
    "first_name": "Raewyn",
    "username": "raewynhaughton"
  }
}