{
  "http_code": 200,
  "user": {
    "country": "United Kingdom",
    "images": {
      "115": "https://a3.behance.net/img/profile/no-image-115.jpg?cb=939944132",
      "138": "https://a3.behance.net/img/profile/no-image-138.jpg?cb=939944132",
      "50": "https://a3.behance.net/img/profile/no-image-50.jpg?cb=939944132"
    },
    "website": "http://",
    "occupation": "",
    "city": "Stoke-on-Trent",
    "social_links": [],
    "last_name": "Millard",
    "display_name": "Tom Millard",
    "url": "https://www.behance.net/TomMillard",
    "sections": [],
    "twitter": "",
    "created_on": 1240163882,
    "has_default_image": 1,
    "stats": {
      "followers": 2,
      "comments": 0,
      "appreciations": 0,
      "following": 0,
      "team_members": 0,
      "views": 0
    },
    "location": "Stoke-on-Trent, United Kingdom",
    "company": "",
    "links": [],
    "id": 101509,
    "state": "",
    "fields": [],
    "first_name": "Tom",
    "username": "TomMillard"
  }
}