{
  "http_code": 200,
  "user": {
    "country": "Netherlands",
    "images": {
      "115": "https://a3.behance.net/img/profile/no-image-115.jpg?cb=1673063716",
      "138": "https://a3.behance.net/img/profile/no-image-138.jpg?cb=1673063716",
      "50": "https://a3.behance.net/img/profile/no-image-50.jpg?cb=1673063716"
    },
    "website": "http://nikkidesign.tumblr.com/",
    "occupation": "Graphic Designer and Illustrator",
    "city": "Amsterdam",
    "social_links": [],
    "last_name": "Hartomo",
    "display_name": "Niken Hartomo",
    "url": "https://www.behance.net/NikkiHartomo",
    "sections": [],
    "twitter": "",
    "created_on": 1338209116,
    "has_default_image": 1,
    "stats": {
      "followers": 0,
      "comments": 0,
      "appreciations": 0,
      "following": 0,
      "team_members": 0,
      "views": 0
    },
    "location": "Amsterdam, Netherlands",
    "company": "",
    "links": [],
    "id": 1200177,
    "state": "",
    "fields": [],
    "first_name": "Niken",
    "username": "NikkiHartomo"
  }
}