{
  "http_code": 200,
  "user": {
    "country": "United States",
    "images": {
      "115": "https://mir-s3-cdn-cf.behance.net/user/115/101635.53ab5aef4be5e.jpg",
      "138": "https://mir-s3-cdn-cf.behance.net/user/138/101635.53ab5aef4be5e.jpg",
      "50": "https://mir-s3-cdn-cf.behance.net/user/50/101635.53ab5aef4be5e.jpg"
    },
    "website": "http://",
    "occupation": "",
    "city": "Los Angeles",
    "social_links": [],
    "last_name": "Bringuier",
    "display_name": "Sabrina Bringuier",
    "url": "https://www.behance.net/SabrinaBphoto",
    "sections": [],
    "twitter": "",
    "created_on": 1240258673,
    "has_default_image": 0,
    "stats": {
      "followers": 4,
      "comments": 1,
      "appreciations": 10,
      "following": 1,
      "team_members": 0,
      "views": 261
    },
    "location": "Los Angeles, CA, USA",
    "company": "",
    "links": [],
    "id": 101635,
    "state": "California",
    "fields": [
      "Digital Photography",
      "Photography",
      "Photojournalism"
    ],
    "first_name": "Sabrina",
    "username": "SabrinaBphoto"
  }
}