{
  "http_code": 200,
  "user": {
    "country": "Sweden",
    "images": {
      "115": "https://a3.behance.net/img/profile/no-image-115.jpg?cb=2050110936",
      "138": "https://a3.behance.net/img/profile/no-image-138.jpg?cb=2050110936",
      "50": "https://a3.behance.net/img/profile/no-image-50.jpg?cb=2050110936"
    },
    "website": "",
    "occupation": "",
    "city": "",
    "social_links": [],
    "last_name": "Jernberg",
    "display_name": "Tobias Jernberg",
    "url": "https://www.behance.net/tobiasjern34dd",
    "sections": [],
    "twitter": "",
    "created_on": 1425655678,
    "has_default_image": 1,
    "stats": {
      "followers": 0,
      "comments": 0,
      "appreciations": 0,
      "following": 0,
      "team_members": 0,
      "views": 0
    },
    "location": "Sweden",
    "company": "Linjepunkt Repro AB",
    "links": [],
    "id": 12100031,
    "state": "",
    "fields": [],
    "first_name": "Tobias",
    "username": "tobiasjern34dd"
  }
}