{
  "http_code": 200,
  "user": {
    "country": "Mexico",
    "images": {
      "100": "https://mir-s3-cdn-cf.behance.net/user/100/101545.53ab5aae2fe46.jpg",
      "276": "https://mir-s3-cdn-cf.behance.net/user/276/101545.53ab5aae2fe46.jpg",
      "115": "https://mir-s3-cdn-cf.behance.net/user/115/101545.53ab5aae2fe46.jpg",
      "138": "https://mir-s3-cdn-cf.behance.net/user/138/101545.53ab5aae2fe46.jpg",
      "50": "https://mir-s3-cdn-cf.behance.net/user/50/101545.53ab5aae2fe46.jpg",
      "230": "https://mir-s3-cdn-cf.behance.net/user/230/101545.53ab5aae2fe46.jpg"
    },
    "website": "",
    "occupation": "",
    "city": "Monterrey",
    "social_links": [
      {
        "social_id": 1,
        "service_name": "Twitter",
        "value": "gumbatei",
        "url": "http://twitter.com/gumbatei"
      },
      {
        "social_id": 12,
        "service_name": "Instagram",
        "value": "gumbatei",
        "url": "http://instagram.com/gumbatei"
      }
    ],
    "last_name": "Cervantes Celhay",
    "display_name": "Rodrigo Cervantes Celhay",
    "url": "https://www.behance.net/gumbatei",
    "sections": {"Goats": "México // Toronto // Illustrator and comic artist"},
    "twitter": "@gumbatei",
    "created_on": 1240178690,
    "has_default_image": 0,
    "stats": {
      "followers": 53,
      "comments": 7,
      "appreciations": 81,
      "following": 102,
      "team_members": 0,
      "views": 1717
    },
    "location": "Monterrey, Mexico",
    "company": "",
    "links": [{
      "title": "gumbatei",
      "url": "http://gumbatei.com"
    }],
    "id": 101545,
    "state": "",
    "fields": [
      "Illustration",
      "Drawing",
      "Painting"
    ],
    "first_name": "Rodrigo",
    "username": "gumbatei"
  }
}