{
  "http_code": 200,
  "user": {
    "country": "United Kingdom",
    "images": {
      "100": "https://mir-s3-cdn-cf.behance.net/user/100/1200225.53b378bf852c9.jpg",
      "276": "https://mir-s3-cdn-cf.behance.net/user/276/1200225.53b378bf852c9.jpg",
      "115": "https://mir-s3-cdn-cf.behance.net/user/115/1200225.53b378bf852c9.jpg",
      "138": "https://mir-s3-cdn-cf.behance.net/user/138/1200225.53b378bf852c9.jpg",
      "50": "https://mir-s3-cdn-cf.behance.net/user/50/1200225.53b378bf852c9.jpg",
      "230": "https://mir-s3-cdn-cf.behance.net/user/230/1200225.53b378bf852c9.jpg"
    },
    "website": "",
    "occupation": "Artist",
    "city": "Leamington Spa",
    "social_links": [],
    "last_name": "Malecki",
    "display_name": "Elizabeth Malecki",
    "url": "https://www.behance.net/laidlo",
    "sections": [],
    "twitter": "",
    "created_on": 1338210434,
    "has_default_image": 0,
    "stats": {
      "followers": 15,
      "comments": 3,
      "appreciations": 14,
      "following": 35,
      "team_members": 0,
      "views": 111
    },
    "location": "Leamington Spa, United Kingdom",
    "company": "",
    "links": [],
    "id": 1200225,
    "state": "",
    "fields": [
      "Illustration",
      "Drawing"
    ],
    "first_name": "Elizabeth",
    "username": "laidlo"
  }
}