{
  "http_code": 200,
  "user": {
    "country": "China",
    "images": {
      "115": "https://mir-s3-cdn-cf.behance.net/user/115/1200041.53b378507839e.png",
      "138": "https://mir-s3-cdn-cf.behance.net/user/138/1200041.53b378507839e.png",
      "50": "https://mir-s3-cdn-cf.behance.net/user/50/1200041.53b378507839e.png"
    },
    "website": "",
    "occupation": "",
    "city": "Beijing",
    "social_links": [],
    "last_name": "Jia",
    "display_name": "Xiaoke Jia",
    "url": "https://www.behance.net/jiazhipeng399d3",
    "sections": [],
    "twitter": "",
    "created_on": 1338204634,
    "has_default_image": 0,
    "stats": {
      "followers": 2,
      "comments": 0,
      "appreciations": 0,
      "following": 5,
      "team_members": 0,
      "views": 0
    },
    "location": "Beijing, China",
    "company": "",
    "links": [],
    "id": 1200041,
    "state": "",
    "fields": [],
    "first_name": "Xiaoke",
    "username": "jiazhipeng399d3"
  }
}