{
  "http_code": 200,
  "user": {
    "country": "Korea, Republic of",
    "images": {
      "115": "https://a3.behance.net/img/profile/no-image-115.jpg?cb=2050110936",
      "138": "https://a3.behance.net/img/profile/no-image-138.jpg?cb=2050110936",
      "50": "https://a3.behance.net/img/profile/no-image-50.jpg?cb=2050110936"
    },
    "website": "",
    "occupation": "",
    "city": "Seoul",
    "social_links": [],
    "last_name": "Tumakaka",
    "display_name": "Nindita Tumakaka",
    "url": "https://www.behance.net/ninditatum3f91",
    "sections": [],
    "twitter": "",
    "created_on": 1427169484,
    "has_default_image": 1,
    "stats": {
      "followers": 0,
      "comments": 0,
      "appreciations": 0,
      "following": 1,
      "team_members": 0,
      "views": 1
    },
    "location": "Seoul, Korea, Republic of",
    "company": "",
    "links": [],
    "id": 12500035,
    "state": "",
    "fields": [],
    "first_name": "Nindita",
    "username": "ninditatum3f91"
  }
}