{
  "http_code": 200,
  "user": {
    "country": "Hungary",
    "images": {
      "100": "https://mir-s3-cdn-cf.behance.net/user/100/1200185.5456a72126c27.jpg",
      "276": "https://mir-s3-cdn-cf.behance.net/user/276/1200185.5456a72126c27.jpg",
      "115": "https://mir-s3-cdn-cf.behance.net/user/115/1200185.5456a72126c27.jpg",
      "138": "https://mir-s3-cdn-cf.behance.net/user/138/1200185.5456a72126c27.jpg",
      "50": "https://mir-s3-cdn-cf.behance.net/user/50/1200185.5456a72126c27.jpg",
      "230": "https://mir-s3-cdn-cf.behance.net/user/230/1200185.5456a72126c27.jpg"
    },
    "website": "",
    "occupation": "",
    "city": "Budapest",
    "social_links": [],
    "last_name": "Laborc",
    "display_name": "Zsófia Laborc",
    "url": "https://www.behance.net/zsofialaborc",
    "sections": [],
    "twitter": "",
    "created_on": 1338209197,
    "has_default_image": 0,
    "stats": {
      "followers": 57,
      "comments": 13,
      "appreciations": 148,
      "following": 80,
      "team_members": 0,
      "views": 1532
    },
    "location": "Budapest, Hungary",
    "company": "",
    "links": [],
    "id": 1200185,
    "state": "",
    "fields": [
      "Photography",
      "Graphic Design",
      "Product Design"
    ],
    "first_name": "Zsófia",
    "username": "zsofialaborc"
  }
}