{
  "http_code": 200,
  "user": {
    "country": "Brazil",
    "images": {
      "115": "https://mir-s3-cdn-cf.behance.net/user/115/1200145.53b378aa68219.jpg",
      "138": "https://mir-s3-cdn-cf.behance.net/user/138/1200145.53b378aa68219.jpg",
      "50": "https://mir-s3-cdn-cf.behance.net/user/50/1200145.53b378aa68219.jpg"
    },
    "website": "http://www.facebook.com/nathalia.mallofre",
    "occupation": "Fashion Designer",
    "city": "Sao Paulo",
    "social_links": [],
    "last_name": "Mallofré",
    "display_name": "Nathália Mallofré",
    "url": "https://www.behance.net/nmallofre",
    "sections": [],
    "twitter": "",
    "created_on": 1338207304,
    "has_default_image": 0,
    "stats": {
      "followers": 1,
      "comments": 0,
      "appreciations": 1,
      "following": 0,
      "team_members": 0,
      "views": 128
    },
    "location": "Sao Paulo, Brazil",
    "company": "",
    "links": [],
    "id": 1200145,
    "state": "",
    "fields": [
      "Fashion",
      "Digital Photography",
      "Costume Design"
    ],
    "first_name": "Nathália",
    "username": "nmallofre"
  }
}