{
  "http_code": 200,
  "user": {
    "country": "United States",
    "images": {
      "115": "https://a3.behance.net/img/profile/no-image-115.jpg?cb=1673063716",
      "138": "https://a3.behance.net/img/profile/no-image-138.jpg?cb=1673063716",
      "50": "https://a3.behance.net/img/profile/no-image-50.jpg?cb=1673063716"
    },
    "website": "",
    "occupation": "Textile Designer",
    "city": "New Hyde Park",
    "social_links": [],
    "last_name": "Bourie",
    "display_name": "Susan Bourie",
    "url": "https://www.behance.net/Susi7",
    "sections": [],
    "twitter": "",
    "created_on": 1338205354,
    "has_default_image": 1,
    "stats": {
      "followers": 3,
      "comments": 0,
      "appreciations": 4,
      "following": 0,
      "team_members": 0,
      "views": 171
    },
    "location": "New Hyde Park, NY, USA",
    "company": "Susi",
    "links": [],
    "id": 1200071,
    "state": "New York",
    "fields": ["Fashion"],
    "first_name": "Susan",
    "username": "Susi7"
  }
}