{
  "http_code": 200,
  "user": {
    "country": "",
    "images": {
      "115": "https://mir-s3-cdn-cf.behance.net/user/115/101613.53ab5adf09f90.jpg",
      "138": "https://mir-s3-cdn-cf.behance.net/user/138/101613.53ab5adf09f90.jpg",
      "50": "https://mir-s3-cdn-cf.behance.net/user/50/101613.53ab5adf09f90.jpg"
    },
    "website": "",
    "occupation": "",
    "city": "",
    "social_links": [],
    "last_name": "Richdale",
    "display_name": "Samantha Richdale",
    "url": "https://www.behance.net/sammis",
    "sections": [],
    "twitter": "",
    "created_on": 1240244095,
    "has_default_image": 0,
    "stats": {
      "followers": 1,
      "comments": 0,
      "appreciations": 0,
      "following": 0,
      "team_members": 0,
      "views": 0
    },
    "location": "",
    "company": "",
    "links": [],
    "id": 101613,
    "state": "",
    "fields": [],
    "first_name": "Samantha",
    "username": "sammis"
  }
}