{
  "http_code": 200,
  "user": {
    "country": "Vietnam",
    "images": {
      "115": "https://mir-s3-cdn-cf.behance.net/user/115/101533.53d6c650d5442.jpg",
      "138": "https://mir-s3-cdn-cf.behance.net/user/138/101533.53d6c650d5442.jpg",
      "50": "https://mir-s3-cdn-cf.behance.net/user/50/101533.53d6c650d5442.jpg"
    },
    "website": "http://www.pbase.com/keithclover",
    "occupation": "",
    "city": "Hanoi",
    "social_links": [],
    "last_name": "Hoang",
    "display_name": "Quoc Khanh Hoang",
    "url": "https://www.behance.net/keithclover",
    "sections": [],
    "twitter": "",
    "created_on": 1240171521,
    "has_default_image": 0,
    "stats": {
      "followers": 7,
      "comments": 0,
      "appreciations": 0,
      "following": 96,
      "team_members": 0,
      "views": 0
    },
    "location": "Hanoi, Vietnam",
    "company": "Keith Clover",
    "links": [
      {
        "title": "pBase",
        "url": "http://www.pbase.com/keithclover"
      },
      {
        "title": "Flickr",
        "url": "http://www.flickr.com/keithclover"
      }
    ],
    "id": 101533,
    "state": "",
    "fields": [],
    "first_name": "Quoc Khanh",
    "username": "keithclover"
  }
}