{
  "http_code": 200,
  "user": {
    "country": "Japan",
    "images": {
      "115": "https://a3.behance.net/img/profile/no-image-115.jpg?cb=1673063716",
      "138": "https://a3.behance.net/img/profile/no-image-138.jpg?cb=1673063716",
      "50": "https://a3.behance.net/img/profile/no-image-50.jpg?cb=1673063716"
    },
    "website": "",
    "occupation": "",
    "city": "Kawasaki",
    "social_links": [],
    "last_name": "",
    "display_name": "Aniyapp",
    "url": "https://www.behance.net/shisennoaoe75a",
    "sections": [],
    "twitter": "",
    "created_on": 1338207110,
    "has_default_image": 1,
    "stats": {
      "followers": 0,
      "comments": 0,
      "appreciations": 0,
      "following": 6,
      "team_members": 0,
      "views": 0
    },
    "location": "Kawasaki, Japan",
    "company": "",
    "links": [],
    "id": 1200135,
    "state": "",
    "fields": [],
    "first_name": "Aniyapp",
    "username": "shisennoaoe75a"
  }
}