{
  "http_code": 200,
  "user": {
    "country": "United Arab Emirates",
    "images": {
      "115": "https://mir-s3-cdn-cf.behance.net/user/115/101578.53ab5ac42eb5f.jpg",
      "138": "https://mir-s3-cdn-cf.behance.net/user/138/101578.53ab5ac42eb5f.jpg",
      "50": "https://mir-s3-cdn-cf.behance.net/user/50/101578.53ab5ac42eb5f.jpg"
    },
    "website": "",
    "occupation": "Art Director",
    "city": "Dubai",
    "social_links": [],
    "last_name": "Abou Jaoude",
    "display_name": "Hala Abou Jaoude",
    "url": "https://www.behance.net/halaaj",
    "sections": [],
    "twitter": "",
    "created_on": 1240233095,
    "has_default_image": 0,
    "stats": {
      "followers": 31,
      "comments": 11,
      "appreciations": 68,
      "following": 26,
      "team_members": 0,
      "views": 2458
    },
    "location": "Dubai, United Arab Emirates",
    "company": "",
    "links": [],
    "id": 101578,
    "state": "",
    "fields": [
      "Art Direction",
      "Design",
      "Advertising"
    ],
    "first_name": "Hala",
    "username": "halaaj"
  }
}