{
  "http_code": 200,
  "user": {
    "country": "Sweden",
    "images": {
      "100": "https://mir-s3-cdn-cf.behance.net/user/100/1200167.53b378b057072.jpg",
      "276": "https://mir-s3-cdn-cf.behance.net/user/276/1200167.53b378b057072.jpg",
      "115": "https://mir-s3-cdn-cf.behance.net/user/115/1200167.53b378b057072.jpg",
      "138": "https://mir-s3-cdn-cf.behance.net/user/138/1200167.53b378b057072.jpg",
      "50": "https://mir-s3-cdn-cf.behance.net/user/50/1200167.53b378b057072.jpg",
      "230": "https://mir-s3-cdn-cf.behance.net/user/230/1200167.53b378b057072.jpg"
    },
    "website": "http://amply.net",
    "occupation": "Graphic Designer",
    "city": "Stockholm",
    "social_links": [],
    "last_name": "Park",
    "display_name": "Andreas Park",
    "url": "https://www.behance.net/andreaspark",
    "sections": {"About": "Hi, my name is Andreas and I am a highly motivated and multidisciplinary creative designer with skills in web, branding and interactive design.  My base is in Sweden but my work is international. Feel free to contact me for any matter."},
    "twitter": "",
    "created_on": 1338208816,
    "has_default_image": 0,
    "stats": {
      "followers": 0,
      "comments": 0,
      "appreciations": 0,
      "following": 5,
      "team_members": 0,
      "views": 0
    },
    "location": "Stockholm, Sweden",
    "company": "Amply Multimedia",
    "links": [
      {
        "title": "Amply Multimedia",
        "url": "http://amply.net/multimedia"
      },
      {
        "title": "Amply Streetwear",
        "url": "http://www.amplystreetwear.com"
      },
      {
        "title": "Funkyfresh.se",
        "url": "http://funkyfresh.se"
      }
    ],
    "id": 1200167,
    "state": "",
    "fields": [],
    "first_name": "Andreas",
    "username": "andreaspark"
  }
}