{
  "http_code": 200,
  "user": {
    "country": "Jordan",
    "images": {
      "115": "https://a3.behance.net/img/profile/no-image-115.jpg?cb=2050110936",
      "138": "https://a3.behance.net/img/profile/no-image-138.jpg?cb=2050110936",
      "50": "https://a3.behance.net/img/profile/no-image-50.jpg?cb=2050110936"
    },
    "website": "",
    "occupation": "",
    "city": "",
    "social_links": [],
    "last_name": "Sh",
    "display_name": "Aya Sh",
    "url": "https://www.behance.net/Ayasharaba864a",
    "sections": [],
    "twitter": "",
    "created_on": 1425655794,
    "has_default_image": 1,
    "stats": {
      "followers": 0,
      "comments": 0,
      "appreciations": 0,
      "following": 13,
      "team_members": 0,
      "views": 0
    },
    "location": "Jordan",
    "company": "",
    "links": [],
    "id": 12100067,
    "state": "",
    "fields": [],
    "first_name": "Aya",
    "username": "Ayasharaba864a"
  }
}