{
  "http_code": 200,
  "user": {
    "country": "",
    "images": {
      "115": "https://a3.behance.net/img/profile/no-image-115.jpg?cb=939944132",
      "138": "https://a3.behance.net/img/profile/no-image-138.jpg?cb=939944132",
      "50": "https://a3.behance.net/img/profile/no-image-50.jpg?cb=939944132"
    },
    "website": "",
    "occupation": "",
    "city": "",
    "social_links": [],
    "last_name": "Martin",
    "display_name": "Stephani Martin",
    "url": "https://www.behance.net/smartinblurb",
    "sections": [],
    "twitter": "",
    "created_on": 1240270966,
    "has_default_image": 1,
    "stats": {
      "followers": 1,
      "comments": 0,
      "appreciations": 0,
      "following": 0,
      "team_members": 0,
      "views": 0
    },
    "location": "",
    "company": "",
    "links": [],
    "id": 101645,
    "state": "",
    "fields": [],
    "first_name": "Stephani",
    "username": "smartinblurb"
  }
}