{
  "http_code": 200,
  "user": {
    "country": "Russian Federation",
    "images": {
      "100": "https://mir-s3-cdn-cf.behance.net/user/100/101615.53ab5ae13f08d.png",
      "276": "https://mir-s3-cdn-cf.behance.net/user/276/101615.53ab5ae13f08d.png",
      "115": "https://mir-s3-cdn-cf.behance.net/user/115/101615.53ab5ae13f08d.png",
      "138": "https://mir-s3-cdn-cf.behance.net/user/138/101615.53ab5ae13f08d.png",
      "50": "https://mir-s3-cdn-cf.behance.net/user/50/101615.53ab5ae13f08d.png",
      "230": "https://mir-s3-cdn-cf.behance.net/user/230/101615.53ab5ae13f08d.png"
    },
    "website": "www.catzwolf.com",
    "occupation": "Integrated projects / Sites / Mobile & social apps / Special projects / CG & 3D / Illustrations / Video",
    "city": "Moscow",
    "social_links": [
      {
        "social_id": 2,
        "service_name": "Facebook",
        "value": "catzwolf.group",
        "url": "http://facebook.com/catzwolf.group"
      },
      {
        "social_id": 5,
        "service_name": "Vimeo",
        "value": "catzwolf",
        "url": "http://vimeo.com/catzwolf"
      },
      {
        "social_id": 7,
        "service_name": "YouTube",
        "value": "catzwolfgroup",
        "url": "http://youtube.com/catzwolfgroup"
      }
    ],
    "last_name": "Integrated",
    "display_name": "Catzwolf Integrated",
    "url": "https://www.behance.net/catzwolf",
    "sections": {
      "Awards": "MIXX Awards Russia 2015 \u2014 Doctor MOM tales \u2014 2 place (Branded content)\nMIXX Awards Russia 2015 \u2014 Tea way \u2014 3 place (Branded content)\nMIXX Awards Russia 2015 \u2014 Tea way \u2014 3 place (Cross-Platform Digital)\nCristal Festival 2014 \u2014 Sapphire Cristal \u2014 Ark\nRed Apple 2014 \u2014 Create what you want \u2013 Silver (Advertising campaigns)\nIdea 2014 \u2014 Ark \u2014 Bronze (Print ads, illustration)\nIdea 2014 \u2014 Ark \u2014 Bronze (Print ads, misc)\nIdea 2014 \u2014 Dismissal \u2014 Bronze (Print ads, typography)\nIdea 2014 \u2014 Dismissal \u2014 Bronze (Print ads, illustration)\nIdea 2014 \u2014 Kidvertising \u2014 Bronze (Media projects, traditional mass media)\nIdea 2014 \u2014 Kidvertising \u2014 Silver (Internet ads, online campaigns)\nKIAF 2014 \u2014 Kidvertising \u2014 Bronze \u2014 (Advertising Campaigns. Best use of technology)\nGolden Hammer 2014 \u2014 Ark \u2014 Gold (Craft)\nSilver Mercury 2014 \u2014 Kidvertising \u2014 3 place (Integrated campaign, best creative solution)\nSilver Mercury 2014 \u2014 Kidvertising \u2014 1 place (Integrated campaign, best strategic solution)\nSilver Mercury 2014 \u2014 Kidvertising \u2014 2 place (Лучшая кампания по продвижению торговой марки)\nSilver Mercury 2014 \u2014 Kidvertising \u2014 3 place (Best use of online ads in promo)\nWebby 2014 \u2014 Kidvertising \u2014 Honoree Winner (Advertising & Media, Digital Campaigns)\nYoung Guns 2011 \u2014 I was killed in the army \u2014 Bronze (Best use of media)\nRed Apple 2011 \u2014 I was killed in the army \u2014 Bronze\nADCR 2011 \u2014 I was killed in the army \u2014 Silver\nIdea 2011 \u2014 McDonald's \u2014 3 place\nIdea 2010 \u2014 Delphic games \u2014 2 place",
      "Our clients": "Automotive: Toyota Motor, BMW/Mini\nFMCG: Bongrain, Kotanyi, Riston, PepsiCo, Pernod Ricard, Synergy Group\nFinance & Insurance: Sogaz Med, KPMG, Roden Capital\nReal estate: Enka TC, Knight Frank\nTelecom: Beeline, MegaFon, Rostelecom\nPharma: Bayer, Johnson & Johnson, Merz, Takeda, Valeant\nMedia & news: Aegis Group, Conde Nast, Gazprom Media Digital, Mail.ru Group, Mindshare, Resolution Media\nNon-profit orgs: Unesco, Pravo Materi\nAdvertising agencies: Armando Testa, BBDO Moscow, Cheil, Contrapunto, Dentsu Smart, Geometry Global, Grey, Instinct, JWT Italy, JWT Russia, McCann Erickson, Ogilvy, Publicis Group, Leo Burnett, TBWA Mexico, TBWA Russia, Young & Rubicam",
      "About": "From the moment Catzwolf was founded back in 2009, we've come a long way from a small production studio to a company providing a wide range of digital services. Our main activity line is complex digital solutions, based on high-quality visual execution and clear creative part. For the years of work we\u2019ve managed to prove ourselves as a reliable partner for many of our clients.\nOne of our main work principles \u2013 is to constantly progress and not to stop at the achieved! We move forward pushing the boundaries of possible and that\u2019s why now we have representatives in such countries as Italy, USA and Mexico.\nWe believe that our work results will not only fulfill our clients\u2019 objectives and meet the needs of the most demanding consumers, but will also help to change the world for the better."
    },
    "features": [
      {
        "site": {
          "app_icon": "",
          "domain": "illustrationserved.com",
          "name": "Illustration Served",
          "icon": "https://a3.behance.net/img/galleries/composed/illustration.png",
          "ribbon": {
            "image": "https://a3.behance.net/img/galleries/ribbons/1x/illustration.png",
            "image_2x": "https://a3.behance.net/img/galleries/ribbons/2x/illustration@2x.png"
          },
          "id": 4,
          "key": "illustration",
          "url": "http://illustrationserved.com"
        },
        "projects": [{
          "id": 5126615,
          "featured_on": 1361120401
        }]
      },
      {
        "site": {
          "app_icon": "",
          "domain": "digitalartserved.com",
          "name": "Digital Art Served",
          "icon": "https://a3.behance.net/img/galleries/composed/digitalart.png",
          "ribbon": {
            "image": "https://a3.behance.net/img/galleries/ribbons/1x/digitalart.png",
            "image_2x": "https://a3.behance.net/img/galleries/ribbons/2x/digitalart@2x.png"
          },
          "id": 15,
          "key": "digitalart",
          "url": "http://digitalartserved.com"
        },
        "projects": [
          {
            "id": 5290841,
            "featured_on": 1351098001
          },
          {
            "id": 5371219,
            "featured_on": 1352912402
          },
          {
            "id": 12952161,
            "featured_on": 1427313601
          },
          {
            "id": 28078859,
            "featured_on": 1444597201
          }
        ]
      }
    ],
    "twitter": "",
    "created_on": 1240247065,
    "has_default_image": 0,
    "stats": {
      "followers": 4307,
      "comments": 72,
      "appreciations": 13066,
      "following": 151,
      "team_members": 0,
      "views": 113002
    },
    "location": "Moscow, Russian Federation",
    "company": "",
    "links": [
      {
        "title": "Integrated projects",
        "url": "http://catzwolf.com/projects/integrated/"
      },
      {
        "title": "Websites",
        "url": "http://catzwolf.com/projects/websites/"
      },
      {
        "title": "Mobile apps",
        "url": "http://catzwolf.com/projects/mobile/"
      },
      {
        "title": "Special projects",
        "url": "http://catzwolf.com/projects/specialprojects/"
      },
      {
        "title": "Social apps",
        "url": "http://catzwolf.com/projects/social/"
      },
      {
        "title": "Video & Animation",
        "url": "http://catzwolf.com/projects/video-animation/"
      },
      {
        "title": "CG / 3D / Illustrations",
        "url": "http://catzwolf.com/projects/cg-3d-illustrations/"
      },
      {
        "title": "Digital presentation (PDF)",
        "url": "http://dl.dropboxusercontent.com/u/40943180/Digital/Catzwolf_Digital_credentials_ENG.pdf"
      },
      {
        "title": "Digital + ATL presentation (PDF)",
        "url": "http://dl.dropboxusercontent.com/u/40943180/All%20Group/Catzwolf_Group_credentials.pdf"
      }
    ],
    "id": 101615,
    "state": "",
    "fields": [
      "Advertising",
      "Illustration",
      "Retouching"
    ],
    "first_name": "Catzwolf",
    "username": "catzwolf"
  }
}