{
  "http_code": 200,
  "user": {
    "country": "Russian Federation",
    "images": {
      "115": "https://mir-s3-cdn-cf.behance.net/user/115/101527.53ab5a3f9eb5c.jpg",
      "138": "https://mir-s3-cdn-cf.behance.net/user/138/101527.53ab5a3f9eb5c.jpg",
      "50": "https://mir-s3-cdn-cf.behance.net/user/50/101527.53ab5a3f9eb5c.jpg"
    },
    "website": "http://",
    "occupation": "",
    "city": "Saint Petersburg",
    "social_links": [],
    "last_name": "Antonovich",
    "display_name": "Cristina Antonovich",
    "url": "https://www.behance.net/Gertruda",
    "sections": [],
    "twitter": "",
    "created_on": 1240169268,
    "has_default_image": 0,
    "stats": {
      "followers": 8,
      "comments": 0,
      "appreciations": 12,
      "following": 3,
      "team_members": 0,
      "views": 190
    },
    "location": "Saint Petersburg, Russian Federation",
    "company": "",
    "links": [],
    "id": 101527,
    "state": "",
    "fields": [
      "Photography",
      "Fine Arts",
      "Photo Illustration"
    ],
    "first_name": "Cristina",
    "username": "Gertruda"
  }
}