{
  "http_code": 200,
  "user": {
    "country": "United States",
    "images": {
      "100": "https://mir-s3-cdn-cf.behance.net/user/100/101537.53ab5aa96f427.jpg",
      "276": "https://mir-s3-cdn-cf.behance.net/user/276/101537.53ab5aa96f427.jpg",
      "115": "https://mir-s3-cdn-cf.behance.net/user/115/101537.53ab5aa96f427.jpg",
      "138": "https://mir-s3-cdn-cf.behance.net/user/138/101537.53ab5aa96f427.jpg",
      "50": "https://mir-s3-cdn-cf.behance.net/user/50/101537.53ab5aa96f427.jpg",
      "230": "https://mir-s3-cdn-cf.behance.net/user/230/101537.53ab5aa96f427.jpg"
    },
    "website": "http://www.larcingraph.com",
    "occupation": "Visual Communication Designer |",
    "city": "Los Angeles",
    "social_links": [
      {
        "social_id": 4,
        "service_name": "LinkedIn",
        "value": "in/mehmetlarcin/",
        "url": "http://linkedin.com/in/mehmetlarcin/"
      },
      {
        "social_id": 1,
        "service_name": "Twitter",
        "value": "mehmet_larcin",
        "url": "http://twitter.com/mehmet_larcin"
      },
      {
        "social_id": 9,
        "service_name": "Tumblr",
        "value": "gmd101mtmtefall2012",
        "url": "http://gmd101mtmtefall2012.tumblr.com"
      },
      {
        "social_id": 6,
        "service_name": "Flickr",
        "value": "photos/24297221@N02/",
        "url": "http://flickr.com/photos/24297221@N02/"
      },
      {
        "social_id": 2,
        "service_name": "Facebook",
        "value": "LarcingraphDesign",
        "url": "http://facebook.com/LarcingraphDesign"
      }
    ],
    "last_name": "Larcin",
    "display_name": "Mehmet Larcin",
    "url": "https://www.behance.net/mehmetlarcin",
    "sections": [],
    "twitter": "@mehmet_larcin",
    "created_on": 1240177070,
    "has_default_image": 0,
    "stats": {
      "followers": 23,
      "comments": 0,
      "appreciations": 29,
      "following": 14,
      "team_members": 0,
      "views": 4303
    },
    "location": "Los Angeles, CA, USA",
    "company": "Principal at www.larcingraph.com",
    "links": [],
    "id": 101537,
    "state": "California",
    "fields": [
      "Graphic Design",
      "Typography",
      "Print Design"
    ],
    "first_name": "Mehmet",
    "username": "mehmetlarcin"
  }
}