{
  "http_code": 200,
  "user": {
    "country": "United Kingdom",
    "images": {
      "115": "https://a3.behance.net/img/profile/no-image-115.jpg?cb=2050110936",
      "138": "https://a3.behance.net/img/profile/no-image-138.jpg?cb=2050110936",
      "50": "https://a3.behance.net/img/profile/no-image-50.jpg?cb=2050110936"
    },
    "website": "",
    "occupation": "",
    "city": "Loughborough",
    "social_links": [],
    "last_name": "Aa",
    "display_name": "Tom Aa",
    "url": "https://www.behance.net/Tom_Bolton",
    "sections": [],
    "twitter": "",
    "created_on": 1425655944,
    "has_default_image": 1,
    "stats": {
      "followers": 0,
      "comments": 0,
      "appreciations": 0,
      "following": 0,
      "team_members": 0,
      "views": 0
    },
    "location": "Loughborough, United Kingdom",
    "company": "",
    "links": [],
    "id": 12100119,
    "state": "",
    "fields": [],
    "first_name": "Tom",
    "username": "Tom_Bolton"
  }
}