{
  "http_code": 200,
  "user": {
    "country": "Poland",
    "images": {
      "100": "https://mir-s3-cdn-cf.behance.net/user/100/1200155.53b378adba464.jpg",
      "276": "https://mir-s3-cdn-cf.behance.net/user/276/1200155.53b378adba464.jpg",
      "115": "https://mir-s3-cdn-cf.behance.net/user/115/1200155.53b378adba464.jpg",
      "138": "https://mir-s3-cdn-cf.behance.net/user/138/1200155.53b378adba464.jpg",
      "50": "https://mir-s3-cdn-cf.behance.net/user/50/1200155.53b378adba464.jpg",
      "230": "https://mir-s3-cdn-cf.behance.net/user/230/1200155.53b378adba464.jpg"
    },
    "website": "",
    "occupation": "",
    "city": "Warsaw",
    "social_links": [],
    "last_name": "Staniak",
    "display_name": "Michał Staniak",
    "url": "https://www.behance.net/mistiq",
    "sections": [],
    "twitter": "",
    "created_on": 1338207711,
    "has_default_image": 0,
    "stats": {
      "followers": 9,
      "comments": 1,
      "appreciations": 12,
      "following": 25,
      "team_members": 0,
      "views": 153
    },
    "location": "Warsaw, Poland",
    "company": "",
    "links": [],
    "id": 1200155,
    "state": "",
    "fields": [
      "Print Design",
      "Graphic Design"
    ],
    "first_name": "Michał",
    "username": "mistiq"
  }
}