{
  "http_code": 200,
  "user": {
    "country": "Indonesia",
    "images": {
      "115": "https://mir-s3-cdn-cf.behance.net/user/115/101574.53ab5ac0a22c3.png",
      "138": "https://mir-s3-cdn-cf.behance.net/user/138/101574.53ab5ac0a22c3.png",
      "50": "https://mir-s3-cdn-cf.behance.net/user/50/101574.53ab5ac0a22c3.png"
    },
    "website": "http://encoretheangel.deviantart.com",
    "occupation": "",
    "city": "Bogor",
    "social_links": [],
    "last_name": "Indra",
    "display_name": "Andro Indra",
    "url": "https://www.behance.net/encoretheangel",
    "sections": {
      "Who Is encoretheangel ?": "Hello !! My name is Lixiviandro Indra Harinanda, I know hard to remember it hehe.. I'm vector designer based in Bogor, West Java, Indonesia. I choose the abstract style coz it illustrate my life. Get Inspiration from my daily life that full of problems.",
      "Interests": "Vector, Abstract, Anime, Manga, and anything I like :D"
    },
    "twitter": "",
    "created_on": 1240230350,
    "has_default_image": 0,
    "stats": {
      "followers": 2,
      "comments": 0,
      "appreciations": 5,
      "following": 0,
      "team_members": 0,
      "views": 51
    },
    "location": "Bogor, Indonesia",
    "company": "I'm Individual",
    "links": [],
    "id": 101574,
    "state": "",
    "fields": [
      "Digital Art",
      "Graphic Design",
      "Design"
    ],
    "first_name": "Andro",
    "username": "encoretheangel"
  }
}