{
  "http_code": 200,
  "user": {
    "country": "Russian Federation",
    "images": {
      "115": "https://a3.behance.net/img/profile/no-image-115.jpg?cb=2050110936",
      "138": "https://a3.behance.net/img/profile/no-image-138.jpg?cb=2050110936",
      "50": "https://a3.behance.net/img/profile/no-image-50.jpg?cb=2050110936"
    },
    "website": "",
    "occupation": "",
    "city": "Zelenograd",
    "social_links": [],
    "last_name": "Nesudimov",
    "display_name": "Evgeniy Nesudimov",
    "url": "https://www.behance.net/groove619",
    "sections": [],
    "twitter": "",
    "created_on": 1425656213,
    "has_default_image": 1,
    "stats": {
      "followers": 0,
      "comments": 0,
      "appreciations": 0,
      "following": 0,
      "team_members": 0,
      "views": 0
    },
    "location": "Zelenograd, Russian Federation",
    "company": "",
    "links": [],
    "id": 12100209,
    "state": "",
    "fields": [],
    "first_name": "Evgeniy",
    "username": "groove619"
  }
}