{
  "http_code": 200,
  "user": {
    "country": "Croatia",
    "images": {
      "115": "https://mir-s3-cdn-cf.behance.net/user/115/1200137.53b378a816bce.jpg",
      "138": "https://mir-s3-cdn-cf.behance.net/user/138/1200137.53b378a816bce.jpg",
      "50": "https://mir-s3-cdn-cf.behance.net/user/50/1200137.53b378a816bce.jpg"
    },
    "website": "",
    "occupation": "Graphic Designer",
    "city": "Zagreb",
    "social_links": [],
    "last_name": "Rede",
    "display_name": "Vedran Rede",
    "url": "https://www.behance.net/redevedran",
    "sections": [],
    "twitter": "",
    "created_on": 1338207202,
    "has_default_image": 0,
    "stats": {
      "followers": 16,
      "comments": 1,
      "appreciations": 114,
      "following": 8,
      "team_members": 0,
      "views": 1008
    },
    "location": "Zagreb, Croatia",
    "company": "MPG",
    "links": [],
    "id": 1200137,
    "state": "",
    "fields": [
      "Graphic Design",
      "Branding",
      "Copywriting"
    ],
    "first_name": "Vedran",
    "username": "redevedran"
  }
}