{
  "http_code": 200,
  "user": {
    "country": "France",
    "images": {
      "115": "https://a3.behance.net/img/profile/no-image-115.jpg?cb=1673063716",
      "138": "https://a3.behance.net/img/profile/no-image-138.jpg?cb=1673063716",
      "50": "https://a3.behance.net/img/profile/no-image-50.jpg?cb=1673063716"
    },
    "website": "",
    "occupation": "Enginer",
    "city": "Montpellier",
    "social_links": [],
    "last_name": "",
    "display_name": "Jean",
    "url": "https://www.behance.net/septvingtc8df",
    "sections": [],
    "twitter": "",
    "created_on": 1338205876,
    "has_default_image": 1,
    "stats": {
      "followers": 0,
      "comments": 0,
      "appreciations": 0,
      "following": 0,
      "team_members": 0,
      "views": 0
    },
    "location": "Montpellier, France",
    "company": "",
    "links": [],
    "id": 1200091,
    "state": "",
    "fields": [],
    "first_name": "Jean",
    "username": "septvingtc8df"
  }
}