{
  "http_code": 200,
  "user": {
    "country": "Germany",
    "images": {
      "115": "https://mir-s3-cdn-cf.behance.net/user/115/1200273.53b378c7c0159.jpg",
      "138": "https://mir-s3-cdn-cf.behance.net/user/138/1200273.53b378c7c0159.jpg",
      "50": "https://mir-s3-cdn-cf.behance.net/user/50/1200273.53b378c7c0159.jpg"
    },
    "website": "www.canografias.com",
    "occupation": "Architect, Visualization artist",
    "city": "Berlin",
    "social_links": [],
    "last_name": "Cano",
    "display_name": "Daniel Cano",
    "url": "https://www.behance.net/dcanojimenez",
    "sections": [],
    "twitter": "",
    "created_on": 1338212200,
    "has_default_image": 0,
    "stats": {
      "followers": 13,
      "comments": 0,
      "appreciations": 12,
      "following": 17,
      "team_members": 0,
      "views": 923
    },
    "location": "Berlin, Germany",
    "company": "",
    "links": [],
    "id": 1200273,
    "state": "",
    "fields": [
      "Architecture",
      "Digital Art",
      "Computer Animation"
    ],
    "first_name": "Daniel",
    "username": "dcanojimenez"
  }
}