{
  "http_code": 200,
  "user": {
    "country": "",
    "images": {
      "115": "https://mir-s3-cdn-cf.behance.net/user/115/101606.53ab5adb60d92.gif",
      "138": "https://mir-s3-cdn-cf.behance.net/user/138/101606.53ab5adb60d92.gif",
      "50": "https://mir-s3-cdn-cf.behance.net/user/50/101606.53ab5adb60d92.gif"
    },
    "website": "",
    "occupation": "",
    "city": "",
    "social_links": [],
    "last_name": "Schmitz",
    "display_name": "Sebastian Schmitz",
    "url": "https://www.behance.net/thoughtstuff",
    "sections": [],
    "twitter": "",
    "created_on": 1240241255,
    "has_default_image": 0,
    "stats": {
      "followers": 1,
      "comments": 0,
      "appreciations": 0,
      "following": 0,
      "team_members": 0,
      "views": 0
    },
    "location": "",
    "company": "",
    "links": [],
    "id": 101606,
    "state": "",
    "fields": [],
    "first_name": "Sebastian",
    "username": "thoughtstuff"
  }
}