{
  "http_code": 200,
  "user": {
    "country": "Canada",
    "images": {
      "100": "https://mir-s3-cdn-cf.behance.net/user/100/101538.53b6ecfc07e79.jpg",
      "276": "https://mir-s3-cdn-cf.behance.net/user/276/101538.53b6ecfc07e79.jpg",
      "115": "https://mir-s3-cdn-cf.behance.net/user/115/101538.53b6ecfc07e79.jpg",
      "138": "https://mir-s3-cdn-cf.behance.net/user/138/101538.53b6ecfc07e79.jpg",
      "50": "https://mir-s3-cdn-cf.behance.net/user/50/101538.53b6ecfc07e79.jpg",
      "230": "https://mir-s3-cdn-cf.behance.net/user/230/101538.53b6ecfc07e79.jpg"
    },
    "website": "cargocollective.com/laurakeung",
    "occupation": "Graphic Designer",
    "city": "Toronto",
    "social_links": [
      {
        "social_id": 1,
        "service_name": "Twitter",
        "value": "keunglaura",
        "url": "http://twitter.com/keunglaura"
      },
      {
        "social_id": 9,
        "service_name": "Tumblr",
        "value": "thedesk",
        "url": "http://thedesk.tumblr.com"
      },
      {
        "social_id": 8,
        "service_name": "Pinterest",
        "value": "laura_keung",
        "url": "http://pinterest.com/laura_keung"
      },
      {
        "social_id": 2,
        "service_name": "Facebook",
        "value": "laura.keung",
        "url": "http://facebook.com/laura.keung"
      },
      {
        "social_id": 3,
        "service_name": "Dribbble",
        "value": "keunglaura",
        "url": "http://dribbble.com/keunglaura"
      },
      {
        "social_id": 6,
        "service_name": "Flickr",
        "value": "keunglaura",
        "url": "http://flickr.com/keunglaura"
      }
    ],
    "last_name": "Keung",
    "display_name": "Laura Keung",
    "url": "https://www.behance.net/the-desk",
    "sections": [],
    "twitter": "@keunglaura",
    "created_on": 1240177450,
    "has_default_image": 0,
    "stats": {
      "followers": 348,
      "comments": 8,
      "appreciations": 918,
      "following": 363,
      "team_members": 0,
      "views": 15052
    },
    "location": "Toronto, Ontario, Canada",
    "company": "",
    "links": [],
    "id": 101538,
    "state": "Ontario",
    "fields": [
      "Graphic Design",
      "Print Design",
      "Editorial Design"
    ],
    "first_name": "Laura",
    "username": "the-desk"
  }
}