{
  "http_code": 200,
  "user": {
    "country": "Moldova, Republic of",
    "images": {
      "115": "https://mir-s3-cdn-cf.behance.net/user/115/1200231.53b378c10f50c.jpg",
      "138": "https://mir-s3-cdn-cf.behance.net/user/138/1200231.53b378c10f50c.jpg",
      "50": "https://mir-s3-cdn-cf.behance.net/user/50/1200231.53b378c10f50c.jpg"
    },
    "website": "",
    "occupation": "Designer, App Developper.",
    "city": "Chisinau",
    "social_links": [],
    "last_name": "Stalbe",
    "display_name": "Andrei Stalbe",
    "url": "https://www.behance.net/stalbe",
    "sections": [],
    "twitter": "",
    "created_on": 1338210585,
    "has_default_image": 0,
    "stats": {
      "followers": 4,
      "comments": 0,
      "appreciations": 0,
      "following": 24,
      "team_members": 0,
      "views": 0
    },
    "location": "Chisinau, Moldova, Republic of",
    "company": "",
    "links": [],
    "id": 1200231,
    "state": "",
    "fields": [],
    "first_name": "Andrei",
    "username": "stalbe"
  }
}