{
  "http_code": 200,
  "user": {
    "country": "Spain",
    "images": {
      "100": "https://mir-s3-cdn-cf.behance.net/user/100/1200239.53b378c2d09c1.jpg",
      "276": "https://mir-s3-cdn-cf.behance.net/user/276/1200239.53b378c2d09c1.jpg",
      "115": "https://mir-s3-cdn-cf.behance.net/user/115/1200239.53b378c2d09c1.jpg",
      "138": "https://mir-s3-cdn-cf.behance.net/user/138/1200239.53b378c2d09c1.jpg",
      "50": "https://mir-s3-cdn-cf.behance.net/user/50/1200239.53b378c2d09c1.jpg",
      "230": "https://mir-s3-cdn-cf.behance.net/user/230/1200239.53b378c2d09c1.jpg"
    },
    "website": "www.jbarrero.es",
    "occupation": "Illustration - concept art - comic",
    "city": "Huelva",
    "social_links": [
      {
        "social_id": 1,
        "service_name": "Twitter",
        "value": "J_Barrero",
        "url": "http://twitter.com/J_Barrero"
      },
      {
        "social_id": 2,
        "service_name": "Facebook",
        "value": "jbarrero",
        "url": "http://facebook.com/jbarrero"
      },
      {
        "social_id": 9,
        "service_name": "Tumblr",
        "value": "jbarrero",
        "url": "http://jbarrero.tumblr.com"
      }
    ],
    "last_name": "Barrero",
    "display_name": "Jose Barrero",
    "url": "https://www.behance.net/jbarrero",
    "sections": [],
    "features": [{
      "site": {
        "app_icon": "",
        "domain": "illustrationserved.com",
        "name": "Illustration Served",
        "icon": "https://a3.behance.net/img/galleries/composed/illustration.png",
        "ribbon": {
          "image": "https://a3.behance.net/img/galleries/ribbons/1x/illustration.png",
          "image_2x": "https://a3.behance.net/img/galleries/ribbons/2x/illustration@2x.png"
        },
        "id": 4,
        "key": "illustration",
        "url": "http://illustrationserved.com"
      },
      "projects": [{
        "id": 16780391,
        "featured_on": 1444773602
      }]
    }],
    "twitter": "@J_Barrero",
    "created_on": 1338210753,
    "has_default_image": 0,
    "stats": {
      "followers": 123,
      "comments": 0,
      "appreciations": 353,
      "following": 191,
      "team_members": 0,
      "views": 1994
    },
    "location": "Huelva, Spain",
    "company": "jbarrero@jbarrero.es",
    "links": [
      {
        "title": "JBarrero.es",
        "url": "http://www.jbarrero.es"
      },
      {
        "title": "Jbarrero´s DeviantArt",
        "url": "http://jbarrero.deviantart.com/"
      },
      {
        "title": "Tiempo de heroes",
        "url": "http://www.tiempo-de-heroes.com"
      }
    ],
    "id": 1200239,
    "state": "",
    "fields": [
      "Illustration",
      "Digital Art",
      "Drawing"
    ],
    "first_name": "Jose",
    "username": "jbarrero"
  }
}