{
  "http_code": 200,
  "user": {
    "country": "Spain",
    "images": {
      "115": "https://mir-s3-cdn-cf.behance.net/user/115/1200131.53b378a68d5c2.jpg",
      "138": "https://mir-s3-cdn-cf.behance.net/user/138/1200131.53b378a68d5c2.jpg",
      "50": "https://mir-s3-cdn-cf.behance.net/user/50/1200131.53b378a68d5c2.jpg"
    },
    "website": "",
    "occupation": "Diseñador Gráfico",
    "city": "Elche",
    "social_links": [],
    "last_name": "Moya",
    "display_name": "Mauro Moya",
    "url": "https://www.behance.net/silkmmoya",
    "sections": [],
    "twitter": "",
    "created_on": 1338206938,
    "has_default_image": 0,
    "stats": {
      "followers": 16,
      "comments": 0,
      "appreciations": 10,
      "following": 21,
      "team_members": 0,
      "views": 1075
    },
    "location": "Elche, Spain",
    "company": "",
    "links": [],
    "id": 1200131,
    "state": "",
    "fields": [
      "Graphic Design",
      "Illustration",
      "Editorial Design"
    ],
    "first_name": "Mauro",
    "username": "silkmmoya"
  }
}