{
  "http_code": 200,
  "user": {
    "country": "France",
    "images": {
      "115": "https://a3.behance.net/img/profile/no-image-115.jpg?cb=2050110936",
      "138": "https://a3.behance.net/img/profile/no-image-138.jpg?cb=2050110936",
      "50": "https://a3.behance.net/img/profile/no-image-50.jpg?cb=2050110936"
    },
    "website": "",
    "occupation": "",
    "city": "",
    "social_links": [],
    "last_name": "Vilela Dos Santos",
    "display_name": "Camille Vilela Dos Santos",
    "url": "https://www.behance.net/CaliOffisia853",
    "sections": [],
    "twitter": "",
    "created_on": 1425656289,
    "has_default_image": 1,
    "stats": {
      "followers": 0,
      "comments": 0,
      "appreciations": 0,
      "following": 0,
      "team_members": 0,
      "views": 0
    },
    "location": "France",
    "company": "",
    "links": [],
    "id": 12100251,
    "state": "",
    "fields": [],
    "first_name": "Camille",
    "username": "CaliOffisia853"
  }
}