{
  "http_code": 200,
  "user": {
    "country": "Trinidad and Tobago",
    "images": {
      "100": "https://mir-s3-cdn-cf.behance.net/user/100/101577.53ab5ac31b164.jpg",
      "276": "https://mir-s3-cdn-cf.behance.net/user/276/101577.53ab5ac31b164.jpg",
      "115": "https://mir-s3-cdn-cf.behance.net/user/115/101577.53ab5ac31b164.jpg",
      "138": "https://mir-s3-cdn-cf.behance.net/user/138/101577.53ab5ac31b164.jpg",
      "50": "https://mir-s3-cdn-cf.behance.net/user/50/101577.53ab5ac31b164.jpg",
      "230": "https://mir-s3-cdn-cf.behance.net/user/230/101577.53ab5ac31b164.jpg"
    },
    "website": "",
    "occupation": "Art Director",
    "city": "City",
    "social_links": [],
    "last_name": "Jacobs",
    "display_name": "Dexter Jacobs",
    "url": "https://www.behance.net/dexterjacobs",
    "sections": {
      "Contact Info": "m: +1868-727-2442\ne: info@methoddagency.com",
      "Approach to Work": "My approach to work is simple and honest; placing emphasis on creativity and conceptual thinking, turning my passion for design into success for my clients. What i create all depends where I'm working and what medium I'm creating the work for.",
      "About": "www.methoddagency.com"
    },
    "twitter": "",
    "created_on": 1240232972,
    "has_default_image": 0,
    "stats": {
      "followers": 36,
      "comments": 0,
      "appreciations": 24,
      "following": 108,
      "team_members": 0,
      "views": 1857
    },
    "location": "Trinidad and Tobago",
    "company": "",
    "links": [
      {
        "title": "Online CV",
        "url": "http://vivid-imagination.net/DexterJacobs"
      },
      {
        "title": "Creative Caribbean Network",
        "url": "http://www.creativecaribbeannetwork.com/person/16365/en"
      },
      {
        "title": "Trinidad Guardian",
        "url": "http://www.guardian.co.tt/lifestyle/2011/05/27/doing-art-big-way"
      },
      {
        "title": "Starving Artist Project",
        "url": "http://www.starvingartistproject.com"
      }
    ],
    "id": 101577,
    "state": "",
    "fields": [
      "Art Direction",
      "Advertising",
      "Web Design"
    ],
    "first_name": "Dexter",
    "username": "dexterjacobs"
  }
}