{
  "http_code": 200,
  "user": {
    "country": "United Kingdom",
    "images": {
      "115": "https://a3.behance.net/img/profile/no-image-115.jpg?cb=1673063716",
      "138": "https://a3.behance.net/img/profile/no-image-138.jpg?cb=1673063716",
      "50": "https://a3.behance.net/img/profile/no-image-50.jpg?cb=1673063716"
    },
    "website": "http://www.wearezephyr.com",
    "occupation": "Director",
    "city": "London",
    "social_links": [],
    "last_name": "Collins",
    "display_name": "Jim Collins",
    "url": "https://www.behance.net/jimatzephyr80c9",
    "sections": [],
    "twitter": "",
    "created_on": 1338205889,
    "has_default_image": 1,
    "stats": {
      "followers": 0,
      "comments": 0,
      "appreciations": 0,
      "following": 1,
      "team_members": 0,
      "views": 0
    },
    "location": "London, United Kingdom",
    "company": "Zephyr",
    "links": [],
    "id": 1200093,
    "state": "",
    "fields": [],
    "first_name": "Jim",
    "username": "jimatzephyr80c9"
  }
}