{
  "http_code": 200,
  "user": {
    "country": "India",
    "images": {
      "115": "https://a3.behance.net/img/profile/no-image-115.jpg?cb=1673063716",
      "138": "https://a3.behance.net/img/profile/no-image-138.jpg?cb=1673063716",
      "50": "https://a3.behance.net/img/profile/no-image-50.jpg?cb=1673063716"
    },
    "website": "http://www.techseodesign.co.uk",
    "occupation": "Web Designer",
    "city": "Mumbai",
    "social_links": [],
    "last_name": "",
    "display_name": "Pratik",
    "url": "https://www.behance.net/technosoft",
    "sections": [],
    "twitter": "",
    "created_on": 1338203730,
    "has_default_image": 1,
    "stats": {
      "followers": 1,
      "comments": 0,
      "appreciations": 0,
      "following": 0,
      "team_members": 0,
      "views": 0
    },
    "location": "Mumbai, India",
    "company": "TechnoSoft Consultancies",
    "links": [],
    "id": 1200019,
    "state": "",
    "fields": [],
    "first_name": "Pratik",
    "username": "technosoft"
  }
}