{
  "http_code": 200,
  "user": {
    "country": "Portugal",
    "images": {
      "115": "https://a3.behance.net/img/profile/no-image-115.jpg?cb=1673063716",
      "138": "https://a3.behance.net/img/profile/no-image-138.jpg?cb=1673063716",
      "50": "https://a3.behance.net/img/profile/no-image-50.jpg?cb=1673063716"
    },
    "website": "http://www.axi-media.com/",
    "occupation": "webdesigner",
    "city": "Lisboa",
    "social_links": [],
    "last_name": "Besquent",
    "display_name": "brigitte Besquent",
    "url": "https://www.behance.net/axi-media",
    "sections": [],
    "twitter": "",
    "created_on": 1338204839,
    "has_default_image": 1,
    "stats": {
      "followers": 0,
      "comments": 0,
      "appreciations": 0,
      "following": 0,
      "team_members": 0,
      "views": 63
    },
    "location": "Lisboa, Portugal",
    "company": "axi-media",
    "links": [],
    "id": 1200045,
    "state": "",
    "fields": [
      "Writing",
      "Web Design"
    ],
    "first_name": "brigitte",
    "username": "axi-media"
  }
}