{
  "http_code": 200,
  "user": {
    "country": "United States",
    "images": {
      "115": "https://a3.behance.net/img/profile/no-image-115.jpg?cb=939944132",
      "138": "https://a3.behance.net/img/profile/no-image-138.jpg?cb=939944132",
      "50": "https://a3.behance.net/img/profile/no-image-50.jpg?cb=939944132"
    },
    "website": "http://",
    "occupation": "",
    "city": "Columbus",
    "social_links": [],
    "last_name": "Kershaw",
    "display_name": "Rachyl Kershaw",
    "url": "https://www.behance.net/rachyl",
    "sections": [],
    "twitter": "",
    "created_on": 1240165295,
    "has_default_image": 1,
    "stats": {
      "followers": 2,
      "comments": 0,
      "appreciations": 0,
      "following": 0,
      "team_members": 0,
      "views": 0
    },
    "location": "Columbus, OH, USA",
    "company": "",
    "links": [],
    "id": 101515,
    "state": "Ohio",
    "fields": [],
    "first_name": "Rachyl",
    "username": "rachyl"
  }
}