{
  "http_code": 200,
  "user": {
    "country": "United Kingdom",
    "images": {
      "115": "https://a3.behance.net/img/profile/no-image-115.jpg?cb=1673063716",
      "138": "https://a3.behance.net/img/profile/no-image-138.jpg?cb=1673063716",
      "50": "https://a3.behance.net/img/profile/no-image-50.jpg?cb=1673063716"
    },
    "website": "",
    "occupation": "Staff Writer",
    "city": "Bournemouth",
    "social_links": [],
    "last_name": "Bennett",
    "display_name": "Matt Bennett",
    "url": "https://www.behance.net/mattbennett78f0",
    "sections": [],
    "twitter": "",
    "created_on": 1338205899,
    "has_default_image": 1,
    "stats": {
      "followers": 3,
      "comments": 0,
      "appreciations": 0,
      "following": 29,
      "team_members": 0,
      "views": 0
    },
    "location": "Bournemouth, United Kingdom",
    "company": "Digital Photographer",
    "links": [],
    "id": 1200095,
    "state": "",
    "fields": [],
    "first_name": "Matt",
    "username": "mattbennett78f0"
  }
}