{
  "http_code": 200,
  "user": {
    "country": "United Kingdom",
    "images": {
      "115": "https://a3.behance.net/img/profile/no-image-115.jpg?cb=2050110936",
      "138": "https://a3.behance.net/img/profile/no-image-138.jpg?cb=2050110936",
      "50": "https://a3.behance.net/img/profile/no-image-50.jpg?cb=2050110936"
    },
    "website": "",
    "occupation": "",
    "city": "",
    "social_links": [],
    "last_name": "Khajooi",
    "display_name": "Hamid Khajooi",
    "url": "https://www.behance.net/kh94565349",
    "sections": [],
    "twitter": "",
    "created_on": 1427169952,
    "has_default_image": 1,
    "stats": {
      "followers": 0,
      "comments": 0,
      "appreciations": 0,
      "following": 3,
      "team_members": 0,
      "views": 0
    },
    "location": "United Kingdom",
    "company": "",
    "links": [],
    "id": 12500127,
    "state": "",
    "fields": [],
    "first_name": "Hamid",
    "username": "kh94565349"
  }
}