{
  "http_code": 200,
  "user": {
    "country": "United States",
    "images": {
      "115": "https://mir-s3-cdn-cf.behance.net/user/115/101599.53ab5ad6d1868.jpg",
      "138": "https://mir-s3-cdn-cf.behance.net/user/138/101599.53ab5ad6d1868.jpg",
      "50": "https://mir-s3-cdn-cf.behance.net/user/50/101599.53ab5ad6d1868.jpg"
    },
    "website": "http://www.fitterphoto.com",
    "occupation": "",
    "city": "Philadelphia",
    "social_links": [],
    "last_name": "fitter",
    "display_name": "owen fitter",
    "url": "https://www.behance.net/owenfitter",
    "sections": [],
    "features": [{
      "site": {
        "app_icon": "",
        "domain": "photographyserved.com",
        "name": "Photography Served",
        "icon": "https://a3.behance.net/img/galleries/composed/photography.png",
        "ribbon": {
          "image": "https://a3.behance.net/img/galleries/ribbons/1x/photography.png",
          "image_2x": "https://a3.behance.net/img/galleries/ribbons/2x/photography@2x.png"
        },
        "id": 14,
        "key": "photography",
        "url": "http://photographyserved.com"
      },
      "projects": [{
        "id": 213446,
        "featured_on": 1240812002
      }]
    }],
    "twitter": "",
    "created_on": 1240238375,
    "has_default_image": 0,
    "stats": {
      "followers": 13,
      "comments": 0,
      "appreciations": 34,
      "following": 7,
      "team_members": 0,
      "views": 1717
    },
    "location": "Philadelphia, PA, USA",
    "company": "owen fitter photography",
    "links": [{
      "title": "Owen Fitter Photography",
      "url": "http://www.fitterphoto.com"
    }],
    "id": 101599,
    "state": "Pennsylvania",
    "fields": [
      "Photography",
      "Digital Photography",
      "Advertising"
    ],
    "first_name": "owen",
    "username": "owenfitter"
  }
}