{
  "http_code": 200,
  "user": {
    "country": "Saudi Arabia",
    "images": {
      "115": "https://a3.behance.net/img/profile/no-image-115.jpg?cb=1673063716",
      "138": "https://a3.behance.net/img/profile/no-image-138.jpg?cb=1673063716",
      "50": "https://a3.behance.net/img/profile/no-image-50.jpg?cb=1673063716"
    },
    "website": "",
    "occupation": "Director of Finance",
    "city": "Jeddah",
    "social_links": [],
    "last_name": "Desouki",
    "display_name": "Atef Desouki",
    "url": "https://www.behance.net/atef1919_7f917",
    "sections": [],
    "twitter": "",
    "created_on": 1338208904,
    "has_default_image": 1,
    "stats": {
      "followers": 1,
      "comments": 0,
      "appreciations": 0,
      "following": 0,
      "team_members": 0,
      "views": 0
    },
    "location": "Jeddah, Saudi Arabia",
    "company": "NEPROPLAST",
    "links": [],
    "id": 1200169,
    "state": "",
    "fields": [],
    "first_name": "Atef",
    "username": "atef1919_7f917"
  }
}