{
  "http_code": 200,
  "user": {
    "country": "Germany",
    "images": {
      "100": "https://mir-s3-cdn-cf.behance.net/user/100/4c475212100281.54f9cd61c0f85.jpg",
      "276": "https://mir-s3-cdn-cf.behance.net/user/276/4c475212100281.54f9cd61c0f85.jpg",
      "115": "https://mir-s3-cdn-cf.behance.net/user/115/4c475212100281.54f9cd61c0f85.jpg",
      "138": "https://mir-s3-cdn-cf.behance.net/user/138/4c475212100281.54f9cd61c0f85.jpg",
      "50": "https://mir-s3-cdn-cf.behance.net/user/50/4c475212100281.54f9cd61c0f85.jpg",
      "230": "https://mir-s3-cdn-cf.behance.net/user/230/4c475212100281.54f9cd61c0f85.jpg"
    },
    "website": "",
    "occupation": "Illustration, Grafikdesign, Editorial Design, Branding",
    "city": "Ilmenau",
    "social_links": [],
    "last_name": "Sattler",
    "display_name": "Dirk Sattler",
    "url": "https://www.behance.net/disat70af5b",
    "sections": [],
    "twitter": "",
    "created_on": 1425656433,
    "has_default_image": 0,
    "stats": {
      "followers": 0,
      "comments": 0,
      "appreciations": 0,
      "following": 0,
      "team_members": 0,
      "views": 0
    },
    "location": "Ilmenau, Germany",
    "company": "",
    "links": [],
    "id": 12100281,
    "state": "",
    "fields": [],
    "first_name": "Dirk",
    "username": "disat70af5b"
  }
}