{
  "http_code": 200,
  "user": {
    "country": "United States",
    "images": {
      "100": "https://mir-s3-cdn-cf.behance.net/user/100/e39a5f12500043.5510e13ee8416.jpg",
      "276": "https://mir-s3-cdn-cf.behance.net/user/276/e39a5f12500043.5510e13ee8416.jpg",
      "115": "https://mir-s3-cdn-cf.behance.net/user/115/e39a5f12500043.5510e13ee8416.jpg",
      "138": "https://mir-s3-cdn-cf.behance.net/user/138/e39a5f12500043.5510e13ee8416.jpg",
      "50": "https://mir-s3-cdn-cf.behance.net/user/50/e39a5f12500043.5510e13ee8416.jpg",
      "230": "https://mir-s3-cdn-cf.behance.net/user/230/e39a5f12500043.5510e13ee8416.jpg"
    },
    "website": "",
    "occupation": "",
    "city": "",
    "social_links": [],
    "last_name": "Terry",
    "display_name": "Colby Terry",
    "url": "https://www.behance.net/colby3148",
    "sections": [],
    "twitter": "",
    "created_on": 1427169536,
    "has_default_image": 0,
    "stats": {
      "followers": 0,
      "comments": 0,
      "appreciations": 0,
      "following": 0,
      "team_members": 0,
      "views": 0
    },
    "location": "USA",
    "company": "VoidTeam Studios",
    "links": [],
    "id": 12500043,
    "state": "",
    "fields": [],
    "first_name": "Colby",
    "username": "colby3148"
  }
}