{
  "http_code": 200,
  "user": {
    "country": "Singapore",
    "images": {
      "115": "https://a3.behance.net/img/profile/no-image-115.jpg?cb=2050110936",
      "138": "https://a3.behance.net/img/profile/no-image-138.jpg?cb=2050110936",
      "50": "https://a3.behance.net/img/profile/no-image-50.jpg?cb=2050110936"
    },
    "website": "",
    "occupation": "",
    "city": "Singapore",
    "social_links": [],
    "last_name": "Phang",
    "display_name": "Vming Phang",
    "url": "https://www.behance.net/vmingphang",
    "sections": [],
    "twitter": "",
    "created_on": 1427169726,
    "has_default_image": 1,
    "stats": {
      "followers": 0,
      "comments": 0,
      "appreciations": 0,
      "following": 1,
      "team_members": 0,
      "views": 0
    },
    "location": "Singapore, Singapore",
    "company": "",
    "links": [],
    "id": 12500067,
    "state": "",
    "fields": [],
    "first_name": "Vming",
    "username": "vmingphang"
  }
}