{
  "http_code": 200,
  "user": {
    "country": "Ukraine",
    "images": {
      "100": "https://mir-s3-cdn-cf.behance.net/user/100/ec7886101568.562a408bf3107.png",
      "276": "https://mir-s3-cdn-cf.behance.net/user/276/ec7886101568.562a408bf3107.png",
      "115": "https://mir-s3-cdn-cf.behance.net/user/115/ec7886101568.562a408bf3107.png",
      "138": "https://mir-s3-cdn-cf.behance.net/user/138/ec7886101568.562a408bf3107.png",
      "50": "https://mir-s3-cdn-cf.behance.net/user/50/ec7886101568.562a408bf3107.png",
      "230": "https://mir-s3-cdn-cf.behance.net/user/230/ec7886101568.562a408bf3107.png"
    },
    "website": "http://www.visualizers.com.ua",
    "occupation": "",
    "city": "Kiev",
    "social_links": [
      {
        "social_id": 1,
        "service_name": "Twitter",
        "value": "visualizers",
        "url": "http://twitter.com/visualizers"
      },
      {
        "social_id": 2,
        "service_name": "Facebook",
        "value": "visualizers",
        "url": "http://facebook.com/visualizers"
      }
    ],
    "last_name": " ",
    "display_name": "Visualize®s",
    "url": "https://www.behance.net/visualizers",
    "sections": {
      "Partners": "PopAppFactory",
      "Clients": "The major clients of the studio are companies JTI Ukraine, JTI Kazakhstan, Nestle Ukraine, Zeppelin Cat, Kernel, Fozzy Group, Microsoft, Erste Bank, Bank Forum, DV Bank Ukraine, Mriya Agro Holding, Financial Group Sokrat, Smart Holding, Creative Group, Innoware, Fedoriv.com."
    },
    "features": [{
      "site": {
        "app_icon": "",
        "domain": "appdesignserved.co",
        "name": "App Design Served",
        "icon": "https://a3.behance.net/img/galleries/composed/app.png",
        "ribbon": {
          "image": "https://a3.behance.net/img/galleries/ribbons/1x/app.png",
          "image_2x": "https://a3.behance.net/img/galleries/ribbons/2x/app@2x.png"
        },
        "id": 53,
        "key": "app",
        "url": "http://appdesignserved.co"
      },
      "projects": [{
        "id": 3966545,
        "featured_on": 1354957203
      }]
    }],
    "twitter": "@visualizers",
    "created_on": 1240223065,
    "has_default_image": 0,
    "stats": {
      "followers": 911,
      "comments": 30,
      "appreciations": 1743,
      "following": 260,
      "team_members": 0,
      "views": 35255
    },
    "location": "Kiev, Ukraine",
    "company": "Visualizers",
    "links": [],
    "id": 101568,
    "state": "",
    "fields": [
      "UI/UX",
      "Web Design",
      "Branding"
    ],
    "first_name": "Visualize®s",
    "username": "visualizers"
  }
}