{
  "http_code": 200,
  "user": {
    "country": "India",
    "images": {
      "115": "https://a3.behance.net/img/profile/no-image-115.jpg?cb=1673063716",
      "138": "https://a3.behance.net/img/profile/no-image-138.jpg?cb=1673063716",
      "50": "https://a3.behance.net/img/profile/no-image-50.jpg?cb=1673063716"
    },
    "website": "",
    "occupation": "Creative Supervisor",
    "city": "Mumbai",
    "social_links": [],
    "last_name": "Karande",
    "display_name": "Mahesh Karande",
    "url": "https://www.behance.net/mahesh-karande",
    "sections": [],
    "twitter": "",
    "created_on": 1338203528,
    "has_default_image": 1,
    "stats": {
      "followers": 6,
      "comments": 0,
      "appreciations": 1,
      "following": 34,
      "team_members": 0,
      "views": 95
    },
    "location": "Mumbai, India",
    "company": "DDB Mudra Group",
    "links": [],
    "id": 1200011,
    "state": "",
    "fields": [
      "Art Direction",
      "Advertising"
    ],
    "first_name": "Mahesh",
    "username": "mahesh-karande"
  }
}