{
  "http_code": 200,
  "user": {
    "country": "Italy",
    "images": {
      "115": "https://mir-s3-cdn-cf.behance.net/user/115/1200087.53b3789d964fe.jpg",
      "138": "https://mir-s3-cdn-cf.behance.net/user/138/1200087.53b3789d964fe.jpg",
      "50": "https://mir-s3-cdn-cf.behance.net/user/50/1200087.53b3789d964fe.jpg"
    },
    "website": "",
    "occupation": "",
    "city": "Roma",
    "social_links": [],
    "last_name": "Zoccolini",
    "display_name": "Roberto Zoccolini",
    "url": "https://www.behance.net/titanic60",
    "sections": [],
    "twitter": "",
    "created_on": 1338205800,
    "has_default_image": 0,
    "stats": {
      "followers": 1,
      "comments": 0,
      "appreciations": 0,
      "following": 1,
      "team_members": 0,
      "views": 0
    },
    "location": "Roma, Italy",
    "company": "Scuola dello Sport",
    "links": [],
    "id": 1200087,
    "state": "",
    "fields": [],
    "first_name": "Roberto",
    "username": "titanic60"
  }
}