{
  "http_code": 200,
  "user": {
    "country": "Philippines",
    "images": {
      "115": "https://mir-s3-cdn-cf.behance.net/user/115/1200171.53b378b140cb3.jpg",
      "138": "https://mir-s3-cdn-cf.behance.net/user/138/1200171.53b378b140cb3.jpg",
      "50": "https://mir-s3-cdn-cf.behance.net/user/50/1200171.53b378b140cb3.jpg"
    },
    "website": "",
    "occupation": "Employee Communications Officer",
    "city": "Cavite",
    "social_links": [],
    "last_name": "Galvan",
    "display_name": "Bertrand Thadeus Galvan",
    "url": "https://www.behance.net/randy-galvan",
    "sections": [],
    "twitter": "",
    "created_on": 1338208988,
    "has_default_image": 0,
    "stats": {
      "followers": 2,
      "comments": 0,
      "appreciations": 0,
      "following": 0,
      "team_members": 0,
      "views": 32
    },
    "location": "Cavite, Philippines",
    "company": "",
    "links": [],
    "id": 1200171,
    "state": "",
    "fields": ["Graphic Design"],
    "first_name": "Bertrand Thadeus",
    "username": "randy-galvan"
  }
}