{
  "http_code": 200,
  "user": {
    "country": "United Kingdom",
    "images": {
      "100": "https://mir-s3-cdn-cf.behance.net/user/100/101629.546f22d860cbe.jpg",
      "276": "https://mir-s3-cdn-cf.behance.net/user/276/101629.546f22d860cbe.jpg",
      "115": "https://mir-s3-cdn-cf.behance.net/user/115/101629.546f22d860cbe.jpg",
      "138": "https://mir-s3-cdn-cf.behance.net/user/138/101629.546f22d860cbe.jpg",
      "50": "https://mir-s3-cdn-cf.behance.net/user/50/101629.546f22d860cbe.jpg",
      "230": "https://mir-s3-cdn-cf.behance.net/user/230/101629.546f22d860cbe.jpg"
    },
    "website": "http://www.kareyhelms.com",
    "occupation": "Interaction Designer & Technologist",
    "city": "London",
    "social_links": [
      {
        "social_id": 1,
        "service_name": "Twitter",
        "value": "kareyhelms",
        "url": "http://twitter.com/kareyhelms"
      },
      {
        "social_id": 5,
        "service_name": "Vimeo",
        "value": "kareyhelms",
        "url": "http://vimeo.com/kareyhelms"
      }
    ],
    "last_name": "Helms",
    "display_name": "Karey Helms",
    "url": "https://www.behance.net/KareyHelms",
    "sections": {"About": "Interaction Designer and creative technologist based in London. Interaction design MFA from Ume&aring; Institute of Design. Bachelor degree in architecture. Web designer and developer. Current interests include physical computing, emergent behaviours, energy harvesting and design fiction. Avid GIF maker."},
    "twitter": "@kareyhelms",
    "created_on": 1240255391,
    "has_default_image": 0,
    "stats": {
      "followers": 6,
      "comments": 0,
      "appreciations": 0,
      "following": 5,
      "team_members": 0,
      "views": 0
    },
    "location": "London, United Kingdom",
    "company": "",
    "links": [],
    "id": 101629,
    "state": "",
    "fields": [
      "Interaction Design",
      "Graphic Design",
      "Web Design"
    ],
    "first_name": "Karey",
    "username": "KareyHelms"
  }
}