{
  "http_code": 200,
  "user": {
    "country": "Spain",
    "images": {
      "100": "https://mir-s3-cdn-cf.behance.net/user/100/b7baac12100283.54f9ca763807a.jpg",
      "276": "https://mir-s3-cdn-cf.behance.net/user/276/b7baac12100283.54f9ca763807a.jpg",
      "115": "https://mir-s3-cdn-cf.behance.net/user/115/b7baac12100283.54f9ca763807a.jpg",
      "138": "https://mir-s3-cdn-cf.behance.net/user/138/b7baac12100283.54f9ca763807a.jpg",
      "50": "https://mir-s3-cdn-cf.behance.net/user/50/b7baac12100283.54f9ca763807a.jpg",
      "230": "https://mir-s3-cdn-cf.behance.net/user/230/b7baac12100283.54f9ca763807a.jpg"
    },
    "website": "",
    "occupation": "",
    "city": "",
    "social_links": [],
    "last_name": "Ortiz Siñuela",
    "display_name": "Vicente Ortiz Siñuela",
    "url": "https://www.behance.net/vicenteasd5797",
    "sections": [],
    "twitter": "",
    "created_on": 1425656434,
    "has_default_image": 0,
    "stats": {
      "followers": 0,
      "comments": 0,
      "appreciations": 0,
      "following": 0,
      "team_members": 0,
      "views": 0
    },
    "location": "Spain",
    "company": "",
    "links": [],
    "id": 12100283,
    "state": "",
    "fields": [],
    "first_name": "Vicente",
    "username": "vicenteasd5797"
  }
}