{
  "http_code": 200,
  "user": {
    "country": "Egypt",
    "images": {
      "115": "https://a3.behance.net/img/profile/no-image-115.jpg?cb=2050110936",
      "138": "https://a3.behance.net/img/profile/no-image-138.jpg?cb=2050110936",
      "50": "https://a3.behance.net/img/profile/no-image-50.jpg?cb=2050110936"
    },
    "website": "",
    "occupation": "",
    "city": "",
    "social_links": [],
    "last_name": "saad",
    "display_name": "asem saad",
    "url": "https://www.behance.net/dr_asem3ad0",
    "sections": [],
    "twitter": "",
    "created_on": 1425656153,
    "has_default_image": 1,
    "stats": {
      "followers": 0,
      "comments": 0,
      "appreciations": 0,
      "following": 1,
      "team_members": 0,
      "views": 0
    },
    "location": "Egypt",
    "company": "",
    "links": [],
    "id": 12100177,
    "state": "",
    "fields": [],
    "first_name": "asem",
    "username": "dr_asem3ad0"
  }
}