{
  "http_code": 200,
  "user": {
    "country": "Germany",
    "images": {
      "100": "https://mir-s3-cdn-cf.behance.net/user/100/1200281.53b378ca608ec.jpg",
      "276": "https://mir-s3-cdn-cf.behance.net/user/276/1200281.53b378ca608ec.jpg",
      "115": "https://mir-s3-cdn-cf.behance.net/user/115/1200281.53b378ca608ec.jpg",
      "138": "https://mir-s3-cdn-cf.behance.net/user/138/1200281.53b378ca608ec.jpg",
      "50": "https://mir-s3-cdn-cf.behance.net/user/50/1200281.53b378ca608ec.jpg",
      "230": "https://mir-s3-cdn-cf.behance.net/user/230/1200281.53b378ca608ec.jpg"
    },
    "website": "",
    "occupation": "ArtDirector",
    "city": "Berlin",
    "social_links": [],
    "last_name": "",
    "display_name": "Azim",
    "url": "https://www.behance.net/tigransanasar",
    "sections": [],
    "twitter": "",
    "created_on": 1338212575,
    "has_default_image": 0,
    "stats": {
      "followers": 5,
      "comments": 0,
      "appreciations": 0,
      "following": 21,
      "team_members": 0,
      "views": 2
    },
    "location": "Berlin, Germany",
    "company": "RealGroup",
    "links": [],
    "id": 1200281,
    "state": "",
    "fields": [],
    "first_name": "Azim",
    "username": "tigransanasar"
  }
}