{
  "http_code": 200,
  "user": {
    "country": "Colombia",
    "images": {
      "100": "https://mir-s3-cdn-cf.behance.net/user/100/4b611a12500099.5510e2d469f73.jpg",
      "276": "https://mir-s3-cdn-cf.behance.net/user/276/4b611a12500099.5510e2d469f73.jpg",
      "115": "https://mir-s3-cdn-cf.behance.net/user/115/4b611a12500099.5510e2d469f73.jpg",
      "138": "https://mir-s3-cdn-cf.behance.net/user/138/4b611a12500099.5510e2d469f73.jpg",
      "50": "https://mir-s3-cdn-cf.behance.net/user/50/4b611a12500099.5510e2d469f73.jpg",
      "230": "https://mir-s3-cdn-cf.behance.net/user/230/4b611a12500099.5510e2d469f73.jpg"
    },
    "website": "",
    "occupation": "",
    "city": "Bogotá",
    "social_links": [{
      "social_id": 7,
      "service_name": "YouTube",
      "value": "user/IDesign52/videos",
      "url": "http://youtube.com/user/IDesign52/videos"
    }],
    "last_name": "Ramirez",
    "display_name": "Giancarlo Ramirez",
    "url": "https://www.behance.net/ragiinas3fb7",
    "sections": [],
    "twitter": "",
    "created_on": 1427169852,
    "has_default_image": 0,
    "stats": {
      "followers": 0,
      "comments": 0,
      "appreciations": 0,
      "following": 5,
      "team_members": 0,
      "views": 0
    },
    "location": "Bogotá, Colombia",
    "company": "",
    "links": [],
    "id": 12500099,
    "state": "",
    "fields": [],
    "first_name": "Giancarlo",
    "username": "ragiinas3fb7"
  }
}