{
  "http_code": 200,
  "user": {
    "country": "United Kingdom",
    "images": {
      "115": "https://a3.behance.net/img/profile/no-image-115.jpg?cb=1673063716",
      "138": "https://a3.behance.net/img/profile/no-image-138.jpg?cb=1673063716",
      "50": "https://a3.behance.net/img/profile/no-image-50.jpg?cb=1673063716"
    },
    "website": "www.2employers.co.uk",
    "occupation": "Co-ordinator",
    "city": "Liverpool",
    "social_links": [],
    "last_name": "Hall",
    "display_name": "Dave Hall",
    "url": "https://www.behance.net/wolfsartwork",
    "sections": [],
    "twitter": "",
    "created_on": 1338210818,
    "has_default_image": 1,
    "stats": {
      "followers": 0,
      "comments": 0,
      "appreciations": 0,
      "following": 0,
      "team_members": 0,
      "views": 0
    },
    "location": "Liverpool, United Kingdom",
    "company": "2 employers",
    "links": [],
    "id": 1200241,
    "state": "",
    "fields": [],
    "first_name": "Dave",
    "username": "wolfsartwork"
  }
}