{
  "http_code": 200,
  "user": {
    "country": "Germany",
    "images": {
      "100": "https://mir-s3-cdn-cf.behance.net/user/100/1200149.53b378ac0cb2b.png",
      "276": "https://mir-s3-cdn-cf.behance.net/user/276/1200149.53b378ac0cb2b.png",
      "115": "https://mir-s3-cdn-cf.behance.net/user/115/1200149.53b378ac0cb2b.png",
      "138": "https://mir-s3-cdn-cf.behance.net/user/138/1200149.53b378ac0cb2b.png",
      "50": "https://mir-s3-cdn-cf.behance.net/user/50/1200149.53b378ac0cb2b.png",
      "230": "https://mir-s3-cdn-cf.behance.net/user/230/1200149.53b378ac0cb2b.png"
    },
    "website": "www.105pariis.com",
    "occupation": "Art Director, Designer, Illustrator, Photographer",
    "city": "Dusseldorf",
    "social_links": [{
      "social_id": 2,
      "service_name": "Facebook",
      "value": "105pariis",
      "url": "http://facebook.com/105pariis"
    }],
    "last_name": "",
    "display_name": "105 Pariis",
    "url": "https://www.behance.net/105pariis",
    "sections": {
      "SERVICES": "Styleframes, Key Visuals, Creative concepts (for TVC, Print, Motion & Web), Advertising campaigns, Graphic Design, Art Direction, 2D/3D Illustration, Character Design, Corporate websites & Online Shops, Look-and-feel development, creative Research, Visual identity, Logo Design, Brand campaigns, Brand redesign, Business stationery, Retail Design, Packaging, Typography, Naming, Magazines, Covers, Catalogues and look books, Brochures, Posters, Brand development, Brand identity, Consultancy in art direction and graphic design, Retail, Product placement",
      "ABOUT": "105 Pariis is the creative portfolio of German born independent Art Director and Designer Enis Maksutovski based in Düsseldorf, Germany. He offers highly aesthetically design and branding solutions for the Advertising, Automotive, Entertainment, Fashion, Lifestyle and Consumer Goods Industry.\n\nFrom 2007 to 2011 he worked as an Art Director and Designer for the highly renowned creative studio Parasol Island in Düsseldorf. There he worked across the film, animation, design and digital communication departments. Furthermore he cooperated as an inhouse photographer for fashion and lifestyle clients.\n\nFor more than 8 years of professional experience Enis works with direct clients or production studios and major advertising agencies, worldwide.\n\nHis work has been widely published in numerous publications worldwide.",
      "CLIENTS": "Audi, BMW, Braun, C&A, Congstar, Diesel, Henkel, Inglot, Jasmine Di Milo, McDonald's, MTV, Nikon, o2, Pringles, Procter & Gamble, Red Bull, Schwarzkopf, ThyssenKrupp, VIVA, Volkswagen, etc."
    },
    "twitter": "",
    "created_on": 1338207525,
    "has_default_image": 0,
    "stats": {
      "followers": 75,
      "comments": 1,
      "appreciations": 110,
      "following": 1,
      "team_members": 0,
      "views": 3894
    },
    "location": "Dusseldorf, Germany",
    "company": "",
    "links": [],
    "id": 1200149,
    "state": "",
    "fields": [
      "Illustration",
      "Art Direction",
      "Animation"
    ],
    "first_name": "105 Pariis",
    "username": "105pariis"
  }
}