{
  "http_code": 200,
  "user": {
    "country": "United Kingdom",
    "images": {
      "115": "https://mir-s3-cdn-cf.behance.net/user/115/101605.53ab5ada7285a.jpg",
      "138": "https://mir-s3-cdn-cf.behance.net/user/138/101605.53ab5ada7285a.jpg",
      "50": "https://mir-s3-cdn-cf.behance.net/user/50/101605.53ab5ada7285a.jpg"
    },
    "website": "http://www.williamcolley.com",
    "occupation": "",
    "city": "London",
    "social_links": [],
    "last_name": "Colley",
    "display_name": "Will Colley",
    "url": "https://www.behance.net/williamcolley",
    "sections": [],
    "twitter": "",
    "created_on": 1240240693,
    "has_default_image": 0,
    "stats": {
      "followers": 11,
      "comments": 4,
      "appreciations": 3,
      "following": 75,
      "team_members": 0,
      "views": 44
    },
    "location": "London, United Kingdom",
    "company": "",
    "links": [
      {
        "title": "William Colley's portfolio",
        "url": "http://www.williamcolley.com"
      },
      {
        "title": "Justgiving.com",
        "url": "http://www.justgiving.com"
      }
    ],
    "id": 101605,
    "state": "",
    "fields": [
      "Graphic Design",
      "Print Design",
      "Icon Design"
    ],
    "first_name": "Will",
    "username": "williamcolley"
  }
}