{
  "http_code": 200,
  "user": {
    "country": "United States",
    "images": {
      "115": "https://a3.behance.net/img/profile/no-image-115.jpg?cb=2050110936",
      "138": "https://a3.behance.net/img/profile/no-image-138.jpg?cb=2050110936",
      "50": "https://a3.behance.net/img/profile/no-image-50.jpg?cb=2050110936"
    },
    "website": "",
    "occupation": "",
    "city": "Detroit",
    "social_links": [],
    "last_name": "Cooper",
    "display_name": "Amy Cooper",
    "url": "https://www.behance.net/AmyCooperDetroit",
    "sections": [],
    "twitter": "",
    "created_on": 1425656176,
    "has_default_image": 1,
    "stats": {
      "followers": 0,
      "comments": 0,
      "appreciations": 0,
      "following": 0,
      "team_members": 0,
      "views": 0
    },
    "location": "Detroit, MI, USA",
    "company": "",
    "links": [],
    "id": 12100189,
    "state": "Michigan",
    "fields": [],
    "first_name": "Amy",
    "username": "AmyCooperDetroit"
  }
}