{
  "http_code": 200,
  "user": {
    "country": "India",
    "images": {
      "115": "https://mir-s3-cdn-cf.behance.net/user/115/1200117.53b378a38982e.jpg",
      "138": "https://mir-s3-cdn-cf.behance.net/user/138/1200117.53b378a38982e.jpg",
      "50": "https://mir-s3-cdn-cf.behance.net/user/50/1200117.53b378a38982e.jpg"
    },
    "website": "http://www.brickred.com/",
    "occupation": "Sr. Online Marketing Executive",
    "city": "New Delhi",
    "social_links": [],
    "last_name": "Nair",
    "display_name": "Sunil Nair",
    "url": "https://www.behance.net/snair4u",
    "sections": [],
    "twitter": "",
    "created_on": 1338206363,
    "has_default_image": 0,
    "stats": {
      "followers": 0,
      "comments": 0,
      "appreciations": 0,
      "following": 0,
      "team_members": 0,
      "views": 0
    },
    "location": "New Delhi, India",
    "company": "BrickRed Technologies",
    "links": [],
    "id": 1200117,
    "state": "",
    "fields": [],
    "first_name": "Sunil",
    "username": "snair4u"
  }
}