{
  "http_code": 200,
  "user": {
    "country": "China",
    "images": {
      "100": "https://mir-s3-cdn-cf.behance.net/user/100/1200081.53b3789cd2489.jpg",
      "276": "https://mir-s3-cdn-cf.behance.net/user/276/1200081.53b3789cd2489.jpg",
      "115": "https://mir-s3-cdn-cf.behance.net/user/115/1200081.53b3789cd2489.jpg",
      "138": "https://mir-s3-cdn-cf.behance.net/user/138/1200081.53b3789cd2489.jpg",
      "50": "https://mir-s3-cdn-cf.behance.net/user/50/1200081.53b3789cd2489.jpg",
      "230": "https://mir-s3-cdn-cf.behance.net/user/230/1200081.53b3789cd2489.jpg"
    },
    "website": "",
    "occupation": "",
    "city": "Beijing",
    "social_links": [],
    "last_name": "wang",
    "display_name": "wenbo wang",
    "url": "https://www.behance.net/wangwenbo89b96f",
    "sections": [],
    "twitter": "",
    "created_on": 1338205636,
    "has_default_image": 0,
    "stats": {
      "followers": 2,
      "comments": 0,
      "appreciations": 0,
      "following": 38,
      "team_members": 0,
      "views": 0
    },
    "location": "Beijing, China",
    "company": "",
    "links": [],
    "id": 1200081,
    "state": "",
    "fields": [],
    "first_name": "wenbo",
    "username": "wangwenbo89b96f"
  }
}