{
  "http_code": 200,
  "user": {
    "country": "United States",
    "images": {
      "115": "https://mir-s3-cdn-cf.behance.net/user/115/1200269.53b378c701425.jpg",
      "138": "https://mir-s3-cdn-cf.behance.net/user/138/1200269.53b378c701425.jpg",
      "50": "https://mir-s3-cdn-cf.behance.net/user/50/1200269.53b378c701425.jpg"
    },
    "website": "",
    "occupation": "N/A",
    "city": "Lexington",
    "social_links": [],
    "last_name": "",
    "display_name": "Miriam Boucher",
    "url": "https://www.behance.net/mboucher16",
    "sections": [],
    "twitter": "",
    "created_on": 1338212102,
    "has_default_image": 0,
    "stats": {
      "followers": 0,
      "comments": 0,
      "appreciations": 0,
      "following": 0,
      "team_members": 0,
      "views": 0
    },
    "location": "Lexington, MA, USA",
    "company": "N/A",
    "links": [],
    "id": 1200269,
    "state": "Massachusetts",
    "fields": [],
    "first_name": "Miriam Boucher",
    "username": "mboucher16"
  }
}