{
  "http_code": 200,
  "user": {
    "country": "Russian Federation",
    "images": {
      "115": "https://mir-s3-cdn-cf.behance.net/user/115/101526.53ab5a3ecc306.jpg",
      "138": "https://mir-s3-cdn-cf.behance.net/user/138/101526.53ab5a3ecc306.jpg",
      "50": "https://mir-s3-cdn-cf.behance.net/user/50/101526.53ab5a3ecc306.jpg"
    },
    "website": "",
    "occupation": "",
    "city": "City",
    "social_links": [],
    "last_name": "Newman",
    "display_name": "Daniel Newman",
    "url": "https://www.behance.net/danielnewman",
    "sections": {"About": "Web & Graphic Designer, specialized in creating a rich Internet identity for SMB and cultural institutes. Barely educated bachelor in marketing management and telecom."},
    "twitter": "",
    "created_on": 1240169078,
    "has_default_image": 0,
    "stats": {
      "followers": 6,
      "comments": 0,
      "appreciations": 18,
      "following": 9,
      "team_members": 0,
      "views": 1318
    },
    "location": "Russian Federation",
    "company": "",
    "links": [],
    "id": 101526,
    "state": "",
    "fields": [
      "Graphic Design",
      "Web Development",
      "Web Design"
    ],
    "first_name": "Daniel",
    "username": "danielnewman"
  }
}