{
  "http_code": 200,
  "user": {
    "country": "Brazil",
    "images": {
      "100": "https://mir-s3-cdn-cf.behance.net/user/100/c37d901200159.56c4be1d410f2.jpg",
      "276": "https://mir-s3-cdn-cf.behance.net/user/276/c37d901200159.56c4be1d410f2.jpg",
      "115": "https://mir-s3-cdn-cf.behance.net/user/115/c37d901200159.56c4be1d410f2.jpg",
      "138": "https://mir-s3-cdn-cf.behance.net/user/138/c37d901200159.56c4be1d410f2.jpg",
      "50": "https://mir-s3-cdn-cf.behance.net/user/50/c37d901200159.56c4be1d410f2.jpg",
      "230": "https://mir-s3-cdn-cf.behance.net/user/230/c37d901200159.56c4be1d410f2.jpg"
    },
    "website": "febredecor.com.br",
    "occupation": "Analista Desenvolvedora Web",
    "city": "Ribeirão Preto",
    "social_links": [{
      "social_id": 2,
      "service_name": "Facebook",
      "value": "amanda.almeida.90226",
      "url": "http://facebook.com/amanda.almeida.90226"
    }],
    "last_name": "Almeida",
    "display_name": "Amanda Almeida",
    "url": "https://www.behance.net/amandathais",
    "sections": {
      "Foco": "Desenvolvimento Wordpress, Desenvolvimento Web PHP",
      "Sobre mim": "Desenvolvedora PHP, Estudante de Engenharia e Autora do Blog Febre de Cor.\n"
    },
    "twitter": "",
    "created_on": 1338207947,
    "has_default_image": 0,
    "stats": {
      "followers": 5,
      "comments": 2,
      "appreciations": 12,
      "following": 2,
      "team_members": 0,
      "views": 52
    },
    "location": "Ribeirão Preto, Brazil",
    "company": "Febre de Cor",
    "links": [{
      "title": "Febre de Cor",
      "url": "http://febredecor.com.br"
    }],
    "id": 1200159,
    "state": "",
    "fields": ["Web Design"],
    "first_name": "Amanda",
    "username": "amandathais"
  }
}