{
  "http_code": 200,
  "user": {
    "country": "Australia",
    "images": {
      "115": "https://a3.behance.net/img/profile/no-image-115.jpg?cb=1673063716",
      "138": "https://a3.behance.net/img/profile/no-image-138.jpg?cb=1673063716",
      "50": "https://a3.behance.net/img/profile/no-image-50.jpg?cb=1673063716"
    },
    "website": "",
    "occupation": "",
    "city": "Brisbane",
    "social_links": [],
    "last_name": "Ceola",
    "display_name": "Jacinta Ceola",
    "url": "https://www.behance.net/imagineifdesigns",
    "sections": [],
    "twitter": "",
    "created_on": 1338212791,
    "has_default_image": 1,
    "stats": {
      "followers": 2,
      "comments": 0,
      "appreciations": 0,
      "following": 0,
      "team_members": 0,
      "views": 0
    },
    "location": "Brisbane, Australia",
    "company": "",
    "links": [],
    "id": 1200287,
    "state": "",
    "fields": [],
    "first_name": "Jacinta",
    "username": "imagineifdesigns"
  }
}