{
  "http_code": 200,
  "user": {
    "country": "Switzerland",
    "images": {
      "100": "https://mir-s3-cdn-cf.behance.net/user/100/478fd812100231.553118a38e150.jpg",
      "276": "https://mir-s3-cdn-cf.behance.net/user/276/478fd812100231.553118a38e150.jpg",
      "115": "https://mir-s3-cdn-cf.behance.net/user/115/478fd812100231.553118a38e150.jpg",
      "138": "https://mir-s3-cdn-cf.behance.net/user/138/478fd812100231.553118a38e150.jpg",
      "50": "https://mir-s3-cdn-cf.behance.net/user/50/478fd812100231.553118a38e150.jpg",
      "230": "https://mir-s3-cdn-cf.behance.net/user/230/478fd812100231.553118a38e150.jpg"
    },
    "website": "",
    "occupation": "Mediamatician Student",
    "city": "Lausanne",
    "social_links": [{
      "social_id": 4,
      "service_name": "LinkedIn",
      "value": "pub/emilie-bandera/b7/954/70",
      "url": "http://linkedin.com/pub/emilie-bandera/b7/954/70"
    }],
    "last_name": "Bandera",
    "display_name": "Emilie Bandera",
    "url": "https://www.behance.net/narcoleptik",
    "sections": [],
    "twitter": "",
    "created_on": 1425656238,
    "has_default_image": 0,
    "stats": {
      "followers": 0,
      "comments": 0,
      "appreciations": 1,
      "following": 0,
      "team_members": 0,
      "views": 5
    },
    "location": "Lausanne, Switzerland",
    "company": "",
    "links": [],
    "id": 12100231,
    "state": "",
    "fields": [],
    "first_name": "Emilie",
    "username": "narcoleptik"
  }
}