{
  "http_code": 200,
  "user": {
    "country": "United States",
    "images": {
      "115": "https://a3.behance.net/img/profile/no-image-115.jpg?cb=939944132",
      "138": "https://a3.behance.net/img/profile/no-image-138.jpg?cb=939944132",
      "50": "https://a3.behance.net/img/profile/no-image-50.jpg?cb=939944132"
    },
    "website": "http://patrickyan.net",
    "occupation": "",
    "city": "Durham",
    "social_links": [],
    "last_name": "Yan",
    "display_name": "Patrick Yan",
    "url": "https://www.behance.net/patrickyan",
    "sections": [],
    "twitter": "",
    "created_on": 1240177657,
    "has_default_image": 1,
    "stats": {
      "followers": 1,
      "comments": 0,
      "appreciations": 0,
      "following": 0,
      "team_members": 0,
      "views": 15
    },
    "location": "Durham, NC, USA",
    "company": "",
    "links": [
      {
        "title": "Portfolio",
        "url": "http://patrickyan.net"
      },
      {
        "title": "Live Example (Duke Partnership for Service)",
        "url": "http://dps.dukegroups.duke.edu"
      }
    ],
    "id": 101542,
    "state": "North Carolina",
    "fields": [],
    "first_name": "Patrick",
    "username": "patrickyan"
  }
}