{
  "http_code": 200,
  "user": {
    "country": "United States",
    "images": {
      "115": "https://mir-s3-cdn-cf.behance.net/user/115/101639.53ab5af2e609c.jpg",
      "138": "https://mir-s3-cdn-cf.behance.net/user/138/101639.53ab5af2e609c.jpg",
      "50": "https://mir-s3-cdn-cf.behance.net/user/50/101639.53ab5af2e609c.jpg"
    },
    "website": "http://dkuntz2.com",
    "occupation": "",
    "city": "Chicago",
    "social_links": [{
      "social_id": 1,
      "service_name": "Twitter",
      "value": "dkuntz2",
      "url": "http://twitter.com/dkuntz2"
    }],
    "last_name": "Kuntz",
    "display_name": "Don Kuntz",
    "url": "https://www.behance.net/dkuntz2",
    "sections": {
      "About": "I'm a student web designer and developer, mostly focused on design.\n\nWhen I make sites that aren't for my self and need a content management system I will use wordpress, because I know the system. I have attempted to create my own content management system several times, each time I feel it gets better than the last attempt, but do not have a fully polished system created.",
      "Contact": "You can email me; don@dkuntz2.com, that's about it.  If you want, you can send me a message here (I might see it), or twitter me..."
    },
    "twitter": "@dkuntz2",
    "created_on": 1240263183,
    "has_default_image": 0,
    "stats": {
      "followers": 18,
      "comments": 7,
      "appreciations": 0,
      "following": 17,
      "team_members": 0,
      "views": 0
    },
    "location": "Chicago, IL, USA",
    "company": "Don Kuntz Design",
    "links": [{
      "title": "My Website (Blog and Portfolio)",
      "url": "http://dkuntz2.com"
    }],
    "id": 101639,
    "state": "Illinois",
    "fields": [],
    "first_name": "Don",
    "username": "dkuntz2"
  }
}