{
  "http_code": 200,
  "user": {
    "country": "United Kingdom",
    "images": {
      "115": "https://mir-s3-cdn-cf.behance.net/user/115/101569.53ab5abc521b3.jpg",
      "138": "https://mir-s3-cdn-cf.behance.net/user/138/101569.53ab5abc521b3.jpg",
      "50": "https://mir-s3-cdn-cf.behance.net/user/50/101569.53ab5abc521b3.jpg"
    },
    "website": "http://www.bananr.com/kimcartlidge1",
    "occupation": "",
    "city": "Leeds",
    "social_links": [],
    "last_name": "Cartlidge",
    "display_name": "Kim Cartlidge",
    "url": "https://www.behance.net/KimCartlidge",
    "sections": [],
    "twitter": "",
    "created_on": 1240224287,
    "has_default_image": 0,
    "stats": {
      "followers": 26,
      "comments": 4,
      "appreciations": 58,
      "following": 13,
      "team_members": 0,
      "views": 1322
    },
    "location": "Leeds, United Kingdom",
    "company": "",
    "links": [
      {
        "title": "Flickr",
        "url": "http://www.flickr.com/photos/kimcartlidge/"
      },
      {
        "title": "Print and Pattern Blogspot",
        "url": "http://printpattern.blogspot.com/2008/11/designer-kim-cartlidge.html"
      }
    ],
    "id": 101569,
    "state": "",
    "fields": [
      "Illustration",
      "Digital Art"
    ],
    "first_name": "Kim",
    "username": "KimCartlidge"
  }
}