{
  "http_code": 200,
  "user": {
    "country": "Australia",
    "images": {
      "100": "https://mir-s3-cdn-cf.behance.net/user/100/0c06c612500023.5510e15bbdc4e.jpg",
      "276": "https://mir-s3-cdn-cf.behance.net/user/276/0c06c612500023.5510e15bbdc4e.jpg",
      "115": "https://mir-s3-cdn-cf.behance.net/user/115/0c06c612500023.5510e15bbdc4e.jpg",
      "138": "https://mir-s3-cdn-cf.behance.net/user/138/0c06c612500023.5510e15bbdc4e.jpg",
      "50": "https://mir-s3-cdn-cf.behance.net/user/50/0c06c612500023.5510e15bbdc4e.jpg",
      "230": "https://mir-s3-cdn-cf.behance.net/user/230/0c06c612500023.5510e15bbdc4e.jpg"
    },
    "website": "",
    "occupation": "Graphic Designer",
    "city": "Melbourne",
    "social_links": [{
      "social_id": 4,
      "service_name": "LinkedIn",
      "value": "in/kristinebliksethgraphicdesign",
      "url": "http://linkedin.com/in/kristinebliksethgraphicdesign"
    }],
    "last_name": "Blikseth",
    "display_name": "Kristine Blikseth",
    "url": "https://www.behance.net/kristineblikseth",
    "sections": [],
    "twitter": "",
    "created_on": 1427169442,
    "has_default_image": 0,
    "stats": {
      "followers": 0,
      "comments": 0,
      "appreciations": 1,
      "following": 0,
      "team_members": 0,
      "views": 13
    },
    "location": "Melbourne, Australia",
    "company": "",
    "links": [],
    "id": 12500023,
    "state": "",
    "fields": [],
    "first_name": "Kristine",
    "username": "kristineblikseth"
  }
}