{
  "http_code": 200,
  "user": {
    "country": "Switzerland",
    "images": {
      "115": "https://mir-s3-cdn-cf.behance.net/user/115/1200161.53b378ae8bdbb.jpg",
      "138": "https://mir-s3-cdn-cf.behance.net/user/138/1200161.53b378ae8bdbb.jpg",
      "50": "https://mir-s3-cdn-cf.behance.net/user/50/1200161.53b378ae8bdbb.jpg"
    },
    "website": "",
    "occupation": "Drama Student",
    "city": "Geneva",
    "social_links": [],
    "last_name": "Bourrier",
    "display_name": "Aude Bourrier",
    "url": "https://www.behance.net/bourrier_aude9825",
    "sections": [],
    "twitter": "",
    "created_on": 1338207977,
    "has_default_image": 0,
    "stats": {
      "followers": 3,
      "comments": 0,
      "appreciations": 0,
      "following": 2,
      "team_members": 0,
      "views": 0
    },
    "location": "Geneva, Switzerland",
    "company": "",
    "links": [],
    "id": 1200161,
    "state": "",
    "fields": [],
    "first_name": "Aude",
    "username": "bourrier_aude9825"
  }
}