{
  "http_code": 200,
  "user": {
    "country": "Russian Federation",
    "images": {
      "115": "https://mir-s3-cdn-cf.behance.net/user/115/101563.53ab5ab6d755c.jpg",
      "138": "https://mir-s3-cdn-cf.behance.net/user/138/101563.53ab5ab6d755c.jpg",
      "50": "https://mir-s3-cdn-cf.behance.net/user/50/101563.53ab5ab6d755c.jpg"
    },
    "website": "http://",
    "occupation": "",
    "city": "Saint Petersburg",
    "social_links": [],
    "last_name": "Volodina",
    "display_name": "Olesia Volodina",
    "url": "https://www.behance.net/OlesiaVolodina",
    "sections": [],
    "twitter": "",
    "created_on": 1240214625,
    "has_default_image": 0,
    "stats": {
      "followers": 4,
      "comments": 4,
      "appreciations": 8,
      "following": 2,
      "team_members": 0,
      "views": 159
    },
    "location": "Saint Petersburg, Russian Federation",
    "company": "Stayer",
    "links": [],
    "id": 101563,
    "state": "",
    "fields": ["Graphic Design"],
    "first_name": "Olesia",
    "username": "OlesiaVolodina"
  }
}