{
  "http_code": 200,
  "user": {
    "country": "Australia",
    "images": {
      "115": "https://a3.behance.net/img/profile/no-image-115.jpg?cb=1673063716",
      "138": "https://a3.behance.net/img/profile/no-image-138.jpg?cb=1673063716",
      "50": "https://a3.behance.net/img/profile/no-image-50.jpg?cb=1673063716"
    },
    "website": "",
    "occupation": "Art, Graphic Designer But Student",
    "city": "Brisbane",
    "social_links": [],
    "last_name": "McDonald",
    "display_name": "Aiden McDonald",
    "url": "https://www.behance.net/SimpleArts",
    "sections": [],
    "twitter": "",
    "created_on": 1338205219,
    "has_default_image": 1,
    "stats": {
      "followers": 1,
      "comments": 1,
      "appreciations": 0,
      "following": 3,
      "team_members": 0,
      "views": 0
    },
    "location": "Brisbane, Australia",
    "company": "Youtube",
    "links": [],
    "id": 1200059,
    "state": "",
    "fields": [],
    "first_name": "Aiden",
    "username": "SimpleArts"
  }
}