{
  "http_code": 200,
  "user": {
    "country": "United States",
    "images": {
      "115": "https://a3.behance.net/img/profile/no-image-115.jpg?cb=2050110936",
      "138": "https://a3.behance.net/img/profile/no-image-138.jpg?cb=2050110936",
      "50": "https://a3.behance.net/img/profile/no-image-50.jpg?cb=2050110936"
    },
    "website": "",
    "occupation": "",
    "city": "New York",
    "social_links": [],
    "last_name": "Meyer",
    "display_name": "Jill Meyer",
    "url": "https://www.behance.net/meye0399",
    "sections": [],
    "twitter": "",
    "created_on": 1425655725,
    "has_default_image": 1,
    "stats": {
      "followers": 0,
      "comments": 0,
      "appreciations": 0,
      "following": 15,
      "team_members": 0,
      "views": 0
    },
    "location": "New York, NY, USA",
    "company": "",
    "links": [],
    "id": 12100047,
    "state": "New York",
    "fields": [],
    "first_name": "Jill",
    "username": "meye0399"
  }
}