{
  "http_code": 200,
  "user": {
    "country": "Turkey",
    "images": {
      "100": "https://mir-s3-cdn-cf.behance.net/user/100/30d95112100137.54fb6d00269cc.png",
      "276": "https://mir-s3-cdn-cf.behance.net/user/276/30d95112100137.54fb6d00269cc.png",
      "115": "https://mir-s3-cdn-cf.behance.net/user/115/30d95112100137.54fb6d00269cc.png",
      "138": "https://mir-s3-cdn-cf.behance.net/user/138/30d95112100137.54fb6d00269cc.png",
      "50": "https://mir-s3-cdn-cf.behance.net/user/50/30d95112100137.54fb6d00269cc.png",
      "230": "https://mir-s3-cdn-cf.behance.net/user/230/30d95112100137.54fb6d00269cc.png"
    },
    "website": "www.grafikalemi.net",
    "occupation": "Graphic Designer",
    "city": "Istanbul",
    "social_links": [],
    "last_name": "Kaya",
    "display_name": "Yusuf Kaya",
    "url": "https://www.behance.net/yusufkaya",
    "sections": [],
    "twitter": "",
    "created_on": 1425656027,
    "has_default_image": 0,
    "stats": {
      "followers": 0,
      "comments": 0,
      "appreciations": 0,
      "following": 0,
      "team_members": 0,
      "views": 2
    },
    "location": "Istanbul, Turkey",
    "company": "",
    "links": [],
    "id": 12100137,
    "state": "",
    "fields": [],
    "first_name": "Yusuf",
    "username": "yusufkaya"
  }
}