{
  "http_code": 200,
  "user": {
    "country": "Cyprus",
    "images": {
      "115": "https://a3.behance.net/img/profile/no-image-115.jpg?cb=1673063716",
      "138": "https://a3.behance.net/img/profile/no-image-138.jpg?cb=1673063716",
      "50": "https://a3.behance.net/img/profile/no-image-50.jpg?cb=1673063716"
    },
    "website": "https://www.facebook.com/GemProductions",
    "occupation": "student",
    "city": "Famagusta",
    "social_links": [],
    "last_name": "",
    "display_name": "Gem",
    "url": "https://www.behance.net/GEMPRO7",
    "sections": [],
    "twitter": "",
    "created_on": 1338212177,
    "has_default_image": 1,
    "stats": {
      "followers": 5,
      "comments": 0,
      "appreciations": 0,
      "following": 0,
      "team_members": 0,
      "views": 28
    },
    "location": "Famagusta, Cyprus",
    "company": "GEM PRODUCTIONS",
    "links": [],
    "id": 1200271,
    "state": "",
    "fields": [
      "Graphic Design",
      "Motion Graphics"
    ],
    "first_name": "Gem",
    "username": "GEMPRO7"
  }
}