{
  "http_code": 200,
  "user": {
    "country": "Chile",
    "images": {
      "100": "https://mir-s3-cdn-cf.behance.net/user/100/0ce9b412100121.54f9c88e0d43f.jpg",
      "276": "https://mir-s3-cdn-cf.behance.net/user/276/0ce9b412100121.54f9c88e0d43f.jpg",
      "115": "https://mir-s3-cdn-cf.behance.net/user/115/0ce9b412100121.54f9c88e0d43f.jpg",
      "138": "https://mir-s3-cdn-cf.behance.net/user/138/0ce9b412100121.54f9c88e0d43f.jpg",
      "50": "https://mir-s3-cdn-cf.behance.net/user/50/0ce9b412100121.54f9c88e0d43f.jpg",
      "230": "https://mir-s3-cdn-cf.behance.net/user/230/0ce9b412100121.54f9c88e0d43f.jpg"
    },
    "website": "",
    "occupation": "",
    "city": "",
    "social_links": [],
    "last_name": "Díaz",
    "display_name": "Pilar Díaz",
    "url": "https://www.behance.net/marinapilad564",
    "sections": [],
    "twitter": "",
    "created_on": 1425655949,
    "has_default_image": 0,
    "stats": {
      "followers": 0,
      "comments": 0,
      "appreciations": 0,
      "following": 0,
      "team_members": 0,
      "views": 0
    },
    "location": "Chile",
    "company": "",
    "links": [],
    "id": 12100121,
    "state": "",
    "fields": [],
    "first_name": "Pilar",
    "username": "marinapilad564"
  }
}