{
  "http_code": 200,
  "user": {
    "country": "Bangladesh",
    "images": {
      "115": "https://a3.behance.net/img/profile/no-image-115.jpg?cb=2050110936",
      "138": "https://a3.behance.net/img/profile/no-image-138.jpg?cb=2050110936",
      "50": "https://a3.behance.net/img/profile/no-image-50.jpg?cb=2050110936"
    },
    "website": "",
    "occupation": "",
    "city": "Dhaka",
    "social_links": [],
    "last_name": "musa",
    "display_name": "muaz musa",
    "url": "https://www.behance.net/themesolve",
    "sections": [],
    "twitter": "",
    "created_on": 1425656071,
    "has_default_image": 1,
    "stats": {
      "followers": 0,
      "comments": 0,
      "appreciations": 0,
      "following": 0,
      "team_members": 0,
      "views": 2
    },
    "location": "Dhaka, Bangladesh",
    "company": "",
    "links": [],
    "id": 12100147,
    "state": "",
    "fields": [],
    "first_name": "muaz",
    "username": "themesolve"
  }
}