{
  "http_code": 200,
  "user": {
    "country": "Russian Federation",
    "images": {
      "100": "https://mir-s3-cdn-cf.behance.net/user/100/101570.53ab5abd33d4a.jpg",
      "276": "https://mir-s3-cdn-cf.behance.net/user/276/101570.53ab5abd33d4a.jpg",
      "115": "https://mir-s3-cdn-cf.behance.net/user/115/101570.53ab5abd33d4a.jpg",
      "138": "https://mir-s3-cdn-cf.behance.net/user/138/101570.53ab5abd33d4a.jpg",
      "50": "https://mir-s3-cdn-cf.behance.net/user/50/101570.53ab5abd33d4a.jpg",
      "230": "https://mir-s3-cdn-cf.behance.net/user/230/101570.53ab5abd33d4a.jpg"
    },
    "website": "http://be.net/tatavislevskaya",
    "occupation": "",
    "city": "Moscow",
    "social_links": [],
    "last_name": "Vislevskaya",
    "display_name": "Tata Vislevskaya",
    "url": "https://www.behance.net/tatavislevskaya",
    "sections": {"About me": "2012\nVincent Gallery, Moscow\n2011\nLa nuit de la photo, Théâtre antique d'Orange, Orange, France\n2010\nLa nuit de la photo, Guidel-Plage, Guidel, France"},
    "features": [{
      "site": {
        "app_icon": "",
        "domain": "photographyserved.com",
        "name": "Photography Served",
        "icon": "https://a3.behance.net/img/galleries/composed/photography.png",
        "ribbon": {
          "image": "https://a3.behance.net/img/galleries/ribbons/1x/photography.png",
          "image_2x": "https://a3.behance.net/img/galleries/ribbons/2x/photography@2x.png"
        },
        "id": 14,
        "key": "photography",
        "url": "http://photographyserved.com"
      },
      "projects": [
        {
          "id": 370255,
          "featured_on": 1261606503
        },
        {
          "id": 470671,
          "featured_on": 1278168302
        },
        {
          "id": 679749,
          "featured_on": 1287471606
        }
      ]
    }],
    "twitter": "",
    "created_on": 1240225763,
    "has_default_image": 0,
    "stats": {
      "followers": 361,
      "comments": 118,
      "appreciations": 2602,
      "following": 169,
      "team_members": 0,
      "views": 29840
    },
    "location": "Moscow, Russian Federation",
    "company": "",
    "links": [
      {
        "title": "Interview for Satellite Voices",
        "url": "http://www.satellitevoices.com/moscow/photography/1321/tata-vislevskaya"
      },
      {
        "title": "Interview for Ilovethatphoto",
        "url": "http://www.ilovethatphoto.net/2010/08/17/interview-tata-vislevskaya/"
      },
      {
        "title": "Interview for Who speaks for Art",
        "url": "http://whospeaksforart.blogspot.com/2010/09/tata-vislevskaya-loneliness-and-nature.html"
      },
      {
        "title": "Interview for Milk with tea",
        "url": "http://milkwithtea.blogspot.com/2012/01/tata-vislevskaya.html"
      },
      {
        "title": "ISO50",
        "url": "http://blog.iso50.com/14827/tata-vislevskaya/"
      },
      {
        "title": "DesignCollector",
        "url": "http://designcollector.net/3667-tata-vislevskaya-photography/"
      },
      {
        "title": "The Strange Attractor",
        "url": "http://thestrangeattractor.net/?p=5152"
      },
      {
        "title": "Kitsune Noir",
        "url": "http://thefoxisblack.com/2010/01/05/tata-vislevskaya/"
      },
      {
        "title": "Grafik",
        "url": "http://www.grafik.co.nz/photos/tata-vislevskaya/"
      },
      {
        "title": "Photographyserved.com",
        "url": "http://www.photographyserved.com/gallery/Kleine-Scheidegg/679749"
      },
      {
        "title": "Photographyserved.com",
        "url": "http://www.photographyserved.com/gallery/The-day-by-day/470671"
      },
      {
        "title": "Photographyserved.com",
        "url": "http://www.photographyserved.com/gallery/Alpes/370255"
      },
      {
        "title": "BlackMaths",
        "url": "http://www.blackmaths.com/2010/02/tata-vislevskaya.html"
      },
      {
        "title": "Fairfaxbynight",
        "url": "http://www.fairfaxbynight.com/swiss-alps-by-tata-vislevskaya/"
      },
      {
        "title": "Yin&Yang.co.uk",
        "url": "http://yinnyang.co.uk/tag/tata-vislevskaya/"
      },
      {
        "title": "Fubiz",
        "url": "http://www.fubiz.net/2010/04/25/tata-vislevskaya/"
      },
      {
        "title": "Rawstone Media",
        "url": "http://rawstonemedia.com/post/327029203/tata-vislevskaya"
      },
      {
        "title": "Academy A",
        "url": "http://academya.wordpress.com/2010/06/04/desired-destination/"
      },
      {
        "title": "Emancipator",
        "url": "http://emancipator.bandcamp.com/album/remixes-2"
      },
      {
        "title": "Newly Swissed II",
        "url": "http://www.newlyswissed.com/?p=5481"
      },
      {
        "title": "Newly Swissed I",
        "url": "http://www.newlyswissed.com/?p=2064"
      },
      {
        "title": "Baiser Mag",
        "url": "http://www.baisermag.com/2011/08/tata-vislevskaya/#respond"
      },
      {
        "title": "Peanut Soup Deluxe",
        "url": "http://www.peanutsoupdeluxe.com/2011/08/tata-vislevskaya.html"
      },
      {
        "title": "Design You Trust",
        "url": "http://designyoutrust.com/2011/08/20/tata-vislevskaya/"
      },
      {
        "title": "Freaks online",
        "url": "http://www.freaksonline.co.uk/online_gallery/tata-vislevskaya-photography.html"
      },
      {
        "title": "WALLDONE MAG",
        "url": "http://mag.walldone.com/ashino-ko"
      },
      {
        "title": "Paperblog",
        "url": "http://www.paperblog.fr/2951672/tata-vislevskaya-pictures/"
      },
      {
        "title": "Very Very Beautiful",
        "url": "http://www.veryverybeautiful.it/?tag=tata-vislevskaya"
      },
      {
        "title": "A Dirty Job Magazine",
        "url": "http://adirtyjob.net/2011/10/29/tata-vislevskaya/"
      },
      {
        "title": "Beyond Gold Magazine",
        "url": "http://beyondgoldmagazine.com/post/10530589172/tata-vislevskaya"
      },
      {
        "title": "40fakes",
        "url": "http://www.40fakes.com/2011/10/tata-vislevskaya/"
      },
      {
        "title": "Fan The Fire Magazine - Issue # 34",
        "url": "http://fanthefiremagazine.com/blog/more/issues/34-august-2010/"
      },
      {
        "title": "Maisonhate Mag",
        "url": "http://www.maisonhate.fr/2010/04/27/tata-vislevskaya/"
      },
      {
        "title": "FanTheFire Magazine",
        "url": "http://www.scribd.com/doc/34960202/FAN-THE-FIRE-Magazine-34-August-2010"
      }
    ],
    "id": 101570,
    "state": "",
    "fields": [
      "Photography",
      "Fine Arts"
    ],
    "first_name": "Tata",
    "username": "tatavislevskaya"
  }
}