{
  "http_code": 200,
  "user": {
    "country": "Peru",
    "images": {
      "100": "https://mir-s3-cdn-cf.behance.net/user/100/1200129.53b378a5c7870.jpg",
      "276": "https://mir-s3-cdn-cf.behance.net/user/276/1200129.53b378a5c7870.jpg",
      "115": "https://mir-s3-cdn-cf.behance.net/user/115/1200129.53b378a5c7870.jpg",
      "138": "https://mir-s3-cdn-cf.behance.net/user/138/1200129.53b378a5c7870.jpg",
      "50": "https://mir-s3-cdn-cf.behance.net/user/50/1200129.53b378a5c7870.jpg",
      "230": "https://mir-s3-cdn-cf.behance.net/user/230/1200129.53b378a5c7870.jpg"
    },
    "website": "alejandrai.tumblr.com",
    "occupation": "Photography Student",
    "city": "Lima",
    "social_links": [{
      "social_id": 9,
      "service_name": "Tumblr",
      "value": "alejandrai",
      "url": "http://alejandrai.tumblr.com"
    }],
    "last_name": "Ipince",
    "display_name": "Alejandra Ipince",
    "url": "https://www.behance.net/alejandrai",
    "sections": [],
    "twitter": "",
    "created_on": 1338206890,
    "has_default_image": 0,
    "stats": {
      "followers": 2,
      "comments": 0,
      "appreciations": 2,
      "following": 0,
      "team_members": 0,
      "views": 53
    },
    "location": "Lima, Peru",
    "company": "",
    "links": [],
    "id": 1200129,
    "state": "",
    "fields": ["Photography"],
    "first_name": "Alejandra",
    "username": "alejandrai"
  }
}