{
  "http_code": 200,
  "user": {
    "country": "Chile",
    "images": {
      "100": "https://mir-s3-cdn-cf.behance.net/user/100/101636.53ab5af044650.jpg",
      "276": "https://mir-s3-cdn-cf.behance.net/user/276/101636.53ab5af044650.jpg",
      "115": "https://mir-s3-cdn-cf.behance.net/user/115/101636.53ab5af044650.jpg",
      "138": "https://mir-s3-cdn-cf.behance.net/user/138/101636.53ab5af044650.jpg",
      "50": "https://mir-s3-cdn-cf.behance.net/user/50/101636.53ab5af044650.jpg",
      "230": "https://mir-s3-cdn-cf.behance.net/user/230/101636.53ab5af044650.jpg"
    },
    "website": "http://www.nodomotion.com",
    "occupation": "Director",
    "city": "Quilpue",
    "social_links": [{
      "social_id": 4,
      "service_name": "LinkedIn",
      "value": "in/mmunoza",
      "url": "http://linkedin.com/in/mmunoza"
    }],
    "last_name": "Muñoz",
    "display_name": "Manuel Muñoz",
    "url": "https://www.behance.net/manuelmunoz",
    "sections": [],
    "twitter": "",
    "created_on": 1240258886,
    "has_default_image": 0,
    "stats": {
      "followers": 14,
      "comments": 4,
      "appreciations": 1,
      "following": 7,
      "team_members": 0,
      "views": 126
    },
    "location": "Quilpue, Chile",
    "company": "Nodomotion",
    "links": [{
      "title": "Nodomotion.com Video Motion Graphics",
      "url": "http://www.nodomotion.com"
    }],
    "id": 101636,
    "state": "",
    "fields": [
      "Motion Graphics",
      "Video Arts",
      "Animation"
    ],
    "first_name": "Manuel",
    "username": "manuelmunoz"
  }
}