{
  "http_code": 200,
  "user": {
    "country": "Austria",
    "images": {
      "100": "https://mir-s3-cdn-cf.behance.net/user/100/1200003.53b3784c0f4ca.jpg",
      "276": "https://mir-s3-cdn-cf.behance.net/user/276/1200003.53b3784c0f4ca.jpg",
      "115": "https://mir-s3-cdn-cf.behance.net/user/115/1200003.53b3784c0f4ca.jpg",
      "138": "https://mir-s3-cdn-cf.behance.net/user/138/1200003.53b3784c0f4ca.jpg",
      "50": "https://mir-s3-cdn-cf.behance.net/user/50/1200003.53b3784c0f4ca.jpg",
      "230": "https://mir-s3-cdn-cf.behance.net/user/230/1200003.53b3784c0f4ca.jpg"
    },
    "website": "http://www.linkedin.com/in/ehsanbazafkan",
    "occupation": "Freelance Architect/Lighting Designer",
    "city": "Vienna",
    "social_links": [
      {
        "social_id": 1,
        "service_name": "Twitter",
        "value": "ehsanbazafkan",
        "url": "http://twitter.com/ehsanbazafkan"
      },
      {
        "social_id": 4,
        "service_name": "LinkedIn",
        "value": "in/ehsanbazafkan",
        "url": "http://linkedin.com/in/ehsanbazafkan"
      }
    ],
    "last_name": "Bazafkan",
    "display_name": "Ehsan Bazafkan",
    "url": "https://www.behance.net/ehsanbazafkan",
    "sections": [],
    "twitter": "@ehsanbazafkan",
    "created_on": 1338203381,
    "has_default_image": 0,
    "stats": {
      "followers": 16,
      "comments": 1,
      "appreciations": 0,
      "following": 2,
      "team_members": 0,
      "views": 3
    },
    "location": "Vienna, Austria",
    "company": "",
    "links": [],
    "id": 1200003,
    "state": "",
    "fields": [
      "Landscape Design",
      "Architecture",
      "Street Art"
    ],
    "first_name": "Ehsan",
    "username": "ehsanbazafkan"
  }
}