{
  "http_code": 200,
  "user": {
    "country": "",
    "images": {
      "115": "https://mir-s3-cdn-cf.behance.net/user/115/101576.53ab5ac236782.jpg",
      "138": "https://mir-s3-cdn-cf.behance.net/user/138/101576.53ab5ac236782.jpg",
      "50": "https://mir-s3-cdn-cf.behance.net/user/50/101576.53ab5ac236782.jpg"
    },
    "website": "",
    "occupation": "",
    "city": "",
    "social_links": [],
    "last_name": "",
    "display_name": "rgbist",
    "url": "https://www.behance.net/RGBist",
    "sections": [],
    "twitter": "",
    "created_on": 1240230972,
    "has_default_image": 0,
    "stats": {
      "followers": 12,
      "comments": 0,
      "appreciations": 1,
      "following": 197,
      "team_members": 0,
      "views": 1
    },
    "location": "",
    "company": "",
    "links": [],
    "id": 101576,
    "state": "",
    "fields": [],
    "first_name": "rgbist",
    "username": "RGBist"
  }
}