{
  "http_code": 200,
  "user": {
    "country": "United States",
    "images": {
      "115": "https://mir-s3-cdn-cf.behance.net/user/115/101619.53ab5ae4515b4.jpg",
      "138": "https://mir-s3-cdn-cf.behance.net/user/138/101619.53ab5ae4515b4.jpg",
      "50": "https://mir-s3-cdn-cf.behance.net/user/50/101619.53ab5ae4515b4.jpg"
    },
    "website": "http://www.bryceward.com",
    "occupation": "Director and Photographer",
    "city": "New York",
    "social_links": [{
      "social_id": 7,
      "service_name": "YouTube",
      "value": "bryceward.studio",
      "url": "http://youtube.com/bryceward.studio"
    }],
    "last_name": "Ward",
    "display_name": "Bryce Ward",
    "url": "https://www.behance.net/BryceWard",
    "sections": [],
    "twitter": "",
    "created_on": 1240250919,
    "has_default_image": 0,
    "stats": {
      "followers": 3,
      "comments": 0,
      "appreciations": 0,
      "following": 4,
      "team_members": 0,
      "views": 0
    },
    "location": "New York, NY, USA",
    "company": "",
    "links": [
      {
        "title": "Motion Reel",
        "url": "http://www.youtube.com/user/brycewardstudio"
      },
      {
        "title": "Still Portfolio",
        "url": "http://bryceward.com/STILL_PORTFOLIO.html"
      },
      {
        "title": "Pissed Off a Project by Bryce Ward",
        "url": "http://pissedoff.bryceward.com"
      }
    ],
    "id": 101619,
    "state": "New York",
    "fields": [],
    "first_name": "Bryce",
    "username": "BryceWard"
  }
}