{
  "http_code": 200,
  "user": {
    "country": "United States",
    "images": {
      "115": "https://mir-s3-cdn-cf.behance.net/user/115/101642.53ab5af4bd800.jpg",
      "138": "https://mir-s3-cdn-cf.behance.net/user/138/101642.53ab5af4bd800.jpg",
      "50": "https://mir-s3-cdn-cf.behance.net/user/50/101642.53ab5af4bd800.jpg"
    },
    "website": "",
    "occupation": "",
    "city": "New York",
    "social_links": [],
    "last_name": "Fanti",
    "display_name": "Livia Fanti",
    "url": "https://www.behance.net/liviafanti",
    "sections": [],
    "twitter": "",
    "created_on": 1240266102,
    "has_default_image": 0,
    "stats": {
      "followers": 16,
      "comments": 0,
      "appreciations": 21,
      "following": 45,
      "team_members": 0,
      "views": 1313
    },
    "location": "New York, NY, USA",
    "company": "",
    "links": [],
    "id": 101642,
    "state": "New York",
    "fields": [
      "Art Direction",
      "Graphic Design",
      "Fashion"
    ],
    "first_name": "Livia",
    "username": "liviafanti"
  }
}