{
  "http_code": 200,
  "user": {
    "country": "United States",
    "images": {
      "100": "https://mir-s3-cdn-cf.behance.net/user/100/73b77812100219.54f9ca4c9b8b6.png",
      "276": "https://mir-s3-cdn-cf.behance.net/user/276/73b77812100219.54f9ca4c9b8b6.png",
      "115": "https://mir-s3-cdn-cf.behance.net/user/115/73b77812100219.54f9ca4c9b8b6.png",
      "138": "https://mir-s3-cdn-cf.behance.net/user/138/73b77812100219.54f9ca4c9b8b6.png",
      "50": "https://mir-s3-cdn-cf.behance.net/user/50/73b77812100219.54f9ca4c9b8b6.png",
      "230": "https://mir-s3-cdn-cf.behance.net/user/230/73b77812100219.54f9ca4c9b8b6.png"
    },
    "website": "",
    "occupation": "",
    "city": "",
    "social_links": [],
    "last_name": "Morgen",
    "display_name": "Jennifer Morgen",
    "url": "https://www.behance.net/jennamorgec03f",
    "sections": [],
    "twitter": "",
    "created_on": 1425656223,
    "has_default_image": 0,
    "stats": {
      "followers": 0,
      "comments": 0,
      "appreciations": 0,
      "following": 0,
      "team_members": 0,
      "views": 0
    },
    "location": "USA",
    "company": "",
    "links": [],
    "id": 12100219,
    "state": "",
    "fields": [],
    "first_name": "Jennifer",
    "username": "jennamorgec03f"
  }
}