{
  "http_code": 200,
  "user": {
    "country": "United States",
    "images": {
      "115": "https://mir-s3-cdn-cf.behance.net/user/115/101517.53ab5a39a1cf8.jpg",
      "138": "https://mir-s3-cdn-cf.behance.net/user/138/101517.53ab5a39a1cf8.jpg",
      "50": "https://mir-s3-cdn-cf.behance.net/user/50/101517.53ab5a39a1cf8.jpg"
    },
    "website": "",
    "occupation": "",
    "city": "New York",
    "social_links": [],
    "last_name": "Money",
    "display_name": "Kiboo Money",
    "url": "https://www.behance.net/kiboomoney",
    "sections": [],
    "twitter": "",
    "created_on": 1240165367,
    "has_default_image": 0,
    "stats": {
      "followers": 1,
      "comments": 0,
      "appreciations": 0,
      "following": 0,
      "team_members": 0,
      "views": 0
    },
    "location": "New York, NY, USA",
    "company": "",
    "links": [],
    "id": 101517,
    "state": "New York",
    "fields": [],
    "first_name": "Kiboo",
    "username": "kiboomoney"
  }
}