{
  "http_code": 200,
  "user": {
    "country": "",
    "images": {
      "115": "https://a3.behance.net/img/profile/no-image-115.jpg?cb=939944132",
      "138": "https://a3.behance.net/img/profile/no-image-138.jpg?cb=939944132",
      "50": "https://a3.behance.net/img/profile/no-image-50.jpg?cb=939944132"
    },
    "website": "",
    "occupation": "",
    "city": "",
    "social_links": [],
    "last_name": "Haida",
    "display_name": "Horatiu Haida",
    "url": "https://www.behance.net/jonndoe",
    "sections": [],
    "twitter": "",
    "created_on": 1240237738,
    "has_default_image": 1,
    "stats": {
      "followers": 1,
      "comments": 3,
      "appreciations": 8,
      "following": 0,
      "team_members": 0,
      "views": 250
    },
    "location": "",
    "company": "",
    "links": [],
    "id": 101595,
    "state": "",
    "fields": [
      "Character Design",
      "Branding"
    ],
    "first_name": "Horatiu",
    "username": "jonndoe"
  }
}