{
  "http_code": 200,
  "user": {
    "country": "",
    "images": {
      "115": "https://a3.behance.net/img/profile/no-image-115.jpg?cb=939944132",
      "138": "https://a3.behance.net/img/profile/no-image-138.jpg?cb=939944132",
      "50": "https://a3.behance.net/img/profile/no-image-50.jpg?cb=939944132"
    },
    "website": "",
    "occupation": "",
    "city": "",
    "social_links": [],
    "last_name": "Litus",
    "display_name": "Svetlana Litus",
    "url": "https://www.behance.net/svetlanalitus",
    "sections": [],
    "twitter": "",
    "created_on": 1240229061,
    "has_default_image": 1,
    "stats": {
      "followers": 2,
      "comments": 0,
      "appreciations": 8,
      "following": 1,
      "team_members": 0,
      "views": 117
    },
    "location": "",
    "company": "",
    "links": [],
    "id": 101573,
    "state": "",
    "fields": ["Photography"],
    "first_name": "Svetlana",
    "username": "svetlanalitus"
  }
}