{
  "http_code": 200,
  "user": {
    "country": "United States",
    "images": {
      "115": "https://mir-s3-cdn-cf.behance.net/user/115/101600.53ab5ad7c1d57.jpg",
      "138": "https://mir-s3-cdn-cf.behance.net/user/138/101600.53ab5ad7c1d57.jpg",
      "50": "https://mir-s3-cdn-cf.behance.net/user/50/101600.53ab5ad7c1d57.jpg"
    },
    "website": "http://www.transcriptionlive.com",
    "occupation": "",
    "city": "Knoxville",
    "social_links": [],
    "last_name": "Miller",
    "display_name": "Jessica Miller",
    "url": "https://www.behance.net/transcriptionlive",
    "sections": [],
    "twitter": "",
    "created_on": 1240238379,
    "has_default_image": 0,
    "stats": {
      "followers": 2,
      "comments": 0,
      "appreciations": 2,
      "following": 0,
      "team_members": 0,
      "views": 51
    },
    "location": "Knoxville, TN, USA",
    "company": "Transcriptionlive Inc",
    "links": [
      {
        "title": "audio transcription",
        "url": "http://www.transcriptionlive.com"
      },
      {
        "title": "video transcription",
        "url": "http://www.transcriptionlive.com"
      },
      {
        "title": "transcription services",
        "url": "http://www.transcriptionlive.com"
      }
    ],
    "id": 101600,
    "state": "Tennessee",
    "fields": [
      "Web Design",
      "Design"
    ],
    "first_name": "Jessica",
    "username": "transcriptionlive"
  }
}