{
  "http_code": 200,
  "user": {
    "country": "United States",
    "images": {
      "115": "https://mir-s3-cdn-cf.behance.net/user/115/101558.53ab5ab402253.jpg",
      "138": "https://mir-s3-cdn-cf.behance.net/user/138/101558.53ab5ab402253.jpg",
      "50": "https://mir-s3-cdn-cf.behance.net/user/50/101558.53ab5ab402253.jpg"
    },
    "website": "http://www.sandisk.com/OEM/ProductCatalog(1451)-Cruzer_Enterprise.aspx",
    "occupation": "",
    "city": "Tampa",
    "social_links": [],
    "last_name": "Objet",
    "display_name": "John Objet",
    "url": "https://www.behance.net/usb_encryption",
    "sections": [],
    "twitter": "",
    "created_on": 1240204170,
    "has_default_image": 0,
    "stats": {
      "followers": 1,
      "comments": 0,
      "appreciations": 0,
      "following": 0,
      "team_members": 0,
      "views": 0
    },
    "location": "Tampa, FL, USA",
    "company": "SanDisk Enterprise - USB Encryption",
    "links": [
      {
        "title": "USB Encryption Blog",
        "url": "http://www.sandisk-enterprise.com/blog/"
      },
      {
        "title": "SanDisk Enterprise USB Encryption Solutions",
        "url": "http://www.sandisk.com/OEM/ProductCatalog(1451)-Cruzer_Enterprise.aspx"
      }
    ],
    "id": 101558,
    "state": "Florida",
    "fields": [],
    "first_name": "John",
    "username": "usb_encryption"
  }
}