{
  "http_code": 200,
  "user": {
    "country": "Poland",
    "images": {
      "100": "https://mir-s3-cdn-cf.behance.net/user/100/e0809e12100151.5639105f0e7c4.jpg",
      "276": "https://mir-s3-cdn-cf.behance.net/user/276/e0809e12100151.5639105f0e7c4.jpg",
      "115": "https://mir-s3-cdn-cf.behance.net/user/115/e0809e12100151.5639105f0e7c4.jpg",
      "138": "https://mir-s3-cdn-cf.behance.net/user/138/e0809e12100151.5639105f0e7c4.jpg",
      "50": "https://mir-s3-cdn-cf.behance.net/user/50/e0809e12100151.5639105f0e7c4.jpg",
      "230": "https://mir-s3-cdn-cf.behance.net/user/230/e0809e12100151.5639105f0e7c4.jpg"
    },
    "website": "",
    "occupation": "fashion design student",
    "city": "Łódź",
    "social_links": [],
    "last_name": "Adamska",
    "display_name": "Joanna Adamska",
    "url": "https://www.behance.net/aadamska945b72",
    "sections": [],
    "twitter": "",
    "created_on": 1425656095,
    "has_default_image": 0,
    "stats": {
      "followers": 0,
      "comments": 0,
      "appreciations": 0,
      "following": 0,
      "team_members": 0,
      "views": 2
    },
    "location": "Łódź, Poland",
    "company": "",
    "links": [],
    "id": 12100151,
    "state": "",
    "fields": [],
    "first_name": "Joanna",
    "username": "aadamska945b72"
  }
}