{
  "http_code": 200,
  "user": {
    "country": "China",
    "images": {
      "115": "https://mir-s3-cdn-cf.behance.net/user/115/1200199.53b378b8696f5.jpg",
      "138": "https://mir-s3-cdn-cf.behance.net/user/138/1200199.53b378b8696f5.jpg",
      "50": "https://mir-s3-cdn-cf.behance.net/user/50/1200199.53b378b8696f5.jpg"
    },
    "website": "",
    "occupation": "Student",
    "city": "Shanghai",
    "social_links": [],
    "last_name": "Tan",
    "display_name": "Andrew Tan",
    "url": "https://www.behance.net/notthatmine",
    "sections": [],
    "twitter": "",
    "created_on": 1338209523,
    "has_default_image": 0,
    "stats": {
      "followers": 11,
      "comments": 1,
      "appreciations": 0,
      "following": 233,
      "team_members": 0,
      "views": 0
    },
    "location": "Shanghai, China",
    "company": "",
    "links": [],
    "id": 1200199,
    "state": "",
    "fields": [],
    "first_name": "Andrew",
    "username": "notthatmine"
  }
}