{
  "http_code": 200,
  "user": {
    "country": "Poland",
    "images": {
      "100": "https://mir-s3-cdn-cf.behance.net/user/100/062246101594.56364a1c06576.jpg",
      "276": "https://mir-s3-cdn-cf.behance.net/user/276/062246101594.56364a1c06576.jpg",
      "115": "https://mir-s3-cdn-cf.behance.net/user/115/062246101594.56364a1c06576.jpg",
      "138": "https://mir-s3-cdn-cf.behance.net/user/138/062246101594.56364a1c06576.jpg",
      "50": "https://mir-s3-cdn-cf.behance.net/user/50/062246101594.56364a1c06576.jpg",
      "230": "https://mir-s3-cdn-cf.behance.net/user/230/062246101594.56364a1c06576.jpg"
    },
    "website": "",
    "occupation": "Artist",
    "city": "Warsaw",
    "social_links": [
      {
        "social_id": 9,
        "service_name": "Tumblr",
        "value": "trynidada",
        "url": "http://trynidada.tumblr.com"
      },
      {
        "social_id": 6,
        "service_name": "Flickr",
        "value": "photos/trynidada/",
        "url": "http://flickr.com/photos/trynidada/"
      },
      {
        "social_id": 5,
        "service_name": "Vimeo",
        "value": "tellemac/videos",
        "url": "http://vimeo.com/tellemac/videos"
      },
      {
        "social_id": 4,
        "service_name": "LinkedIn",
        "value": "pub/patryk-kuleta/aa/819/31",
        "url": "http://linkedin.com/pub/patryk-kuleta/aa/819/31"
      },
      {
        "social_id": 12,
        "service_name": "Instagram",
        "value": "trynidada",
        "url": "http://instagram.com/trynidada"
      }
    ],
    "last_name": "|",
    "display_name": "| trynidada |",
    "url": "https://www.behance.net/trynidada",
    "sections": {
      "Artist": "Patryk Kuleta, a.k.a. trynidada in Instagram, was born in Poland in 1978. He graduates at the Academy of Fine Arts in Lodz, then he moves to Warsaw and starts working as a freelance graphic designer. At the same time he discovers the beauty of photography and of the frame-by-frame animation. He mainly works with his smartphone which gives him second place in Black and White category in 2013 Mobile Photography Awards as well as several honorable mentions in other categories. ",
      "AKA's": "I am: originals_by_FIGHT | tryni-DADA | RaanRaan | NAUSSICA | TELLEMAC\n\nSTATIC VOYAGER | PSYCHODELICIOUS | n_mode | ImaginatuS",
      "Contact me": "trynidada@yahoo.com"
    },
    "features": [
      {
        "site": {
          "app_icon": "",
          "domain": "drawingserved.com",
          "name": "Drawing Served",
          "icon": "https://a3.behance.net/img/galleries/composed/drawing.png",
          "ribbon": {
            "image": "https://a3.behance.net/img/galleries/ribbons/1x/drawing.png",
            "image_2x": "https://a3.behance.net/img/galleries/ribbons/2x/drawing@2x.png"
          },
          "id": 39,
          "key": "drawing",
          "url": "http://drawingserved.com"
        },
        "projects": [{
          "id": 339205,
          "featured_on": 1350829803
        }]
      },
      {
        "site": {
          "app_icon": "",
          "domain": "digitalartserved.com",
          "name": "Digital Art Served",
          "icon": "https://a3.behance.net/img/galleries/composed/digitalart.png",
          "ribbon": {
            "image": "https://a3.behance.net/img/galleries/ribbons/1x/digitalart.png",
            "image_2x": "https://a3.behance.net/img/galleries/ribbons/2x/digitalart@2x.png"
          },
          "id": 15,
          "key": "digitalart",
          "url": "http://digitalartserved.com"
        },
        "projects": [{
          "id": 1544015,
          "featured_on": 1320481802
        }]
      },
      {
        "site": {
          "network_id": 31,
          "domain": "canvas.pantone.com",
          "name": "Pantone Canvas Gallery",
          "icon": "https://a3.behance.net/img/galleries/composed/pantone.png",
          "ribbon": {
            "image": "https://a3.behance.net/img/galleries/ribbons/1x/pantone.png",
            "image_2x": "https://a3.behance.net/img/galleries/ribbons/2x/pantone@2x.png"
          },
          "id": 125,
          "key": "pantone",
          "url": "http://canvas.pantone.com"
        },
        "projects": [{
          "id": 24368105,
          "featured_on": 1426951802
        }]
      },
      {
        "site": {
          "app_icon": "",
          "domain": "photographyserved.com",
          "name": "Photography Served",
          "icon": "https://a3.behance.net/img/galleries/composed/photography.png",
          "ribbon": {
            "image": "https://a3.behance.net/img/galleries/ribbons/1x/photography.png",
            "image_2x": "https://a3.behance.net/img/galleries/ribbons/2x/photography@2x.png"
          },
          "id": 14,
          "key": "photography",
          "url": "http://photographyserved.com"
        },
        "projects": [{
          "id": 30849911,
          "featured_on": 1448265601
        }]
      }
    ],
    "twitter": "",
    "created_on": 1240237631,
    "has_default_image": 0,
    "stats": {
      "followers": 864,
      "comments": 1330,
      "appreciations": 2568,
      "following": 26,
      "team_members": 0,
      "views": 20484
    },
    "location": "Warsaw, Poland",
    "company": "originals by FIGHT, GRANDCHILDREN",
    "links": [
      {
        "title": "SAATCHI | LONDON",
        "url": "http://www.saatchiart.com/trynidada"
      },
      {
        "title": "LUZ | MILAN",
        "url": "http://www.luz.it/authors/patryk-kuleta"
      },
      {
        "title": "500px ",
        "url": "https://500px.com/trynidada"
      }
    ],
    "id": 101594,
    "state": "",
    "fields": [
      "Digital Photography",
      "Photography",
      "Illustration"
    ],
    "first_name": "| trynidada",
    "username": "trynidada"
  }
}