{
  "http_code": 200,
  "user": {
    "country": "Brazil",
    "images": {
      "100": "https://mir-s3-cdn-cf.behance.net/user/100/d61ccf12100197.54f9cdf4e0f8d.jpg",
      "276": "https://mir-s3-cdn-cf.behance.net/user/276/d61ccf12100197.54f9cdf4e0f8d.jpg",
      "115": "https://mir-s3-cdn-cf.behance.net/user/115/d61ccf12100197.54f9cdf4e0f8d.jpg",
      "138": "https://mir-s3-cdn-cf.behance.net/user/138/d61ccf12100197.54f9cdf4e0f8d.jpg",
      "50": "https://mir-s3-cdn-cf.behance.net/user/50/d61ccf12100197.54f9cdf4e0f8d.jpg",
      "230": "https://mir-s3-cdn-cf.behance.net/user/230/d61ccf12100197.54f9cdf4e0f8d.jpg"
    },
    "website": "interelo.com.br",
    "occupation": "Web Design",
    "city": "São Paulo",
    "social_links": [
      {
        "social_id": 2,
        "service_name": "Facebook",
        "value": "carolinafelipeprado",
        "url": "http://facebook.com/carolinafelipeprado"
      },
      {
        "social_id": 4,
        "service_name": "LinkedIn",
        "value": "in/carolinaprado",
        "url": "http://linkedin.com/in/carolinaprado"
      }
    ],
    "last_name": "Prado",
    "display_name": "Carolina Prado",
    "url": "https://www.behance.net/carolinafelipeprado",
    "sections": [],
    "twitter": "",
    "created_on": 1425656193,
    "has_default_image": 0,
    "stats": {
      "followers": 0,
      "comments": 0,
      "appreciations": 0,
      "following": 0,
      "team_members": 0,
      "views": 0
    },
    "location": "São Paulo, Brazil",
    "company": "Interelo Sistemas",
    "links": [],
    "id": 12100197,
    "state": "",
    "fields": [],
    "first_name": "Carolina",
    "username": "carolinafelipeprado"
  }
}