{
  "http_code": 200,
  "user": {
    "country": "China",
    "images": {
      "115": "https://a3.behance.net/img/profile/no-image-115.jpg?cb=2050110936",
      "138": "https://a3.behance.net/img/profile/no-image-138.jpg?cb=2050110936",
      "50": "https://a3.behance.net/img/profile/no-image-50.jpg?cb=2050110936"
    },
    "website": "",
    "occupation": "",
    "city": "",
    "social_links": [],
    "last_name": "yuan",
    "display_name": "Molly yuan",
    "url": "https://www.behance.net/774540359f48f",
    "sections": [],
    "twitter": "",
    "created_on": 1427169991,
    "has_default_image": 1,
    "stats": {
      "followers": 0,
      "comments": 0,
      "appreciations": 0,
      "following": 0,
      "team_members": 0,
      "views": 0
    },
    "location": "China",
    "company": "",
    "links": [],
    "id": 12500133,
    "state": "",
    "fields": [],
    "first_name": "Molly",
    "username": "774540359f48f"
  }
}