{
  "http_code": 200,
  "user": {
    "country": "",
    "images": {
      "115": "https://mir-s3-cdn-cf.behance.net/user/115/101503.53ab5a343660c.jpg",
      "138": "https://mir-s3-cdn-cf.behance.net/user/138/101503.53ab5a343660c.jpg",
      "50": "https://mir-s3-cdn-cf.behance.net/user/50/101503.53ab5a343660c.jpg"
    },
    "website": "",
    "occupation": "",
    "city": "",
    "social_links": [],
    "last_name": "luykx",
    "display_name": "ludo luykx",
    "url": "https://www.behance.net/nozap",
    "sections": [],
    "twitter": "",
    "created_on": 1240162318,
    "has_default_image": 0,
    "stats": {
      "followers": 4,
      "comments": 0,
      "appreciations": 1,
      "following": 4,
      "team_members": 0,
      "views": 39
    },
    "location": "",
    "company": "",
    "links": [],
    "id": 101503,
    "state": "",
    "fields": ["Directing"],
    "first_name": "ludo",
    "username": "nozap"
  }
}