{
  "http_code": 200,
  "user": {
    "country": "China",
    "images": {
      "100": "https://mir-s3-cdn-cf.behance.net/user/100/4fc8b912100207.550f8372db7db.jpg",
      "276": "https://mir-s3-cdn-cf.behance.net/user/276/4fc8b912100207.550f8372db7db.jpg",
      "115": "https://mir-s3-cdn-cf.behance.net/user/115/4fc8b912100207.550f8372db7db.jpg",
      "138": "https://mir-s3-cdn-cf.behance.net/user/138/4fc8b912100207.550f8372db7db.jpg",
      "50": "https://mir-s3-cdn-cf.behance.net/user/50/4fc8b912100207.550f8372db7db.jpg",
      "230": "https://mir-s3-cdn-cf.behance.net/user/230/4fc8b912100207.550f8372db7db.jpg"
    },
    "website": "",
    "occupation": "",
    "city": "Beijing",
    "social_links": [],
    "last_name": "SUN",
    "display_name": "BO SUN",
    "url": "https://www.behance.net/PEGASUSunb9431",
    "sections": [],
    "twitter": "",
    "created_on": 1425656211,
    "has_default_image": 0,
    "stats": {
      "followers": 0,
      "comments": 0,
      "appreciations": 0,
      "following": 0,
      "team_members": 0,
      "views": 0
    },
    "location": "Beijing, China",
    "company": "",
    "links": [],
    "id": 12100207,
    "state": "",
    "fields": [],
    "first_name": "BO",
    "username": "PEGASUSunb9431"
  }
}