{
  "http_code": 200,
  "user": {
    "country": "Netherlands",
    "images": {
      "115": "https://mir-s3-cdn-cf.behance.net/user/115/101626.53ab5ae9eafa1.jpg",
      "138": "https://mir-s3-cdn-cf.behance.net/user/138/101626.53ab5ae9eafa1.jpg",
      "50": "https://mir-s3-cdn-cf.behance.net/user/50/101626.53ab5ae9eafa1.jpg"
    },
    "website": "http://www.shumingtong.com",
    "occupation": "Visual designer",
    "city": "Rotterdam",
    "social_links": [
      {
        "social_id": 1,
        "service_name": "Twitter",
        "value": "shumingtong",
        "url": "http://twitter.com/shumingtong"
      },
      {
        "social_id": 4,
        "service_name": "LinkedIn",
        "value": "in/shuming",
        "url": "http://linkedin.com/in/shuming"
      },
      {
        "social_id": 8,
        "service_name": "Pinterest",
        "value": "shumingtong/pins/",
        "url": "http://pinterest.com/shumingtong/pins/"
      }
    ],
    "last_name": "Tong",
    "display_name": "Shu Ming Tong",
    "url": "https://www.behance.net/shumingtong",
    "sections": {"About": "My name is Shu Ming Tong. I\u2019m an interactive designer currently working at Bitfactory, a full service digital agency based in Rotterdam. I work primary in the field of interactive media, aiming to craft the best possible digital brand experiences across different platforms and devices."},
    "twitter": "@shumingtong",
    "created_on": 1240253843,
    "has_default_image": 0,
    "stats": {
      "followers": 14,
      "comments": 2,
      "appreciations": 6,
      "following": 30,
      "team_members": 0,
      "views": 866
    },
    "location": "Rotterdam, Netherlands",
    "company": "Bitfactory",
    "links": [{
      "title": "Portfolio [www.shumingtong.com]",
      "url": "http://www.shumingtong.com"
    }],
    "id": 101626,
    "state": "",
    "fields": ["Graphic Design"],
    "first_name": "Shu Ming",
    "username": "shumingtong"
  }
}