{
  "http_code": 200,
  "user": {
    "country": "Hungary",
    "images": {
      "100": "https://mir-s3-cdn-cf.behance.net/user/100/a3df8a1200261.5500b2f7245a2.jpg",
      "276": "https://mir-s3-cdn-cf.behance.net/user/276/a3df8a1200261.5500b2f7245a2.jpg",
      "115": "https://mir-s3-cdn-cf.behance.net/user/115/a3df8a1200261.5500b2f7245a2.jpg",
      "138": "https://mir-s3-cdn-cf.behance.net/user/138/a3df8a1200261.5500b2f7245a2.jpg",
      "50": "https://mir-s3-cdn-cf.behance.net/user/50/a3df8a1200261.5500b2f7245a2.jpg",
      "230": "https://mir-s3-cdn-cf.behance.net/user/230/a3df8a1200261.5500b2f7245a2.jpg"
    },
    "website": "",
    "occupation": "UI Designer",
    "city": "Budapest",
    "social_links": [
      {
        "social_id": 4,
        "service_name": "LinkedIn",
        "value": "in/rolandfenyvesi",
        "url": "http://linkedin.com/in/rolandfenyvesi"
      },
      {
        "social_id": 1,
        "service_name": "Twitter",
        "value": "rolandfenyvesi_",
        "url": "http://twitter.com/rolandfenyvesi_"
      },
      {
        "social_id": 8,
        "service_name": "Pinterest",
        "value": "rolandfenyvesi",
        "url": "http://pinterest.com/rolandfenyvesi"
      }
    ],
    "last_name": " Fenyvesi",
    "display_name": "Roland Fenyvesi",
    "url": "https://www.behance.net/rolandfenyvesi",
    "sections": [],
    "twitter": "@rolandfenyvesi_",
    "created_on": 1338211729,
    "has_default_image": 0,
    "stats": {
      "followers": 32,
      "comments": 37,
      "appreciations": 44,
      "following": 403,
      "team_members": 0,
      "views": 459
    },
    "location": "Budapest, Hungary",
    "company": "isobar budapest",
    "links": [],
    "id": 1200261,
    "state": "",
    "fields": [
      "Typography",
      "Icon Design",
      "Branding"
    ],
    "first_name": "Roland",
    "username": "rolandfenyvesi"
  }
}