{
  "http_code": 200,
  "user": {
    "country": "Korea, Republic of",
    "images": {
      "115": "https://a3.behance.net/img/profile/no-image-115.jpg?cb=1673063716",
      "138": "https://a3.behance.net/img/profile/no-image-138.jpg?cb=1673063716",
      "50": "https://a3.behance.net/img/profile/no-image-50.jpg?cb=1673063716"
    },
    "website": "vovvo.kr",
    "occupation": "Designer",
    "city": "Seoul",
    "social_links": [],
    "last_name": "Hwang",
    "display_name": "Jin young Hwang",
    "url": "https://www.behance.net/vovvo",
    "sections": [],
    "twitter": "",
    "created_on": 1338204121,
    "has_default_image": 1,
    "stats": {
      "followers": 16,
      "comments": 0,
      "appreciations": 3,
      "following": 246,
      "team_members": 0,
      "views": 65
    },
    "location": "Seoul, Korea, Republic of",
    "company": "601bisang",
    "links": [],
    "id": 1200029,
    "state": "",
    "fields": [],
    "first_name": "Jin young",
    "username": "vovvo"
  }
}