{
  "http_code": 200,
  "user": {
    "country": "United Kingdom",
    "images": {
      "115": "https://a3.behance.net/img/profile/no-image-115.jpg?cb=1673063716",
      "138": "https://a3.behance.net/img/profile/no-image-138.jpg?cb=1673063716",
      "50": "https://a3.behance.net/img/profile/no-image-50.jpg?cb=1673063716"
    },
    "website": "http://isolveintractableproblems.com/",
    "occupation": "",
    "city": "Basingstoke",
    "social_links": [],
    "last_name": "Parkin",
    "display_name": "Keith Parkin",
    "url": "https://www.behance.net/KeithParkin",
    "sections": [],
    "twitter": "",
    "created_on": 1338204288,
    "has_default_image": 1,
    "stats": {
      "followers": 0,
      "comments": 0,
      "appreciations": 0,
      "following": 0,
      "team_members": 0,
      "views": 0
    },
    "location": "Basingstoke, United Kingdom",
    "company": "",
    "links": [],
    "id": 1200035,
    "state": "",
    "fields": [],
    "first_name": "Keith",
    "username": "KeithParkin"
  }
}