{
  "http_code": 200,
  "user": {
    "country": "United Kingdom",
    "images": {
      "100": "https://mir-s3-cdn-cf.behance.net/user/100/101572.54119b3192c2d.jpg",
      "276": "https://mir-s3-cdn-cf.behance.net/user/276/101572.54119b3192c2d.jpg",
      "115": "https://mir-s3-cdn-cf.behance.net/user/115/101572.54119b3192c2d.jpg",
      "138": "https://mir-s3-cdn-cf.behance.net/user/138/101572.54119b3192c2d.jpg",
      "50": "https://mir-s3-cdn-cf.behance.net/user/50/101572.54119b3192c2d.jpg",
      "230": "https://mir-s3-cdn-cf.behance.net/user/230/101572.54119b3192c2d.jpg"
    },
    "website": "http://www.fluidesign.co.uk",
    "occupation": "",
    "city": "Birmingham",
    "social_links": [{
      "social_id": 1,
      "service_name": "Twitter",
      "value": "fluidesign_uk",
      "url": "http://twitter.com/fluidesign_uk"
    }],
    "last_name": "",
    "display_name": "FLUID",
    "url": "https://www.behance.net/Fluid",
    "sections": {
      "Clients": "From global brands to boutique arts organisations our extensive client list is as diverse as our service. Our experience spans a number of sectors and we are constantly evolving to include new fields of expertise. \nHere\u2019s a selection of the people we have worked with\u2026.Parlaphone/EMI, Codemasters, Levis Strauss (Slice PR), Arts Council England, Yotel , Microsoft Xbox, BIS Publishing,  SEGA Europe, The Walt Disney Company, Capcom, Fierce Earth, UK Film Council, BBC Beiersdorf/NIVEA, Honda ( THA), The Hyatt Group, Knight Frank,  Addias, Sony Computer Entertainment, Electronic Arts, MTV, Universal Music, Nickelodeon, Bethesda Softworks, Artificial Eye, Warner Bros. Interactive, Red Bull.",
      "History": "Launched in 1995 by James Glover Creative Director, Fluid first established its design and branding credentials within the music industry.  Early clients to recognise the potential of the company included major record labels such as EMI, Parlophone, Island Records, Warner Bros and Chrysalis. \n\nAs the company grew the entertainment theme continued. Specialising in creative concepts for youth focused brands, significant projects were undertaken for the likes of Sony Computer Entertainment, Sega and EA games ��\" first asserting the company\u2019s now long standing reputation for excellence within the gaming sector.\n\nFashion and lifestyle brands were quick to follow suit and clients such as Adidas, Coca Cola and Levis soon found their way into the Fluid portfolio. \nAn ever-evolving ensemble of in-house creative skills, helped to ensure that the company continued to attract a diverse range of clients in a variety of sectors.\n\nTo date versatility has become a deeply ingrained ethos for the organization. Fluid have demonstrated time and again that they are equally at ease working with  clients such as Biersdorf on a campaign for Nivea Lip as they are turning their creative hand to the art direction for Resident Evil.\n\nAs the business continues to thrive the two directors maintain a regular presence in London, Manchester and the South East and continue to secure both national and international projects with a range of blue chip and boutique clients",
      "About Us....": "16 Years\n181 Brands\n336 Campaigns\nNever Not Creating\n\nFluid is not only our name, but also our branding philosophy.  We have no house style, and our studio represents a rich pool of outstanding talent from a wide range of artistic disciplines.  At every stage of the creative process we offer flexible, comprehensive design solutions that bear testament to the breath of our experience and versatility of style.\n\nThe company began in 1995, and our ethos 'Never Not Creating' ensures every project we undertake benefits from an ingrained passion and cultural knowledge, earning Fluid a renowned and growing reputation for consistently evolving creativity through both national and international projects, with a wide range of both blue chip and boutique clients.\n\nDesign/Advertising/Branding/Illustration/Moving Image/Packaging/POS/Web & Augmented Reality/Marketing Strategy"
    },
    "features": [
      {
        "site": {
          "domain": "www.behance.net",
          "name": "Behance.net",
          "icon": "https://a3.behance.net/img/site/favicon.ico",
          "ribbon": {
            "image": "https://a3.behance.net/img/galleries/ribbons/1x/net.png",
            "image_2x": "https://a3.behance.net/img/galleries/ribbons/2x/net@2x.png"
          },
          "id": 1,
          "key": "net",
          "url": "http://www.behance.net"
        },
        "projects": [{
          "id": 259817,
          "featured_on": 1247700602
        }]
      },
      {
        "site": {
          "app_icon": "",
          "domain": "webdesignserved.com",
          "name": "Web Design Served",
          "icon": "https://a3.behance.net/img/galleries/composed/webdesign.png",
          "ribbon": {
            "image": "https://a3.behance.net/img/galleries/ribbons/1x/webdesign.png",
            "image_2x": "https://a3.behance.net/img/galleries/ribbons/2x/webdesign@2x.png"
          },
          "id": 8,
          "key": "webdesign",
          "url": "http://webdesignserved.com"
        },
        "projects": [{
          "id": 786839,
          "featured_on": 1315125004
        }]
      }
    ],
    "twitter": "@fluidesign_uk",
    "created_on": 1240227233,
    "has_default_image": 0,
    "stats": {
      "followers": 445,
      "comments": 6,
      "appreciations": 1358,
      "following": 66,
      "team_members": 0,
      "views": 40265
    },
    "location": "Birmingham, United Kingdom",
    "company": "FLUID",
    "links": [
      {
        "title": "Recent Work",
        "url": "http://www.fluidesign.co.uk/#/work/"
      },
      {
        "title": "Folio",
        "url": "http://www.fluidesign.co.uk/#/folio/"
      },
      {
        "title": "Case Studies",
        "url": "http://www.fluidesign.co.uk/#/casestudies/"
      },
      {
        "title": "Concepts",
        "url": "http://www.fluidesign.co.uk/#/concepts/"
      }
    ],
    "id": 101572,
    "state": "",
    "fields": [
      "Branding",
      "Advertising",
      "Design"
    ],
    "first_name": "FLUID",
    "username": "Fluid"
  }
}