{
  "http_code": 200,
  "user": {
    "country": "Israel",
    "images": {
      "115": "https://mir-s3-cdn-cf.behance.net/user/115/1200195.53b378b7aae00.jpg",
      "138": "https://mir-s3-cdn-cf.behance.net/user/138/1200195.53b378b7aae00.jpg",
      "50": "https://mir-s3-cdn-cf.behance.net/user/50/1200195.53b378b7aae00.jpg"
    },
    "website": "www.ayaefraim.com",
    "occupation": "Freelance Photographer",
    "city": "Tel Aviv-Jaffa",
    "social_links": [],
    "last_name": "Efraim",
    "display_name": "Aya Efraim",
    "url": "https://www.behance.net/itamom",
    "sections": {"About": "My name is Aya Efraim and I'm a photographer from Israel. \nMy passion for pictures and documenting started a little over 7 years ago with the birth of my son Itamar. 3 years later, when his little sister Roni came into the world, everyone told me I wouldn't have time for pictures but I proved them wrong.\n \nI love to document special, everyday moments and my favorite subjects are kids (of all ages), kindergardens and Bat Mitzva books."},
    "twitter": "",
    "created_on": 1338209416,
    "has_default_image": 0,
    "stats": {
      "followers": 3,
      "comments": 0,
      "appreciations": 0,
      "following": 0,
      "team_members": 0,
      "views": 75
    },
    "location": "Tel Aviv-Jaffa, Israel",
    "company": "Aya Efraim - Photographer",
    "links": [],
    "id": 1200195,
    "state": "",
    "fields": ["Photography"],
    "first_name": "Aya",
    "username": "itamom"
  }
}