{
  "http_code": 200,
  "user": {
    "country": "Portugal",
    "images": {
      "115": "https://mir-s3-cdn-cf.behance.net/user/115/101525.53ab5a3e17fb8.jpg",
      "138": "https://mir-s3-cdn-cf.behance.net/user/138/101525.53ab5a3e17fb8.jpg",
      "50": "https://mir-s3-cdn-cf.behance.net/user/50/101525.53ab5a3e17fb8.jpg"
    },
    "website": "http://",
    "occupation": "",
    "city": "Lisboa",
    "social_links": [],
    "last_name": "Martins",
    "display_name": "Gonçalo Martins",
    "url": "https://www.behance.net/gmarcos",
    "sections": [],
    "twitter": "",
    "created_on": 1240168497,
    "has_default_image": 0,
    "stats": {
      "followers": 1,
      "comments": 0,
      "appreciations": 0,
      "following": 0,
      "team_members": 0,
      "views": 15
    },
    "location": "Lisboa, Portugal",
    "company": "",
    "links": [],
    "id": 101525,
    "state": "",
    "fields": [
      "Print Design",
      "Marketing"
    ],
    "first_name": "Gonçalo",
    "username": "gmarcos"
  }
}