{
  "http_code": 200,
  "user": {
    "country": "Portugal",
    "images": {
      "115": "https://a3.behance.net/img/profile/no-image-115.jpg?cb=2050110936",
      "138": "https://a3.behance.net/img/profile/no-image-138.jpg?cb=2050110936",
      "50": "https://a3.behance.net/img/profile/no-image-50.jpg?cb=2050110936"
    },
    "website": "",
    "occupation": "",
    "city": "Porto",
    "social_links": [],
    "last_name": "Fernandes",
    "display_name": "Paula Fernandes",
    "url": "https://www.behance.net/paulafernandes",
    "sections": [],
    "twitter": "",
    "created_on": 1425656180,
    "has_default_image": 1,
    "stats": {
      "followers": 0,
      "comments": 0,
      "appreciations": 0,
      "following": 4,
      "team_members": 0,
      "views": 0
    },
    "location": "Porto, Portugal",
    "company": "",
    "links": [],
    "id": 12100193,
    "state": "",
    "fields": [],
    "first_name": "Paula",
    "username": "paulafernandes"
  }
}