{
  "http_code": 200,
  "user": {
    "country": "India",
    "images": {
      "115": "https://a3.behance.net/img/profile/no-image-115.jpg?cb=1673063716",
      "138": "https://a3.behance.net/img/profile/no-image-138.jpg?cb=1673063716",
      "50": "https://a3.behance.net/img/profile/no-image-50.jpg?cb=1673063716"
    },
    "website": "www.bang.co.in",
    "occupation": "Director",
    "city": "Bangalore",
    "social_links": [],
    "last_name": "Subhedar",
    "display_name": "Prashant Subhedar",
    "url": "https://www.behance.net/prashant0a3c",
    "sections": [],
    "twitter": "",
    "created_on": 1338210238,
    "has_default_image": 1,
    "stats": {
      "followers": 0,
      "comments": 0,
      "appreciations": 0,
      "following": 43,
      "team_members": 0,
      "views": 0
    },
    "location": "Bangalore, India",
    "company": "Bang Design Pvt Ltd",
    "links": [],
    "id": 1200221,
    "state": "",
    "fields": [],
    "first_name": "Prashant",
    "username": "prashant0a3c"
  }
}