{
  "http_code": 200,
  "user": {
    "country": "United States",
    "images": {
      "100": "https://mir-s3-cdn-cf.behance.net/user/100/101580.53f7d1ad82037.jpg",
      "276": "https://mir-s3-cdn-cf.behance.net/user/276/101580.53f7d1ad82037.jpg",
      "115": "https://mir-s3-cdn-cf.behance.net/user/115/101580.53f7d1ad82037.jpg",
      "138": "https://mir-s3-cdn-cf.behance.net/user/138/101580.53f7d1ad82037.jpg",
      "50": "https://mir-s3-cdn-cf.behance.net/user/50/101580.53f7d1ad82037.jpg",
      "230": "https://mir-s3-cdn-cf.behance.net/user/230/101580.53f7d1ad82037.jpg"
    },
    "website": "indigolarue.com",
    "occupation": "Designer, Creative Director, Associate",
    "city": "Fort Lauderdale",
    "social_links": [],
    "last_name": "Scott",
    "display_name": "Carrie Scott",
    "url": "https://www.behance.net/carrieascott",
    "sections": {
      "Current Clients": "Antonym Cosmetics\nFrank Moya Continuing Education Programs, LLC\nInternational Seminars, LLC",
      "About": "I am Graphic Designer / Creative Director in Fort Lauderdale, FL. \nI specialize in print media, editorial design and photography and management.",
      "Contact": "Email directly : csdesign2@gmail.com"
    },
    "twitter": "",
    "created_on": 1240234618,
    "has_default_image": 0,
    "stats": {
      "followers": 22,
      "comments": 6,
      "appreciations": 78,
      "following": 43,
      "team_members": 0,
      "views": 1219
    },
    "location": "Fort Lauderdale, FL, USA",
    "company": "",
    "links": [{
      "title": "Center Stage Magazines",
      "url": "http://www.centerstagemagazines.com"
    }],
    "id": 101580,
    "state": "Florida",
    "fields": [
      "Graphic Design",
      "Art Direction",
      "Print Design"
    ],
    "first_name": "Carrie",
    "username": "carrieascott"
  }
}