{
  "http_code": 200,
  "user": {
    "country": "United Kingdom",
    "images": {
      "115": "https://a3.behance.net/img/profile/no-image-115.jpg?cb=2050110936",
      "138": "https://a3.behance.net/img/profile/no-image-138.jpg?cb=2050110936",
      "50": "https://a3.behance.net/img/profile/no-image-50.jpg?cb=2050110936"
    },
    "website": "",
    "occupation": "",
    "city": "London",
    "social_links": [],
    "last_name": "Cenamor",
    "display_name": "Dave Cenamor",
    "url": "https://www.behance.net/duncan_r",
    "sections": [],
    "twitter": "",
    "created_on": 1425655686,
    "has_default_image": 1,
    "stats": {
      "followers": 0,
      "comments": 0,
      "appreciations": 0,
      "following": 1,
      "team_members": 0,
      "views": 0
    },
    "location": "London, United Kingdom",
    "company": "",
    "links": [],
    "id": 12100037,
    "state": "",
    "fields": [],
    "first_name": "Dave",
    "username": "duncan_r"
  }
}