{
  "http_code": 200,
  "user": {
    "country": "Denmark",
    "images": {
      "115": "https://mir-s3-cdn-cf.behance.net/user/115/101507.53ab5a3659f98.jpg",
      "138": "https://mir-s3-cdn-cf.behance.net/user/138/101507.53ab5a3659f98.jpg",
      "50": "https://mir-s3-cdn-cf.behance.net/user/50/101507.53ab5a3659f98.jpg"
    },
    "website": "http://supertusch.com",
    "occupation": "",
    "city": "Copenhagen",
    "social_links": [{
      "social_id": 1,
      "service_name": "Twitter",
      "value": "jonaschansen",
      "url": "http://twitter.com/jonaschansen"
    }],
    "last_name": "Hansen",
    "display_name": "Jonas Christian Hansen",
    "url": "https://www.behance.net/trebbia",
    "sections": {"About": "I am a digital and graphic designer working with everything from websites and mobile apps to posters and logos. I am self employed and together with two cool dudes we are forming a digital design & communications team called SuperTusch. I am available on a freelancing basis and for consulting."},
    "twitter": "@jonaschansen",
    "created_on": 1240163632,
    "has_default_image": 0,
    "stats": {
      "followers": 8,
      "comments": 2,
      "appreciations": 16,
      "following": 7,
      "team_members": 0,
      "views": 292
    },
    "location": "Copenhagen, Denmark",
    "company": "SuperTusch",
    "links": [],
    "id": 101507,
    "state": "",
    "fields": [
      "Web Design",
      "Graphic Design",
      "Design"
    ],
    "first_name": "Jonas Christian",
    "username": "trebbia"
  }
}