{
  "http_code": 200,
  "user": {
    "country": "United Kingdom",
    "images": {
      "100": "https://mir-s3-cdn-cf.behance.net/user/100/39bbf11200147.559268810055d.jpg",
      "276": "https://mir-s3-cdn-cf.behance.net/user/276/39bbf11200147.559268810055d.jpg",
      "115": "https://mir-s3-cdn-cf.behance.net/user/115/39bbf11200147.559268810055d.jpg",
      "138": "https://mir-s3-cdn-cf.behance.net/user/138/39bbf11200147.559268810055d.jpg",
      "50": "https://mir-s3-cdn-cf.behance.net/user/50/39bbf11200147.559268810055d.jpg",
      "230": "https://mir-s3-cdn-cf.behance.net/user/230/39bbf11200147.559268810055d.jpg"
    },
    "website": "gtormiston.com",
    "occupation": "Camera Operator, Photographer, Film Maker",
    "city": "Salisbury",
    "social_links": [
      {
        "social_id": 1,
        "service_name": "Twitter",
        "value": "gtormiston",
        "url": "http://twitter.com/gtormiston"
      },
      {
        "social_id": 2,
        "service_name": "Facebook",
        "value": "grahamormiston",
        "url": "http://facebook.com/grahamormiston"
      },
      {
        "social_id": 4,
        "service_name": "LinkedIn",
        "value": "in/grahamormiston/",
        "url": "http://linkedin.com/in/grahamormiston/"
      },
      {
        "social_id": 8,
        "service_name": "Pinterest",
        "value": "gtormiston",
        "url": "http://pinterest.com/gtormiston"
      },
      {
        "social_id": 12,
        "service_name": "Instagram",
        "value": "gtormiston",
        "url": "http://instagram.com/gtormiston"
      }
    ],
    "last_name": "Ormiston",
    "display_name": "GT Ormiston",
    "url": "https://www.behance.net/gtormiston",
    "sections": {"About": "Graham is a photographer, videographer, musician, designer and director. He has a passion for all things creative, and particularly for making things that look, sound and feel good.\n\nGraham graduated in Industrial Design BSc at Brunel University, and has since progressed through a wide range of creative subjects from web design to wedding photography through to videography."},
    "twitter": "@gtormiston",
    "created_on": 1338207460,
    "has_default_image": 0,
    "stats": {
      "followers": 3,
      "comments": 0,
      "appreciations": 0,
      "following": 5,
      "team_members": 0,
      "views": 2
    },
    "location": "Salisbury, United Kingdom",
    "company": "Freelance, Novo Studio Ltd",
    "links": [{
      "title": "NOVO",
      "url": "http://wearenovo.com"
    }],
    "id": 1200147,
    "state": "",
    "fields": [
      "Film",
      "Cinematography"
    ],
    "first_name": "GT",
    "username": "gtormiston"
  }
}