{
  "http_code": 200,
  "user": {
    "country": "",
    "images": {
      "115": "https://mir-s3-cdn-cf.behance.net/user/115/101637.53ab5af138321.jpg",
      "138": "https://mir-s3-cdn-cf.behance.net/user/138/101637.53ab5af138321.jpg",
      "50": "https://mir-s3-cdn-cf.behance.net/user/50/101637.53ab5af138321.jpg"
    },
    "website": "",
    "occupation": "",
    "city": "",
    "social_links": [],
    "last_name": "devetak",
    "display_name": "tanja devetak",
    "url": "https://www.behance.net/devetka",
    "sections": [],
    "twitter": "",
    "created_on": 1240260377,
    "has_default_image": 0,
    "stats": {
      "followers": 2,
      "comments": 0,
      "appreciations": 0,
      "following": 0,
      "team_members": 0,
      "views": 0
    },
    "location": "",
    "company": "",
    "links": [],
    "id": 101637,
    "state": "",
    "fields": [],
    "first_name": "tanja",
    "username": "devetka"
  }
}