{
  "http_code": 200,
  "user": {
    "country": "Russian Federation",
    "images": {
      "100": "https://mir-s3-cdn-cf.behance.net/user/100/5ab851101561.563bb9a50798b.jpg",
      "276": "https://mir-s3-cdn-cf.behance.net/user/276/5ab851101561.563bb9a50798b.jpg",
      "115": "https://mir-s3-cdn-cf.behance.net/user/115/5ab851101561.563bb9a50798b.jpg",
      "138": "https://mir-s3-cdn-cf.behance.net/user/138/5ab851101561.563bb9a50798b.jpg",
      "50": "https://mir-s3-cdn-cf.behance.net/user/50/5ab851101561.563bb9a50798b.jpg",
      "230": "https://mir-s3-cdn-cf.behance.net/user/230/5ab851101561.563bb9a50798b.jpg"
    },
    "website": "http://ministerstvo.video/",
    "occupation": "",
    "city": "Moscow",
    "social_links": [
      {
        "social_id": 2,
        "service_name": "Facebook",
        "value": "philipp.belov.9",
        "url": "http://facebook.com/philipp.belov.9"
      },
      {
        "social_id": 4,
        "service_name": "LinkedIn",
        "value": "pub/philipp-belov/4/222/682",
        "url": "http://linkedin.com/pub/philipp-belov/4/222/682"
      },
      {
        "social_id": 5,
        "service_name": "Vimeo",
        "value": "philippbelov",
        "url": "http://vimeo.com/philippbelov"
      }
    ],
    "last_name": "Belov",
    "display_name": "Philipp Belov",
    "url": "https://www.behance.net/PhilippBelov",
    "sections": {
      "About Me": "Art director and motion graphic artist from Moscow, Russia. Looking for an interesting projects, available for freelance. ",
      "Soft": "Adobe After Effects, Adobe Photoshop, Adobe Illustrator, 3D Studio Max, Vray, Maxon CINEMA 4D"
    },
    "features": [{
      "site": {
        "app_icon": "",
        "domain": "motionserved.com",
        "name": "Motion Graphics Served",
        "icon": "https://a3.behance.net/img/galleries/composed/motion.png",
        "ribbon": {
          "image": "https://a3.behance.net/img/galleries/ribbons/1x/motion.png",
          "image_2x": "https://a3.behance.net/img/galleries/ribbons/2x/motion@2x.png"
        },
        "id": 6,
        "key": "motion",
        "url": "http://motionserved.com"
      },
      "projects": [
        {
          "id": 564886,
          "featured_on": 1280674802
        },
        {
          "id": 6415231,
          "featured_on": 1359619201
        }
      ]
    }],
    "twitter": "",
    "created_on": 1240213390,
    "has_default_image": 0,
    "stats": {
      "followers": 724,
      "comments": 22,
      "appreciations": 1155,
      "following": 458,
      "team_members": 0,
      "views": 22910
    },
    "location": "Moscow, Russian Federation",
    "company": "",
    "links": [
      {
        "title": "Facebook",
        "url": "http://www.facebook.com/philipp.belov.9"
      },
      {
        "title": "Vimeo",
        "url": "http://vimeo.com/philippbelov"
      },
      {
        "title": "\"Fridman's Space\" on Motion Served",
        "url": "http://www.motionserved.com/Gallery/_quotFridmans-space_quot_/564886"
      },
      {
        "title": "\"Hi Tech\" on Motion Served.",
        "url": "http://www.motionserved.com/gallery/High-Tech/6415231"
      }
    ],
    "id": 101561,
    "state": "",
    "fields": [
      "Motion Graphics",
      "Animation",
      "Art Direction"
    ],
    "first_name": "Philipp",
    "username": "PhilippBelov"
  }
}