{
  "http_code": 200,
  "user": {
    "country": "Macedonia",
    "images": {
      "115": "https://mir-s3-cdn-cf.behance.net/user/115/1200211.53b378bb597ab.png",
      "138": "https://mir-s3-cdn-cf.behance.net/user/138/1200211.53b378bb597ab.png",
      "50": "https://mir-s3-cdn-cf.behance.net/user/50/1200211.53b378bb597ab.png"
    },
    "website": "www.youtube.com/vandovdesigns",
    "occupation": "Graphic Designer",
    "city": "Skopje",
    "social_links": [],
    "last_name": "Andov",
    "display_name": "Tino Andov",
    "url": "https://www.behance.net/vandov",
    "sections": [],
    "twitter": "",
    "created_on": 1338209795,
    "has_default_image": 0,
    "stats": {
      "followers": 2,
      "comments": 0,
      "appreciations": 4,
      "following": 6,
      "team_members": 0,
      "views": 179
    },
    "location": "Skopje, Macedonia",
    "company": "VandovDesigns",
    "links": [],
    "id": 1200211,
    "state": "",
    "fields": ["Graphic Design"],
    "first_name": "Tino",
    "username": "vandov"
  }
}