{
  "http_code": 200,
  "user": {
    "country": "India",
    "images": {
      "115": "https://mir-s3-cdn-cf.behance.net/user/115/1200209.53b378ba8eac9.jpg",
      "138": "https://mir-s3-cdn-cf.behance.net/user/138/1200209.53b378ba8eac9.jpg",
      "50": "https://mir-s3-cdn-cf.behance.net/user/50/1200209.53b378ba8eac9.jpg"
    },
    "website": "tripti.gupta",
    "occupation": "graphic designer,3d modeler,texturing artist",
    "city": "Hyderabad",
    "social_links": [],
    "last_name": "gupta",
    "display_name": "tripti gupta",
    "url": "https://www.behance.net/tripti-gupta",
    "sections": [],
    "twitter": "",
    "created_on": 1338209770,
    "has_default_image": 0,
    "stats": {
      "followers": 3,
      "comments": 0,
      "appreciations": 0,
      "following": 0,
      "team_members": 0,
      "views": 0
    },
    "location": "Hyderabad, India",
    "company": "",
    "links": [],
    "id": 1200209,
    "state": "",
    "fields": [],
    "first_name": "tripti",
    "username": "tripti-gupta"
  }
}