{
  "http_code": 200,
  "user": {
    "country": "Korea, Republic of",
    "images": {
      "100": "https://mir-s3-cdn-cf.behance.net/user/100/1200293.53b378cd5b28f.jpg",
      "276": "https://mir-s3-cdn-cf.behance.net/user/276/1200293.53b378cd5b28f.jpg",
      "115": "https://mir-s3-cdn-cf.behance.net/user/115/1200293.53b378cd5b28f.jpg",
      "138": "https://mir-s3-cdn-cf.behance.net/user/138/1200293.53b378cd5b28f.jpg",
      "50": "https://mir-s3-cdn-cf.behance.net/user/50/1200293.53b378cd5b28f.jpg",
      "230": "https://mir-s3-cdn-cf.behance.net/user/230/1200293.53b378cd5b28f.jpg"
    },
    "website": "",
    "occupation": "Interaction Designer",
    "city": "Seoul",
    "social_links": [
      {
        "social_id": 2,
        "service_name": "Facebook",
        "value": "profile.php?id=100001679884675",
        "url": "http://facebook.com/profile.php?id=100001679884675"
      },
      {
        "social_id": 5,
        "service_name": "Vimeo",
        "value": "blakfulcodes",
        "url": "http://vimeo.com/blakfulcodes"
      },
      {
        "social_id": 8,
        "service_name": "Pinterest",
        "value": "blakfulcodes",
        "url": "http://pinterest.com/blakfulcodes"
      },
      {
        "social_id": 12,
        "service_name": "Instagram",
        "value": "m_ache",
        "url": "http://instagram.com/m_ache"
      }
    ],
    "last_name": "Lee",
    "display_name": "Minhyung Lee",
    "url": "https://www.behance.net/blakfulcodes",
    "sections": {"e-mail": "blakfulcodes@gmail.com\nminhyung.lee@navercorp.com"},
    "twitter": "",
    "created_on": 1338212826,
    "has_default_image": 0,
    "stats": {
      "followers": 233,
      "comments": 27,
      "appreciations": 394,
      "following": 1192,
      "team_members": 0,
      "views": 7461
    },
    "location": "Seoul, Korea, Republic of",
    "company": "NAVER Corporation",
    "links": [],
    "id": 1200293,
    "state": "",
    "fields": [
      "Motion Graphics",
      "Art Direction",
      "Graphic Design"
    ],
    "first_name": "Minhyung",
    "username": "blakfulcodes"
  }
}