{
  "http_code": 200,
  "user": {
    "country": "United States",
    "images": {
      "115": "https://mir-s3-cdn-cf.behance.net/user/115/1200289.53b378cbe0aba.jpg",
      "138": "https://mir-s3-cdn-cf.behance.net/user/138/1200289.53b378cbe0aba.jpg",
      "50": "https://mir-s3-cdn-cf.behance.net/user/50/1200289.53b378cbe0aba.jpg"
    },
    "website": "www.studiohoffmann.com",
    "occupation": "",
    "city": "Salem",
    "social_links": [],
    "last_name": "Hoffmann",
    "display_name": "Mark Hoffmann",
    "url": "https://www.behance.net/mhoffmann",
    "sections": [],
    "features": [{
      "site": {
        "network_id": 19,
        "domain": "portfolios.risd.edu",
        "name": "RISD Portfolios",
        "icon": "https://a3.behance.net/img/galleries/composed/risd.png",
        "ribbon": {
          "image": "https://a3.behance.net/img/galleries/ribbons/1x/risd.png",
          "image_2x": "https://a3.behance.net/img/galleries/ribbons/2x/risd@2x.png"
        },
        "id": 111,
        "key": "risd",
        "url": "http://portfolios.risd.edu"
      },
      "projects": [{
        "id": 4056871,
        "featured_on": 1339455603
      }]
    }],
    "twitter": "",
    "created_on": 1338212805,
    "has_default_image": 0,
    "stats": {
      "followers": 20,
      "comments": 0,
      "appreciations": 34,
      "following": 3,
      "team_members": 0,
      "views": 522
    },
    "location": "Salem, NH, USA",
    "company": "",
    "links": [],
    "id": 1200289,
    "state": "New Hampshire",
    "fields": ["Illustration"],
    "first_name": "Mark",
    "username": "mhoffmann"
  }
}