{
  "http_code": 200,
  "user": {
    "country": "China",
    "images": {
      "115": "https://a3.behance.net/img/profile/no-image-115.jpg?cb=2050110936",
      "138": "https://a3.behance.net/img/profile/no-image-138.jpg?cb=2050110936",
      "50": "https://a3.behance.net/img/profile/no-image-50.jpg?cb=2050110936"
    },
    "website": "",
    "occupation": "",
    "city": "Beijing",
    "social_links": [],
    "last_name": "Song",
    "display_name": "Chao Song",
    "url": "https://www.behance.net/piratechaod27c",
    "sections": [],
    "twitter": "",
    "created_on": 1427169456,
    "has_default_image": 1,
    "stats": {
      "followers": 0,
      "comments": 0,
      "appreciations": 0,
      "following": 1,
      "team_members": 0,
      "views": 0
    },
    "location": "Beijing, China",
    "company": "",
    "links": [],
    "id": 12500025,
    "state": "",
    "fields": [],
    "first_name": "Chao",
    "username": "piratechaod27c"
  }
}