{
  "http_code": 200,
  "user": {
    "country": "",
    "images": {
      "115": "https://a3.behance.net/img/profile/no-image-115.jpg?cb=939944132",
      "138": "https://a3.behance.net/img/profile/no-image-138.jpg?cb=939944132",
      "50": "https://a3.behance.net/img/profile/no-image-50.jpg?cb=939944132"
    },
    "website": "",
    "occupation": "",
    "city": "",
    "social_links": [],
    "last_name": "Stone",
    "display_name": "Allan Stone",
    "url": "https://www.behance.net/allanstone",
    "sections": [],
    "twitter": "",
    "created_on": 1240240554,
    "has_default_image": 1,
    "stats": {
      "followers": 3,
      "comments": 2,
      "appreciations": 6,
      "following": 2,
      "team_members": 0,
      "views": 79
    },
    "location": "",
    "company": "",
    "links": [],
    "id": 101604,
    "state": "",
    "fields": [
      "Photography",
      "Fine Arts"
    ],
    "first_name": "Allan ",
    "username": "allanstone"
  }
}