{
  "http_code": 200,
  "user": {
    "country": "United States",
    "images": {
      "100": "https://mir-s3-cdn-cf.behance.net/user/100/6d6ea712500125.5510e29fe977c.jpg",
      "276": "https://mir-s3-cdn-cf.behance.net/user/276/6d6ea712500125.5510e29fe977c.jpg",
      "115": "https://mir-s3-cdn-cf.behance.net/user/115/6d6ea712500125.5510e29fe977c.jpg",
      "138": "https://mir-s3-cdn-cf.behance.net/user/138/6d6ea712500125.5510e29fe977c.jpg",
      "50": "https://mir-s3-cdn-cf.behance.net/user/50/6d6ea712500125.5510e29fe977c.jpg",
      "230": "https://mir-s3-cdn-cf.behance.net/user/230/6d6ea712500125.5510e29fe977c.jpg"
    },
    "website": "",
    "occupation": "",
    "city": "",
    "social_links": [],
    "last_name": "Aldag",
    "display_name": "Tammy Aldag",
    "url": "https://www.behance.net/taldag777240b",
    "sections": [],
    "twitter": "",
    "created_on": 1427169951,
    "has_default_image": 0,
    "stats": {
      "followers": 0,
      "comments": 0,
      "appreciations": 0,
      "following": 0,
      "team_members": 0,
      "views": 0
    },
    "location": "USA",
    "company": "Photography By Aurora",
    "links": [],
    "id": 12500125,
    "state": "",
    "fields": [],
    "first_name": "Tammy",
    "username": "taldag777240b"
  }
}