{
  "http_code": 200,
  "user": {
    "country": "Egypt",
    "images": {
      "115": "https://mir-s3-cdn-cf.behance.net/user/115/1200279.53b378c97c819.png",
      "138": "https://mir-s3-cdn-cf.behance.net/user/138/1200279.53b378c97c819.png",
      "50": "https://mir-s3-cdn-cf.behance.net/user/50/1200279.53b378c97c819.png"
    },
    "website": "",
    "occupation": "Art Director",
    "city": "Cairo",
    "social_links": [],
    "last_name": "Hussein",
    "display_name": "Hany Hussein",
    "url": "https://www.behance.net/hanyhussein",
    "sections": [],
    "twitter": "",
    "created_on": 1338212486,
    "has_default_image": 0,
    "stats": {
      "followers": 11,
      "comments": 0,
      "appreciations": 9,
      "following": 3,
      "team_members": 0,
      "views": 903
    },
    "location": "Cairo, Egypt",
    "company": "THE CODE",
    "links": [],
    "id": 1200279,
    "state": "",
    "fields": [
      "Advertising",
      "Art Direction",
      "Branding"
    ],
    "first_name": "Hany",
    "username": "hanyhussein"
  }
}