{
  "http_code": 200,
  "user": {
    "country": "United States",
    "images": {
      "115": "https://a3.behance.net/img/profile/no-image-115.jpg?cb=1673063716",
      "138": "https://a3.behance.net/img/profile/no-image-138.jpg?cb=1673063716",
      "50": "https://a3.behance.net/img/profile/no-image-50.jpg?cb=1673063716"
    },
    "website": "",
    "occupation": "Marketer",
    "city": "Columbia",
    "social_links": [],
    "last_name": "Rypkema",
    "display_name": "Jared Rypkema",
    "url": "https://www.behance.net/jaredrypkema",
    "sections": [],
    "twitter": "",
    "created_on": 1338211926,
    "has_default_image": 1,
    "stats": {
      "followers": 0,
      "comments": 0,
      "appreciations": 0,
      "following": 0,
      "team_members": 0,
      "views": 0
    },
    "location": "Columbia, SC, USA",
    "company": "",
    "links": [],
    "id": 1200265,
    "state": "South Carolina",
    "fields": [],
    "first_name": "Jared",
    "username": "jaredrypkema"
  }
}