{
  "http_code": 200,
  "user": {
    "country": "Netherlands",
    "images": {
      "115": "https://a3.behance.net/img/profile/no-image-115.jpg?cb=2050110936",
      "138": "https://a3.behance.net/img/profile/no-image-138.jpg?cb=2050110936",
      "50": "https://a3.behance.net/img/profile/no-image-50.jpg?cb=2050110936"
    },
    "website": "",
    "occupation": "",
    "city": "",
    "social_links": [],
    "last_name": "Koppenhol",
    "display_name": "Suzanne Koppenhol",
    "url": "https://www.behance.net/SuzanneKop7cd3",
    "sections": [],
    "twitter": "",
    "created_on": 1425655932,
    "has_default_image": 1,
    "stats": {
      "followers": 0,
      "comments": 0,
      "appreciations": 0,
      "following": 2,
      "team_members": 0,
      "views": 0
    },
    "location": "Netherlands",
    "company": "",
    "links": [],
    "id": 12100111,
    "state": "",
    "fields": [],
    "first_name": "Suzanne",
    "username": "SuzanneKop7cd3"
  }
}