{
  "http_code": 200,
  "user": {
    "country": "United States",
    "images": {
      "115": "https://a3.behance.net/img/profile/no-image-115.jpg?cb=1673063716",
      "138": "https://a3.behance.net/img/profile/no-image-138.jpg?cb=1673063716",
      "50": "https://a3.behance.net/img/profile/no-image-50.jpg?cb=1673063716"
    },
    "website": "wwwmsjhairdivatrendsetter.com",
    "occupation": "hairstylist",
    "city": "Tuscaloosa",
    "social_links": [],
    "last_name": "lane",
    "display_name": "josha lane",
    "url": "https://www.behance.net/fierce",
    "sections": [],
    "twitter": "",
    "created_on": 1338204116,
    "has_default_image": 1,
    "stats": {
      "followers": 0,
      "comments": 0,
      "appreciations": 0,
      "following": 0,
      "team_members": 0,
      "views": 1
    },
    "location": "Tuscaloosa, AL, USA",
    "company": "",
    "links": [],
    "id": 1200027,
    "state": "Alabama",
    "fields": [],
    "first_name": "josha",
    "username": "fierce"
  }
}