{
  "http_code": 200,
  "user": {
    "country": "Spain",
    "images": {
      "100": "https://mir-s3-cdn-cf.behance.net/user/100/101575.53ab5ac17d928.jpg",
      "276": "https://mir-s3-cdn-cf.behance.net/user/276/101575.53ab5ac17d928.jpg",
      "115": "https://mir-s3-cdn-cf.behance.net/user/115/101575.53ab5ac17d928.jpg",
      "138": "https://mir-s3-cdn-cf.behance.net/user/138/101575.53ab5ac17d928.jpg",
      "50": "https://mir-s3-cdn-cf.behance.net/user/50/101575.53ab5ac17d928.jpg",
      "230": "https://mir-s3-cdn-cf.behance.net/user/230/101575.53ab5ac17d928.jpg"
    },
    "website": "",
    "occupation": "Artist, illustrator, interior design",
    "city": "Madrid",
    "social_links": [],
    "last_name": "Artigot",
    "display_name": "Dafne Artigot",
    "url": "https://www.behance.net/dafneArtigot",
    "sections": [],
    "twitter": "",
    "created_on": 1240230429,
    "has_default_image": 0,
    "stats": {
      "followers": 19,
      "comments": 1,
      "appreciations": 60,
      "following": 80,
      "team_members": 0,
      "views": 511
    },
    "location": "Madrid, Spain",
    "company": "http://amanografica.blogspot.com/",
    "links": [],
    "id": 101575,
    "state": "",
    "fields": [
      "Illustration",
      "Fine Arts",
      "Drawing"
    ],
    "first_name": "Dafne",
    "username": "dafneArtigot"
  }
}