{
  "http_code": 200,
  "user": {
    "country": "Austria",
    "images": {
      "115": "https://mir-s3-cdn-cf.behance.net/user/115/1200067.53b378558485d.jpg",
      "138": "https://mir-s3-cdn-cf.behance.net/user/138/1200067.53b378558485d.jpg",
      "50": "https://mir-s3-cdn-cf.behance.net/user/50/1200067.53b378558485d.jpg"
    },
    "website": "gottherr.tumblr.com",
    "occupation": "",
    "city": "Vienna",
    "social_links": [
      {
        "social_id": 9,
        "service_name": "Tumblr",
        "value": "gottherr",
        "url": "http://gottherr.tumblr.com"
      },
      {
        "social_id": 5,
        "service_name": "Vimeo",
        "value": "gottherr",
        "url": "http://vimeo.com/gottherr"
      }
    ],
    "last_name": "Gottherr",
    "display_name": "Dominik Gottherr",
    "url": "https://www.behance.net/gottherr",
    "sections": [],
    "twitter": "",
    "created_on": 1338205307,
    "has_default_image": 0,
    "stats": {
      "followers": 16,
      "comments": 0,
      "appreciations": 46,
      "following": 59,
      "team_members": 0,
      "views": 873
    },
    "location": "Vienna, Austria",
    "company": "",
    "links": [
      {
        "title": "society6",
        "url": "http://society6.com/pinguin"
      },
      {
        "title": "deviantArt",
        "url": "http://just-dom.deviantart.com/"
      },
      {
        "title": "Threadless",
        "url": "http://www.threadless.com?streetteam=dominoPingu"
      }
    ],
    "id": 1200067,
    "state": "",
    "fields": [
      "Illustration",
      "Character Design",
      "Digital Art"
    ],
    "first_name": "Dominik",
    "username": "gottherr"
  }
}