{
  "http_code": 200,
  "user": {
    "country": "China",
    "images": {
      "115": "https://mir-s3-cdn-cf.behance.net/user/115/1200207.53b378b9d4f6e.jpg",
      "138": "https://mir-s3-cdn-cf.behance.net/user/138/1200207.53b378b9d4f6e.jpg",
      "50": "https://mir-s3-cdn-cf.behance.net/user/50/1200207.53b378b9d4f6e.jpg"
    },
    "website": "",
    "occupation": "",
    "city": "Beijing",
    "social_links": [],
    "last_name": "mie",
    "display_name": "evey mie",
    "url": "https://www.behance.net/miemie0402812b",
    "sections": [],
    "twitter": "",
    "created_on": 1338209735,
    "has_default_image": 0,
    "stats": {
      "followers": 2,
      "comments": 0,
      "appreciations": 0,
      "following": 7,
      "team_members": 0,
      "views": 0
    },
    "location": "Beijing, China",
    "company": "",
    "links": [],
    "id": 1200207,
    "state": "",
    "fields": [],
    "first_name": "evey",
    "username": "miemie0402812b"
  }
}