{
  "http_code": 200,
  "user": {
    "country": "Brazil",
    "images": {
      "115": "https://mir-s3-cdn-cf.behance.net/user/115/1200227.53b378c043c70.jpg",
      "138": "https://mir-s3-cdn-cf.behance.net/user/138/1200227.53b378c043c70.jpg",
      "50": "https://mir-s3-cdn-cf.behance.net/user/50/1200227.53b378c043c70.jpg"
    },
    "website": "http://www.facebook.com/mauronascher",
    "occupation": "Designer Packaging",
    "city": "Novo Hamburgo",
    "social_links": [{
      "social_id": 2,
      "service_name": "Facebook",
      "value": "mauronascher",
      "url": "http://facebook.com/mauronascher"
    }],
    "last_name": "Nascher",
    "display_name": "Mauro Nascher",
    "url": "https://www.behance.net/mauronascher",
    "sections": [],
    "twitter": "",
    "created_on": 1338210556,
    "has_default_image": 0,
    "stats": {
      "followers": 24,
      "comments": 7,
      "appreciations": 53,
      "following": 66,
      "team_members": 0,
      "views": 850
    },
    "location": "Novo Hamburgo, Brazil",
    "company": "In Home",
    "links": [],
    "id": 1200227,
    "state": "",
    "fields": [
      "Graphic Design",
      "Illustration",
      "Digital Art"
    ],
    "first_name": "Mauro",
    "username": "mauronascher"
  }
}