{
  "http_code": 200,
  "user": {
    "country": "United Kingdom",
    "images": {
      "115": "https://a3.behance.net/img/profile/no-image-115.jpg?cb=2050110936",
      "138": "https://a3.behance.net/img/profile/no-image-138.jpg?cb=2050110936",
      "50": "https://a3.behance.net/img/profile/no-image-50.jpg?cb=2050110936"
    },
    "website": "",
    "occupation": "",
    "city": "",
    "social_links": [],
    "last_name": "Smith",
    "display_name": "Kelly Smith",
    "url": "https://www.behance.net/kellyjade04218",
    "sections": [],
    "twitter": "",
    "created_on": 1425656237,
    "has_default_image": 1,
    "stats": {
      "followers": 0,
      "comments": 0,
      "appreciations": 0,
      "following": 12,
      "team_members": 0,
      "views": 0
    },
    "location": "United Kingdom",
    "company": "",
    "links": [],
    "id": 12100227,
    "state": "",
    "fields": [],
    "first_name": "Kelly",
    "username": "kellyjade04218"
  }
}