{
  "http_code": 200,
  "user": {
    "country": "Ireland",
    "images": {
      "115": "https://mir-s3-cdn-cf.behance.net/user/115/101519.53ab5a3b4e77b.jpg",
      "138": "https://mir-s3-cdn-cf.behance.net/user/138/101519.53ab5a3b4e77b.jpg",
      "50": "https://mir-s3-cdn-cf.behance.net/user/50/101519.53ab5a3b4e77b.jpg"
    },
    "website": "http://www.dime.ie",
    "occupation": "",
    "city": "Dundalk",
    "social_links": [],
    "last_name": "Maguire",
    "display_name": "Michael Maguire",
    "url": "https://www.behance.net/clevercelt",
    "sections": [],
    "twitter": "",
    "created_on": 1240166186,
    "has_default_image": 0,
    "stats": {
      "followers": 1,
      "comments": 0,
      "appreciations": 0,
      "following": 0,
      "team_members": 0,
      "views": 0
    },
    "location": "Dundalk, Ireland",
    "company": "DIME",
    "links": [],
    "id": 101519,
    "state": "",
    "fields": [],
    "first_name": "Michael",
    "username": "clevercelt"
  }
}