{
  "http_code": 200,
  "user": {
    "country": "United States",
    "images": {
      "115": "https://mir-s3-cdn-cf.behance.net/user/115/101624.53ab5ae7d3b50.jpg",
      "138": "https://mir-s3-cdn-cf.behance.net/user/138/101624.53ab5ae7d3b50.jpg",
      "50": "https://mir-s3-cdn-cf.behance.net/user/50/101624.53ab5ae7d3b50.jpg"
    },
    "website": "http://www.juanmarin.me",
    "occupation": "",
    "city": "New York",
    "social_links": [{
      "social_id": 1,
      "service_name": "Twitter",
      "value": "JuanMiguelMarin",
      "url": "http://twitter.com/JuanMiguelMarin"
    }],
    "last_name": "Marin",
    "display_name": "Juan Miguel Marin",
    "url": "https://www.behance.net/JuanMarin",
    "sections": {"About": "Juan Miguel Marin (Quito 1980), is a visual artist, musician, designer, dreamer, entrepreneur, a citizen of the world, and a cookie aficionado living in NYC.\n\nMarin is a former member of the band La Rúa and a co-founder of Carlotan Rock, the only latin alternative music festival in the Carolinas. His independent music journey has been featured on countless media outlets including NPR and PASTE magazine, and his visual work includes clients such as David Byrne, The ONE campaign, H&M, Tecate, American Airlines, amongst many others.\n\nLa Casa del Ritmo, a film about Los Amigos Invisibles is Juan Miguel Marin's most recent project."},
    "features": [{
      "site": {
        "network_id": 5,
        "domain": "portfolios.aiga.org",
        "name": "AIGA Member Gallery",
        "icon": "https://a3.behance.net/img/galleries/composed/aiga.png",
        "ribbon": {
          "image": "https://a3.behance.net/img/galleries/ribbons/1x/aiga.png",
          "image_2x": "https://a3.behance.net/img/galleries/ribbons/2x/aiga@2x.png"
        },
        "id": 34,
        "key": "aiga",
        "url": "http://portfolios.aiga.org"
      },
      "projects": [
        {
          "id": 1886457,
          "featured_on": 1312759803
        },
        {
          "id": 1886873,
          "featured_on": 1314153002
        }
      ]
    }],
    "twitter": "@JuanMiguelMarin",
    "created_on": 1240253452,
    "has_default_image": 0,
    "stats": {
      "followers": 215,
      "comments": 106,
      "appreciations": 336,
      "following": 181,
      "team_members": 0,
      "views": 19686
    },
    "location": "New York, NY, USA",
    "company": "",
    "links": [],
    "id": 101624,
    "state": "New York",
    "fields": [
      "Graphic Design",
      "Illustration",
      "Branding"
    ],
    "first_name": "Juan Miguel",
    "username": "JuanMarin"
  }
}