{
  "http_code": 200,
  "user": {
    "country": "Norway",
    "images": {
      "100": "https://mir-s3-cdn-cf.behance.net/user/100/1200263.53b378c636827.jpg",
      "276": "https://mir-s3-cdn-cf.behance.net/user/276/1200263.53b378c636827.jpg",
      "115": "https://mir-s3-cdn-cf.behance.net/user/115/1200263.53b378c636827.jpg",
      "138": "https://mir-s3-cdn-cf.behance.net/user/138/1200263.53b378c636827.jpg",
      "50": "https://mir-s3-cdn-cf.behance.net/user/50/1200263.53b378c636827.jpg",
      "230": "https://mir-s3-cdn-cf.behance.net/user/230/1200263.53b378c636827.jpg"
    },
    "website": "www.behance.net/bekken",
    "occupation": "Interior Designer / Studying Architecture",
    "city": "Bergen",
    "social_links": [{
      "social_id": 2,
      "service_name": "Facebook",
      "value": "IdaHBekken",
      "url": "http://facebook.com/IdaHBekken"
    }],
    "last_name": "Hornstuen Bekken",
    "display_name": "Ida Hornstuen Bekken",
    "url": "https://www.behance.net/bekken",
    "sections": {"About": "I am currently living in Bergen, studying architecture at BAS (Bergen Arkitekthøgskole). The plan for now is to take my masters in Architecture, and to go abroad again during the fourth year of my degree. I have a Bachelor in Interior Design and Technology, from London Metropolitan University.  "},
    "twitter": "",
    "created_on": 1338211787,
    "has_default_image": 0,
    "stats": {
      "followers": 28,
      "comments": 0,
      "appreciations": 15,
      "following": 66,
      "team_members": 0,
      "views": 2524
    },
    "location": "Bergen, Norway",
    "company": "",
    "links": [],
    "id": 1200263,
    "state": "",
    "fields": [
      "Interior Design",
      "Graphic Design",
      "Furniture Design"
    ],
    "first_name": "Ida",
    "username": "bekken"
  }
}