{
  "http_code": 200,
  "user": {
    "country": "United Kingdom",
    "images": {
      "115": "https://mir-s3-cdn-cf.behance.net/user/115/1200089.53b3789e58e6a.jpg",
      "138": "https://mir-s3-cdn-cf.behance.net/user/138/1200089.53b3789e58e6a.jpg",
      "50": "https://mir-s3-cdn-cf.behance.net/user/50/1200089.53b3789e58e6a.jpg"
    },
    "website": "",
    "occupation": "Graduate",
    "city": "Southampton",
    "social_links": [],
    "last_name": "Daguiar",
    "display_name": "Michael Daguiar",
    "url": "https://www.behance.net/michaeldaguiar",
    "sections": {"About": "I am an outgoing and hardworking individual who is eager to learn and be challenged at every opportunity. If I was to describe myself in one word it would be determined, I am determined to reach my full potential at every opportunity. I have brilliant teamwork skills combined with the ability to work extremely well on my own if required.\n\nLeading teams throughout my life in sports and also at work has enabled me to become a people`s person, this is the skill I am most proud of and enables me to fit into any scenario comfortably."},
    "twitter": "",
    "created_on": 1338205852,
    "has_default_image": 0,
    "stats": {
      "followers": 2,
      "comments": 0,
      "appreciations": 0,
      "following": 0,
      "team_members": 0,
      "views": 363
    },
    "location": "Southampton, United Kingdom",
    "company": "",
    "links": [],
    "id": 1200089,
    "state": "",
    "fields": [
      "Digital Art",
      "Graphic Design",
      "Journalism"
    ],
    "first_name": "Michael",
    "username": "michaeldaguiar"
  }
}