{
  "http_code": 200,
  "user": {
    "country": "Spain",
    "images": {
      "115": "https://mir-s3-cdn-cf.behance.net/user/115/101585.53ab5aca86933.jpg",
      "138": "https://mir-s3-cdn-cf.behance.net/user/138/101585.53ab5aca86933.jpg",
      "50": "https://mir-s3-cdn-cf.behance.net/user/50/101585.53ab5aca86933.jpg"
    },
    "website": "http://www.mrhambre.com",
    "occupation": "Freelance graphic designer",
    "city": "Castellón de la Plana",
    "social_links": [
      {
        "social_id": 1,
        "service_name": "Twitter",
        "value": "mr_hambre",
        "url": "http://twitter.com/mr_hambre"
      },
      {
        "social_id": 4,
        "service_name": "LinkedIn",
        "value": "profile/view?id=140684214&trk=spm_pic",
        "url": "http://linkedin.com/profile/view?id=140684214&trk=spm_pic"
      },
      {
        "social_id": 12,
        "service_name": "Instagram",
        "value": "mr.hambre",
        "url": "http://instagram.com/mr.hambre"
      }
    ],
    "last_name": "aguilella",
    "display_name": "mateu aguilella",
    "url": "https://www.behance.net/MateuAguilella",
    "sections": [],
    "features": [{
      "site": {
        "app_icon": "",
        "domain": "motionserved.com",
        "name": "Motion Graphics Served",
        "icon": "https://a3.behance.net/img/galleries/composed/motion.png",
        "ribbon": {
          "image": "https://a3.behance.net/img/galleries/ribbons/1x/motion.png",
          "image_2x": "https://a3.behance.net/img/galleries/ribbons/2x/motion@2x.png"
        },
        "id": 6,
        "key": "motion",
        "url": "http://motionserved.com"
      },
      "projects": [{
        "id": 243415,
        "featured_on": 1245755701
      }]
    }],
    "twitter": "@mr_hambre",
    "created_on": 1240236062,
    "has_default_image": 0,
    "stats": {
      "followers": 158,
      "comments": 67,
      "appreciations": 773,
      "following": 423,
      "team_members": 0,
      "views": 16878
    },
    "location": "Castellón de la Plana, Spain",
    "company": "",
    "links": [],
    "id": 101585,
    "state": "",
    "fields": [
      "Graphic Design",
      "Illustration",
      "Branding"
    ],
    "first_name": "mateu",
    "username": "MateuAguilella"
  }
}