{
  "http_code": 200,
  "user": {
    "country": "Finland",
    "images": {
      "100": "https://mir-s3-cdn-cf.behance.net/user/100/d27f5b101520.55a2eac79f67e.jpg",
      "276": "https://mir-s3-cdn-cf.behance.net/user/276/d27f5b101520.55a2eac79f67e.jpg",
      "115": "https://mir-s3-cdn-cf.behance.net/user/115/d27f5b101520.55a2eac79f67e.jpg",
      "138": "https://mir-s3-cdn-cf.behance.net/user/138/d27f5b101520.55a2eac79f67e.jpg",
      "50": "https://mir-s3-cdn-cf.behance.net/user/50/d27f5b101520.55a2eac79f67e.jpg",
      "230": "https://mir-s3-cdn-cf.behance.net/user/230/d27f5b101520.55a2eac79f67e.jpg"
    },
    "website": "www.helenkaur.com",
    "occupation": "Senior UI Artist / Illustrator",
    "city": "Helsinki",
    "social_links": [
      {
        "social_id": 1,
        "service_name": "Twitter",
        "value": "helenkaur",
        "url": "http://twitter.com/helenkaur"
      },
      {
        "social_id": 2,
        "service_name": "Facebook",
        "value": "helen.a.kaur",
        "url": "http://facebook.com/helen.a.kaur"
      },
      {
        "social_id": 3,
        "service_name": "Dribbble",
        "value": "helenkaur",
        "url": "http://dribbble.com/helenkaur"
      },
      {
        "social_id": 9,
        "service_name": "Tumblr",
        "value": "helenkaur",
        "url": "http://helenkaur.tumblr.com"
      }
    ],
    "last_name": "Kaur",
    "display_name": "Helen Kaur",
    "url": "https://www.behance.net/helenkaur",
    "sections": {"About": "I'm a full-time UI Artist / free-time illustrator from Singapore, based in Helsinki Finland."},
    "twitter": "@helenkaur",
    "created_on": 1240166246,
    "has_default_image": 0,
    "stats": {
      "followers": 441,
      "comments": 38,
      "appreciations": 625,
      "following": 293,
      "team_members": 0,
      "views": 9562
    },
    "location": "Helsinki, Finland",
    "company": "Ubisoft Redlynx",
    "links": [],
    "id": 101520,
    "state": "",
    "fields": [
      "Illustration",
      "Digital Art",
      "Graphic Design"
    ],
    "first_name": "Helen",
    "username": "helenkaur"
  }
}