{
  "http_code": 200,
  "user": {
    "country": "",
    "images": {
      "115": "https://mir-s3-cdn-cf.behance.net/user/115/101565.53ab5ab8b8912.jpg",
      "138": "https://mir-s3-cdn-cf.behance.net/user/138/101565.53ab5ab8b8912.jpg",
      "50": "https://mir-s3-cdn-cf.behance.net/user/50/101565.53ab5ab8b8912.jpg"
    },
    "website": "",
    "occupation": "",
    "city": "",
    "social_links": [],
    "last_name": "Grettseva",
    "display_name": "Anastasiya Grettseva",
    "url": "https://www.behance.net/Nastyaaa",
    "sections": [],
    "twitter": "",
    "created_on": 1240218961,
    "has_default_image": 0,
    "stats": {
      "followers": 1,
      "comments": 0,
      "appreciations": 0,
      "following": 0,
      "team_members": 0,
      "views": 28
    },
    "location": "",
    "company": "",
    "links": [],
    "id": 101565,
    "state": "",
    "fields": ["Photography"],
    "first_name": "Anastasiya",
    "username": "Nastyaaa"
  }
}