{
  "http_code": 200,
  "user": {
    "country": "Ukraine",
    "images": {
      "100": "https://mir-s3-cdn-cf.behance.net/user/100/5579a212100087.54f9c86134412.jpg",
      "276": "https://mir-s3-cdn-cf.behance.net/user/276/5579a212100087.54f9c86134412.jpg",
      "115": "https://mir-s3-cdn-cf.behance.net/user/115/5579a212100087.54f9c86134412.jpg",
      "138": "https://mir-s3-cdn-cf.behance.net/user/138/5579a212100087.54f9c86134412.jpg",
      "50": "https://mir-s3-cdn-cf.behance.net/user/50/5579a212100087.54f9c86134412.jpg",
      "230": "https://mir-s3-cdn-cf.behance.net/user/230/5579a212100087.54f9c86134412.jpg"
    },
    "website": "",
    "occupation": "",
    "city": "",
    "social_links": [],
    "last_name": "Костюк",
    "display_name": "Ярослав Костюк",
    "url": "https://www.behance.net/slavik_97k50da",
    "sections": [],
    "twitter": "",
    "created_on": 1425655867,
    "has_default_image": 0,
    "stats": {
      "followers": 0,
      "comments": 0,
      "appreciations": 0,
      "following": 0,
      "team_members": 0,
      "views": 0
    },
    "location": "Ukraine",
    "company": "",
    "links": [],
    "id": 12100087,
    "state": "",
    "fields": [],
    "first_name": "Ярослав",
    "username": "slavik_97k50da"
  }
}