{
  "http_code": 200,
  "user": {
    "country": "Saudi Arabia",
    "images": {
      "115": "https://a3.behance.net/img/profile/no-image-115.jpg?cb=2050110936",
      "138": "https://a3.behance.net/img/profile/no-image-138.jpg?cb=2050110936",
      "50": "https://a3.behance.net/img/profile/no-image-50.jpg?cb=2050110936"
    },
    "website": "",
    "occupation": "",
    "city": "Riyadh",
    "social_links": [],
    "last_name": "sad",
    "display_name": "fadosari sad",
    "url": "https://www.behance.net/fadosari",
    "sections": [],
    "twitter": "",
    "created_on": 1425655934,
    "has_default_image": 1,
    "stats": {
      "followers": 0,
      "comments": 0,
      "appreciations": 0,
      "following": 1,
      "team_members": 0,
      "views": 0
    },
    "location": "Riyadh, Saudi Arabia",
    "company": "",
    "links": [],
    "id": 12100115,
    "state": "",
    "fields": [],
    "first_name": "fadosari",
    "username": "fadosari"
  }
}