{
  "http_code": 200,
  "user": {
    "country": "Poland",
    "images": {
      "115": "https://a3.behance.net/img/profile/no-image-115.jpg?cb=2050110936",
      "138": "https://a3.behance.net/img/profile/no-image-138.jpg?cb=2050110936",
      "50": "https://a3.behance.net/img/profile/no-image-50.jpg?cb=2050110936"
    },
    "website": "",
    "occupation": "",
    "city": "Warszawa",
    "social_links": [],
    "last_name": "G",
    "display_name": "J G",
    "url": "https://www.behance.net/jedrzejguzik",
    "sections": [],
    "twitter": "",
    "created_on": 1425656136,
    "has_default_image": 1,
    "stats": {
      "followers": 0,
      "comments": 0,
      "appreciations": 0,
      "following": 0,
      "team_members": 0,
      "views": 0
    },
    "location": "Warszawa, Poland",
    "company": "",
    "links": [],
    "id": 12100167,
    "state": "",
    "fields": [],
    "first_name": "J",
    "username": "jedrzejguzik"
  }
}