{
  "http_code": 200,
  "user": {
    "country": "United States",
    "images": {
      "100": "https://mir-s3-cdn-cf.behance.net/user/100/30ce2c12100019.54f9c77e55542.jpg",
      "276": "https://mir-s3-cdn-cf.behance.net/user/276/30ce2c12100019.54f9c77e55542.jpg",
      "115": "https://mir-s3-cdn-cf.behance.net/user/115/30ce2c12100019.54f9c77e55542.jpg",
      "138": "https://mir-s3-cdn-cf.behance.net/user/138/30ce2c12100019.54f9c77e55542.jpg",
      "50": "https://mir-s3-cdn-cf.behance.net/user/50/30ce2c12100019.54f9c77e55542.jpg",
      "230": "https://mir-s3-cdn-cf.behance.net/user/230/30ce2c12100019.54f9c77e55542.jpg"
    },
    "website": "",
    "occupation": "",
    "city": "",
    "social_links": [],
    "last_name": "Hess",
    "display_name": "Gerald Hess",
    "url": "https://www.behance.net/ghess7131",
    "sections": [],
    "twitter": "",
    "created_on": 1425655641,
    "has_default_image": 0,
    "stats": {
      "followers": 0,
      "comments": 0,
      "appreciations": 0,
      "following": 0,
      "team_members": 0,
      "views": 0
    },
    "location": "USA",
    "company": "Mi-T-M Corporation",
    "links": [],
    "id": 12100019,
    "state": "",
    "fields": [],
    "first_name": "Gerald",
    "username": "ghess7131"
  }
}