{
  "http_code": 200,
  "user": {
    "country": "Thailand",
    "images": {
      "100": "https://mir-s3-cdn-cf.behance.net/user/100/75920412100229.54f9c9df00be4.jpg",
      "276": "https://mir-s3-cdn-cf.behance.net/user/276/75920412100229.54f9c9df00be4.jpg",
      "115": "https://mir-s3-cdn-cf.behance.net/user/115/75920412100229.54f9c9df00be4.jpg",
      "138": "https://mir-s3-cdn-cf.behance.net/user/138/75920412100229.54f9c9df00be4.jpg",
      "50": "https://mir-s3-cdn-cf.behance.net/user/50/75920412100229.54f9c9df00be4.jpg",
      "230": "https://mir-s3-cdn-cf.behance.net/user/230/75920412100229.54f9c9df00be4.jpg"
    },
    "website": "",
    "occupation": "",
    "city": "",
    "social_links": [],
    "last_name": "Thaeophanom",
    "display_name": "Suphanat Thaeophanom",
    "url": "https://www.behance.net/Suphanatthb243",
    "sections": [],
    "twitter": "",
    "created_on": 1425656238,
    "has_default_image": 0,
    "stats": {
      "followers": 0,
      "comments": 0,
      "appreciations": 0,
      "following": 0,
      "team_members": 0,
      "views": 0
    },
    "location": "Thailand",
    "company": "",
    "links": [],
    "id": 12100229,
    "state": "",
    "fields": [],
    "first_name": "Suphanat",
    "username": "Suphanatthb243"
  }
}