{
  "http_code": 200,
  "user": {
    "country": "Australia",
    "images": {
      "115": "https://mir-s3-cdn-cf.behance.net/user/115/1200031.53b3784e3f5f2.jpg",
      "138": "https://mir-s3-cdn-cf.behance.net/user/138/1200031.53b3784e3f5f2.jpg",
      "50": "https://mir-s3-cdn-cf.behance.net/user/50/1200031.53b3784e3f5f2.jpg"
    },
    "website": "",
    "occupation": "Independent Designer",
    "city": "Melbourne",
    "social_links": [
      {
        "social_id": 1,
        "service_name": "Twitter",
        "value": "suewhitlam",
        "url": "http://twitter.com/suewhitlam"
      },
      {
        "social_id": 4,
        "service_name": "LinkedIn",
        "value": "pub/sue-whitlam/20/b64/754/",
        "url": "http://linkedin.com/pub/sue-whitlam/20/b64/754/"
      }
    ],
    "last_name": "Whitlam",
    "display_name": "Sue Whitlam",
    "url": "https://www.behance.net/suewhitlam",
    "sections": {"About": "I'm a British independent graphic designer living in Melbourne, Australia. \n\nI began my career in my home town of Sheffield at The Workshop, working with creative director Colin Scott. \nI later moved to Elmwood's Leeds studio, where I enjoyed five years of corporate identity and branding experience.\n\nI left Elmwood and the UK to travel across South East Asia and Australasia (freelancing at various studios including Billy Blue and Principals whilst residing in Sydney).\n\nI emigrated to Elmwood's Melbourne office in 2006, when their office first opened its doors, starting out as a senior designer and leaving five years later as a design director. \n\nI have since worked as a design director at Interbrand Melbourne.\n\nThroughout my career I've been fortunate to work with many global, local \u2028and non-profit organisations, gaining experience in environmental, fashion, digital, editorial and packaging design. Clients \u2028include ANZ, Australian Red Cross, The English Football Association, Nike, Melbourne Cricket Club, Queensland Art Gallery and The Woolmark Company.\n\nI believe that great design is a big idea, highly crafted with a compelling story and I apply this thinking to every project, large or small.\n\nSay hello \u2013 0405405417 or suemould@me.com"},
    "features": [{
      "site": {
        "app_icon": "",
        "domain": "brandingserved.com",
        "name": "Branding Served",
        "icon": "https://a3.behance.net/img/galleries/composed/branding.png",
        "ribbon": {
          "image": "https://a3.behance.net/img/galleries/ribbons/1x/branding.png",
          "image_2x": "https://a3.behance.net/img/galleries/ribbons/2x/branding@2x.png"
        },
        "id": 29,
        "key": "branding",
        "url": "http://brandingserved.com"
      },
      "projects": [{
        "id": 4191693,
        "featured_on": 1381044601
      }]
    }],
    "twitter": "@suewhitlam",
    "created_on": 1338204130,
    "has_default_image": 0,
    "stats": {
      "followers": 187,
      "comments": 0,
      "appreciations": 578,
      "following": 9,
      "team_members": 0,
      "views": 14923
    },
    "location": "Melbourne, Australia",
    "company": "Suki and company",
    "links": [],
    "id": 1200031,
    "state": "",
    "fields": [
      "Graphic Design",
      "Typography",
      "Branding"
    ],
    "first_name": "Sue",
    "username": "suewhitlam"
  }
}