{
  "http_code": 200,
  "user": {
    "country": "Vietnam",
    "images": {
      "115": "https://a3.behance.net/img/profile/no-image-115.jpg?cb=2050110936",
      "138": "https://a3.behance.net/img/profile/no-image-138.jpg?cb=2050110936",
      "50": "https://a3.behance.net/img/profile/no-image-50.jpg?cb=2050110936"
    },
    "website": "",
    "occupation": "",
    "city": "",
    "social_links": [],
    "last_name": "Thien",
    "display_name": "Bich Thien",
    "url": "https://www.behance.net/bichthiend881d",
    "sections": [],
    "twitter": "",
    "created_on": 1427169920,
    "has_default_image": 1,
    "stats": {
      "followers": 0,
      "comments": 0,
      "appreciations": 0,
      "following": 0,
      "team_members": 0,
      "views": 0
    },
    "location": "Vietnam",
    "company": "",
    "links": [],
    "id": 12500115,
    "state": "",
    "fields": [],
    "first_name": "Bich",
    "username": "bichthiend881d"
  }
}