{
  "http_code": 200,
  "user": {
    "country": "Turkey",
    "images": {
      "100": "https://mir-s3-cdn-cf.behance.net/user/100/b83756101557.5656c32fd8e9c.jpg",
      "276": "https://mir-s3-cdn-cf.behance.net/user/276/b83756101557.5656c32fd8e9c.jpg",
      "115": "https://mir-s3-cdn-cf.behance.net/user/115/b83756101557.5656c32fd8e9c.jpg",
      "138": "https://mir-s3-cdn-cf.behance.net/user/138/b83756101557.5656c32fd8e9c.jpg",
      "50": "https://mir-s3-cdn-cf.behance.net/user/50/b83756101557.5656c32fd8e9c.jpg",
      "230": "https://mir-s3-cdn-cf.behance.net/user/230/b83756101557.5656c32fd8e9c.jpg"
    },
    "website": "www.behance.net/mutlakbegeni",
    "occupation": "Graphic Designer",
    "city": "Ankara",
    "social_links": [
      {
        "social_id": 4,
        "service_name": "LinkedIn",
        "value": "in/murat-bozkurt-56626438",
        "url": "http://linkedin.com/in/murat-bozkurt-56626438"
      },
      {
        "social_id": 1,
        "service_name": "Twitter",
        "value": "murat_bzkrt7",
        "url": "http://twitter.com/murat_bzkrt7"
      },
      {
        "social_id": 2,
        "service_name": "Facebook",
        "value": "mutlakbegeni",
        "url": "http://facebook.com/mutlakbegeni"
      },
      {
        "social_id": 12,
        "service_name": "Instagram",
        "value": "murat_bzkrt",
        "url": "http://instagram.com/murat_bzkrt"
      }
    ],
    "last_name": "BOZKURT",
    "display_name": "Murat BOZKURT",
    "url": "https://www.behance.net/mutlakbegeni",
    "sections": {"Hakkımda": "murboz@gmail.com"},
    "twitter": "@murat_bzkrt7",
    "created_on": 1240200305,
    "has_default_image": 0,
    "stats": {
      "followers": 7,
      "comments": 9,
      "appreciations": 4,
      "following": 90,
      "team_members": 0,
      "views": 34
    },
    "location": "Ankara, Turkey",
    "company": "Freelance",
    "links": [],
    "id": 101557,
    "state": "",
    "fields": [
      "Graphic Design",
      "Art Direction",
      "Print Design"
    ],
    "first_name": "Murat",
    "username": "mutlakbegeni"
  }
}