{
  "http_code": 200,
  "user": {
    "country": "United States",
    "images": {
      "115": "https://mir-s3-cdn-cf.behance.net/user/115/101614.53ab5adfdf663.jpg",
      "138": "https://mir-s3-cdn-cf.behance.net/user/138/101614.53ab5adfdf663.jpg",
      "50": "https://mir-s3-cdn-cf.behance.net/user/50/101614.53ab5adfdf663.jpg"
    },
    "website": "http://www.emilygilbertphotography.com",
    "occupation": "",
    "city": "Brooklyn",
    "social_links": [],
    "last_name": "gilbert",
    "display_name": "emily gilbert",
    "url": "https://www.behance.net/emilygilbert",
    "sections": [],
    "twitter": "",
    "created_on": 1240245894,
    "has_default_image": 0,
    "stats": {
      "followers": 1,
      "comments": 0,
      "appreciations": 0,
      "following": 0,
      "team_members": 0,
      "views": 0
    },
    "location": "Brooklyn, NY, USA",
    "company": "emily gilbert photography",
    "links": [{
      "title": "www.emilygilbertphotography.com",
      "url": "http://www.emilygilbertphototgraphy.com"
    }],
    "id": 101614,
    "state": "New York",
    "fields": [],
    "first_name": "emily",
    "username": "emilygilbert"
  }
}