{
  "http_code": 200,
  "user": {
    "country": "India",
    "images": {
      "100": "https://mir-s3-cdn-cf.behance.net/user/100/d4920512100113.54f9c8af7b3a1.jpg",
      "276": "https://mir-s3-cdn-cf.behance.net/user/276/d4920512100113.54f9c8af7b3a1.jpg",
      "115": "https://mir-s3-cdn-cf.behance.net/user/115/d4920512100113.54f9c8af7b3a1.jpg",
      "138": "https://mir-s3-cdn-cf.behance.net/user/138/d4920512100113.54f9c8af7b3a1.jpg",
      "50": "https://mir-s3-cdn-cf.behance.net/user/50/d4920512100113.54f9c8af7b3a1.jpg",
      "230": "https://mir-s3-cdn-cf.behance.net/user/230/d4920512100113.54f9c8af7b3a1.jpg"
    },
    "website": "",
    "occupation": "",
    "city": "Thiruvananthapuram",
    "social_links": [],
    "last_name": "Rajeev",
    "display_name": "Rahul Rajeev",
    "url": "https://www.behance.net/r4hulr4jeea42b",
    "sections": [],
    "twitter": "",
    "created_on": 1425655933,
    "has_default_image": 0,
    "stats": {
      "followers": 0,
      "comments": 0,
      "appreciations": 0,
      "following": 0,
      "team_members": 0,
      "views": 0
    },
    "location": "Thiruvananthapuram, India",
    "company": "",
    "links": [],
    "id": 12100113,
    "state": "",
    "fields": [],
    "first_name": "Rahul",
    "username": "r4hulr4jeea42b"
  }
}