{
  "http_code": 200,
  "user": {
    "country": "Germany",
    "images": {
      "115": "https://mir-s3-cdn-cf.behance.net/user/115/101612.53ab5ade2ae15.jpg",
      "138": "https://mir-s3-cdn-cf.behance.net/user/138/101612.53ab5ade2ae15.jpg",
      "50": "https://mir-s3-cdn-cf.behance.net/user/50/101612.53ab5ade2ae15.jpg"
    },
    "website": "http://www.dubsonia.com",
    "occupation": "",
    "city": "Berlin",
    "social_links": [],
    "last_name": "O'Sullivan",
    "display_name": "Donnie O'Sullivan",
    "url": "https://www.behance.net/DonnieOSullivan",
    "sections": {
      "Awards": "2009 Cut & Paste Berlin / Motion Design 2nd Place",
      "Cleints": "MTV Germany\nComedy Central\nHave A Break Records\nNICK Germany\nMAGIX\nRosi's Berlin"
    },
    "twitter": "",
    "created_on": 1240243614,
    "has_default_image": 0,
    "stats": {
      "followers": 33,
      "comments": 31,
      "appreciations": 102,
      "following": 25,
      "team_members": 0,
      "views": 1585
    },
    "location": "Berlin, Germany",
    "company": "Dubsonia",
    "links": [],
    "id": 101612,
    "state": "",
    "fields": [
      "Graphic Design",
      "Motion Graphics",
      "Illustration"
    ],
    "first_name": "Donnie",
    "username": "DonnieOSullivan"
  }
}