{
  "http_code": 200,
  "user": {
    "country": "Azerbaijan",
    "images": {
      "115": "https://mir-s3-cdn-cf.behance.net/user/115/101502.53ab5a338c760.jpg",
      "138": "https://mir-s3-cdn-cf.behance.net/user/138/101502.53ab5a338c760.jpg",
      "50": "https://mir-s3-cdn-cf.behance.net/user/50/101502.53ab5a338c760.jpg"
    },
    "website": "http://",
    "occupation": "",
    "city": "Baku",
    "social_links": [],
    "last_name": "HACIOGLU",
    "display_name": "REMZI OZER HACIOGLU",
    "url": "https://www.behance.net/RemziOzerHacioglu",
    "sections": [],
    "twitter": "",
    "created_on": 1240162291,
    "has_default_image": 0,
    "stats": {
      "followers": 8,
      "comments": 0,
      "appreciations": 0,
      "following": 0,
      "team_members": 0,
      "views": 112
    },
    "location": "Baku, Azerbaijan",
    "company": "",
    "links": [],
    "id": 101502,
    "state": "",
    "fields": ["Design"],
    "first_name": "REMZI OZER",
    "username": "RemziOzerHacioglu"
  }
}