{
  "http_code": 200,
  "user": {
    "country": "United States",
    "images": {
      "115": "https://a3.behance.net/img/profile/no-image-115.jpg?cb=2050110936",
      "138": "https://a3.behance.net/img/profile/no-image-138.jpg?cb=2050110936",
      "50": "https://a3.behance.net/img/profile/no-image-50.jpg?cb=2050110936"
    },
    "website": "",
    "occupation": "",
    "city": "Deer Park",
    "social_links": [],
    "last_name": "shands",
    "display_name": "cassandra shands",
    "url": "https://www.behance.net/Cassandra-Shands",
    "sections": [],
    "twitter": "",
    "created_on": 1425656065,
    "has_default_image": 1,
    "stats": {
      "followers": 0,
      "comments": 0,
      "appreciations": 0,
      "following": 8,
      "team_members": 0,
      "views": 0
    },
    "location": "Deer Park, NY, USA",
    "company": "",
    "links": [],
    "id": 12100145,
    "state": "New York",
    "fields": [],
    "first_name": "cassandra",
    "username": "Cassandra-Shands"
  }
}