{
  "http_code": 200,
  "user": {
    "country": "Turkey",
    "images": {
      "115": "https://mir-s3-cdn-cf.behance.net/user/115/101596.53ab5ad3f2bf3.jpg",
      "138": "https://mir-s3-cdn-cf.behance.net/user/138/101596.53ab5ad3f2bf3.jpg",
      "50": "https://mir-s3-cdn-cf.behance.net/user/50/101596.53ab5ad3f2bf3.jpg"
    },
    "website": "http://",
    "occupation": "",
    "city": "Istanbul",
    "social_links": [],
    "last_name": "Sensoy",
    "display_name": "Yüksel Sensoy",
    "url": "https://www.behance.net/yuxell",
    "sections": [],
    "twitter": "",
    "created_on": 1240237948,
    "has_default_image": 0,
    "stats": {
      "followers": 4,
      "comments": 0,
      "appreciations": 0,
      "following": 2,
      "team_members": 0,
      "views": 0
    },
    "location": "Istanbul, Turkey",
    "company": "",
    "links": [],
    "id": 101596,
    "state": "",
    "fields": [],
    "first_name": "Yüksel",
    "username": "yuxell"
  }
}