{
  "http_code": 200,
  "user": {
    "country": "United States",
    "images": {
      "115": "https://mir-s3-cdn-cf.behance.net/user/115/1200193.53b378b6992ab.jpg",
      "138": "https://mir-s3-cdn-cf.behance.net/user/138/1200193.53b378b6992ab.jpg",
      "50": "https://mir-s3-cdn-cf.behance.net/user/50/1200193.53b378b6992ab.jpg"
    },
    "website": "www.bcgemeiner.com",
    "occupation": "photographer",
    "city": "New York",
    "social_links": [
      {
        "social_id": 4,
        "service_name": "LinkedIn",
        "value": "in/brenda-gemeiner-34134716",
        "url": "http://linkedin.com/in/brenda-gemeiner-34134716"
      },
      {
        "social_id": 12,
        "service_name": "Instagram",
        "value": "photobcg",
        "url": "http://instagram.com/photobcg"
      }
    ],
    "last_name": "Gemeiner",
    "display_name": "Brenda Gemeiner",
    "url": "https://www.behance.net/photoBCGraph",
    "sections": [],
    "twitter": "",
    "created_on": 1338209376,
    "has_default_image": 0,
    "stats": {
      "followers": 4,
      "comments": 0,
      "appreciations": 13,
      "following": 1,
      "team_members": 0,
      "views": 322
    },
    "location": "New York, NY, USA",
    "company": "BCG Photography",
    "links": [],
    "id": 1200193,
    "state": "New York",
    "fields": [
      "Photography",
      "Digital Photography",
      "Retouching"
    ],
    "first_name": "Brenda",
    "username": "photoBCGraph"
  }
}