{
  "http_code": 200,
  "user": {
    "country": "Hungary",
    "images": {
      "115": "https://mir-s3-cdn-cf.behance.net/user/115/101638.53ab5af20e382.jpg",
      "138": "https://mir-s3-cdn-cf.behance.net/user/138/101638.53ab5af20e382.jpg",
      "50": "https://mir-s3-cdn-cf.behance.net/user/50/101638.53ab5af20e382.jpg"
    },
    "website": "www.dribbble.com/xadusx",
    "occupation": "Designer",
    "city": "Budapest",
    "social_links": [
      {
        "social_id": 1,
        "service_name": "Twitter",
        "value": "xadusx",
        "url": "http://twitter.com/xadusx"
      },
      {
        "social_id": 3,
        "service_name": "Dribbble",
        "value": "xadusx",
        "url": "http://dribbble.com/xadusx"
      },
      {
        "social_id": 10,
        "service_name": "Google+",
        "value": "u/0/109583333049810820260/posts",
        "url": "http://plus.google.com/u/0/109583333049810820260/posts"
      },
      {
        "social_id": 8,
        "service_name": "Pinterest",
        "value": "xadusx",
        "url": "http://pinterest.com/xadusx"
      },
      {
        "social_id": 7,
        "service_name": "YouTube",
        "value": "xadusx",
        "url": "http://youtube.com/xadusx"
      },
      {
        "social_id": 4,
        "service_name": "LinkedIn",
        "value": "profile/view?id=139251802&trk=tab_pro",
        "url": "http://linkedin.com/profile/view?id=139251802&trk=tab_pro"
      }
    ],
    "last_name": "Safar",
    "display_name": "Adam Safar",
    "url": "https://www.behance.net/xadusx",
    "sections": {
      "About me": "Designer for a US startup \u2022 Coffee Addict \u2022 Tv Series Fanatic \u2022 Manchester United Fan! Meticulous attention to detail in everything. Quality over Quantity!",
      "My Blog": "I don't blog, but I tweet about design, technology, startup."
    },
    "twitter": "@xadusx",
    "created_on": 1240260529,
    "has_default_image": 0,
    "stats": {
      "followers": 69,
      "comments": 119,
      "appreciations": 66,
      "following": 231,
      "team_members": 0,
      "views": 1882
    },
    "location": "Budapest, Hungary",
    "company": "",
    "links": [],
    "id": 101638,
    "state": "",
    "fields": [
      "UI/UX",
      "Web Design",
      "Graphic Design"
    ],
    "first_name": "Adam",
    "username": "xadusx"
  }
}