{
  "http_code": 200,
  "user": {
    "country": "Ireland",
    "images": {
      "100": "https://mir-s3-cdn-cf.behance.net/user/100/1200073.53b3789b46c5f.jpg",
      "276": "https://mir-s3-cdn-cf.behance.net/user/276/1200073.53b3789b46c5f.jpg",
      "115": "https://mir-s3-cdn-cf.behance.net/user/115/1200073.53b3789b46c5f.jpg",
      "138": "https://mir-s3-cdn-cf.behance.net/user/138/1200073.53b3789b46c5f.jpg",
      "50": "https://mir-s3-cdn-cf.behance.net/user/50/1200073.53b3789b46c5f.jpg",
      "230": "https://mir-s3-cdn-cf.behance.net/user/230/1200073.53b3789b46c5f.jpg"
    },
    "website": "",
    "occupation": "Design (Visual Communications) Student",
    "city": "Wicklow",
    "social_links": [
      {
        "social_id": 5,
        "service_name": "Vimeo",
        "value": "user22280634",
        "url": "http://vimeo.com/user22280634"
      },
      {
        "social_id": 1,
        "service_name": "Twitter",
        "value": "Michelle_Byrne_",
        "url": "http://twitter.com/Michelle_Byrne_"
      }
    ],
    "last_name": "Byrne",
    "display_name": "Michelle Byrne",
    "url": "https://www.behance.net/michellebyrne",
    "sections": {
      "Achievements": "- Finalist of CALMAST logo and corporate identity competition 2013\n- Finalist of WIT Graduate Show poster design 2013\n- Exhibited in the Greyfriars Gallery, Waterford during Waterford Writers' Weekend April 2013\n- Work chosen for Principals office in St. Kevin's Community College 2009\n- Winner of the Bank of Ireland Student Award for Art in 2007",
      "About": "Recent Design (Visual Communications) graduate. \nWork displayed is second year work. More to add."
    },
    "twitter": "@Michelle_Byrne_",
    "created_on": 1338205415,
    "has_default_image": 0,
    "stats": {
      "followers": 91,
      "comments": 29,
      "appreciations": 29,
      "following": 487,
      "team_members": 0,
      "views": 954
    },
    "location": "Wicklow, Ireland",
    "company": "Waterford Institute of Technology",
    "links": [],
    "id": 1200073,
    "state": "",
    "fields": [
      "Graphic Design",
      "Typography",
      "Print Design"
    ],
    "first_name": "Michelle",
    "username": "michellebyrne"
  }
}