{
  "http_code": 200,
  "user": {
    "country": "Turkey",
    "images": {
      "115": "https://a3.behance.net/img/profile/no-image-115.jpg?cb=1673063716",
      "138": "https://a3.behance.net/img/profile/no-image-138.jpg?cb=1673063716",
      "50": "https://a3.behance.net/img/profile/no-image-50.jpg?cb=1673063716"
    },
    "website": "www.vildanozturk.com",
    "occupation": "Art Director",
    "city": "Istanbul",
    "social_links": [],
    "last_name": "Ozturk",
    "display_name": "Vildan Ozturk",
    "url": "https://www.behance.net/vildan",
    "sections": [],
    "twitter": "",
    "created_on": 1338209580,
    "has_default_image": 1,
    "stats": {
      "followers": 10,
      "comments": 0,
      "appreciations": 0,
      "following": 0,
      "team_members": 0,
      "views": 0
    },
    "location": "Istanbul, Turkey",
    "company": "",
    "links": [],
    "id": 1200201,
    "state": "",
    "fields": [],
    "first_name": "Vildan",
    "username": "vildan"
  }
}