{
  "http_code": 200,
  "user": {
    "country": "United States",
    "images": {
      "115": "https://mir-s3-cdn-cf.behance.net/user/115/101628.53ab5aebc321f.jpg",
      "138": "https://mir-s3-cdn-cf.behance.net/user/138/101628.53ab5aebc321f.jpg",
      "50": "https://mir-s3-cdn-cf.behance.net/user/50/101628.53ab5aebc321f.jpg"
    },
    "website": "http://",
    "occupation": "",
    "city": "Memphis",
    "social_links": [],
    "last_name": "Snider",
    "display_name": "Megan Snider",
    "url": "https://www.behance.net/MeganSnider",
    "sections": [],
    "twitter": "",
    "created_on": 1240255050,
    "has_default_image": 0,
    "stats": {
      "followers": 112,
      "comments": 146,
      "appreciations": 281,
      "following": 74,
      "team_members": 0,
      "views": 7778
    },
    "location": "Memphis, TN, USA",
    "company": "",
    "links": [],
    "id": 101628,
    "state": "Tennessee",
    "fields": [
      "Photography",
      "Photo Manipulation",
      "Illustration"
    ],
    "first_name": "Megan",
    "username": "MeganSnider"
  }
}