{
  "http_code": 200,
  "user": {
    "country": "United Arab Emirates",
    "images": {
      "115": "https://a3.behance.net/img/profile/no-image-115.jpg?cb=1673063716",
      "138": "https://a3.behance.net/img/profile/no-image-138.jpg?cb=1673063716",
      "50": "https://a3.behance.net/img/profile/no-image-50.jpg?cb=1673063716"
    },
    "website": "",
    "occupation": "Civil Engineer",
    "city": "Abu Dhabi",
    "social_links": [],
    "last_name": "Khaled",
    "display_name": "Hasan Khaled",
    "url": "https://www.behance.net/Hasan60",
    "sections": [],
    "twitter": "",
    "created_on": 1338205137,
    "has_default_image": 1,
    "stats": {
      "followers": 2,
      "comments": 0,
      "appreciations": 0,
      "following": 1,
      "team_members": 0,
      "views": 0
    },
    "location": "Abu Dhabi, United Arab Emirates",
    "company": "",
    "links": [],
    "id": 1200053,
    "state": "",
    "fields": [],
    "first_name": "Hasan",
    "username": "Hasan60"
  }
}