{
  "http_code": 200,
  "user": {
    "country": "Sweden",
    "images": {
      "100": "https://mir-s3-cdn-cf.behance.net/user/100/1200215.53b378bce19ea.jpg",
      "276": "https://mir-s3-cdn-cf.behance.net/user/276/1200215.53b378bce19ea.jpg",
      "115": "https://mir-s3-cdn-cf.behance.net/user/115/1200215.53b378bce19ea.jpg",
      "138": "https://mir-s3-cdn-cf.behance.net/user/138/1200215.53b378bce19ea.jpg",
      "50": "https://mir-s3-cdn-cf.behance.net/user/50/1200215.53b378bce19ea.jpg",
      "230": "https://mir-s3-cdn-cf.behance.net/user/230/1200215.53b378bce19ea.jpg"
    },
    "website": "joanaoberg.com",
    "occupation": "Student",
    "city": "Stockholm",
    "social_links": [],
    "last_name": "Öberg",
    "display_name": "Joana Öberg",
    "url": "https://www.behance.net/joanadarc",
    "sections": [],
    "twitter": "",
    "created_on": 1338210049,
    "has_default_image": 0,
    "stats": {
      "followers": 9,
      "comments": 2,
      "appreciations": 2,
      "following": 186,
      "team_members": 0,
      "views": 14
    },
    "location": "Stockholm, Sweden",
    "company": "Hyper island",
    "links": [],
    "id": 1200215,
    "state": "",
    "fields": [
      "Illustration",
      "Character Design",
      "Drawing"
    ],
    "first_name": "Joana",
    "username": "joanadarc"
  }
}