{
  "http_code": 200,
  "user": {
    "country": "China",
    "images": {
      "115": "https://a3.behance.net/img/profile/no-image-115.jpg?cb=1673063716",
      "138": "https://a3.behance.net/img/profile/no-image-138.jpg?cb=1673063716",
      "50": "https://a3.behance.net/img/profile/no-image-50.jpg?cb=1673063716"
    },
    "website": "",
    "occupation": "Student",
    "city": "Shenzhen",
    "social_links": [],
    "last_name": "LIN",
    "display_name": "Jude LIN",
    "url": "https://www.behance.net/simlogic",
    "sections": [],
    "twitter": "",
    "created_on": 1338206275,
    "has_default_image": 1,
    "stats": {
      "followers": 3,
      "comments": 0,
      "appreciations": 0,
      "following": 3,
      "team_members": 0,
      "views": 0
    },
    "location": "Shenzhen, China",
    "company": "",
    "links": [],
    "id": 1200113,
    "state": "",
    "fields": [],
    "first_name": "Jude",
    "username": "simlogic"
  }
}