{
  "http_code": 200,
  "user": {
    "country": "China",
    "images": {
      "115": "https://a3.behance.net/img/profile/no-image-115.jpg?cb=1673063716",
      "138": "https://a3.behance.net/img/profile/no-image-138.jpg?cb=1673063716",
      "50": "https://a3.behance.net/img/profile/no-image-50.jpg?cb=1673063716"
    },
    "website": "http://makousutailang.diandian.com",
    "occupation": "graphic designer",
    "city": "Shenzhen",
    "social_links": [],
    "last_name": "ma",
    "display_name": "xiao ma",
    "url": "https://www.behance.net/makousutailang",
    "sections": [],
    "twitter": "",
    "created_on": 1338210703,
    "has_default_image": 1,
    "stats": {
      "followers": 4,
      "comments": 0,
      "appreciations": 1,
      "following": 0,
      "team_members": 0,
      "views": 262
    },
    "location": "Shenzhen, China",
    "company": "",
    "links": [],
    "id": 1200237,
    "state": "",
    "fields": ["Graphic Design"],
    "first_name": "xiao",
    "username": "makousutailang"
  }
}