{
  "http_code": 200,
  "user": {
    "country": "Poland",
    "images": {
      "115": "https://a3.behance.net/img/profile/no-image-115.jpg?cb=1673063716",
      "138": "https://a3.behance.net/img/profile/no-image-138.jpg?cb=1673063716",
      "50": "https://a3.behance.net/img/profile/no-image-50.jpg?cb=1673063716"
    },
    "website": "",
    "occupation": "",
    "city": "Cracow",
    "social_links": [],
    "last_name": "",
    "display_name": "ola",
    "url": "https://www.behance.net/olapawlikowicz7f7e",
    "sections": [],
    "twitter": "",
    "created_on": 1338211060,
    "has_default_image": 1,
    "stats": {
      "followers": 0,
      "comments": 0,
      "appreciations": 0,
      "following": 10,
      "team_members": 0,
      "views": 0
    },
    "location": "Cracow, Poland",
    "company": "",
    "links": [],
    "id": 1200253,
    "state": "",
    "fields": [],
    "first_name": "ola",
    "username": "olapawlikowicz7f7e"
  }
}