{
  "http_code": 200,
  "user": {
    "country": "United States",
    "images": {
      "115": "https://mir-s3-cdn-cf.behance.net/user/115/1200213.53b378bc17ffb.jpg",
      "138": "https://mir-s3-cdn-cf.behance.net/user/138/1200213.53b378bc17ffb.jpg",
      "50": "https://mir-s3-cdn-cf.behance.net/user/50/1200213.53b378bc17ffb.jpg"
    },
    "website": "",
    "occupation": "Professor",
    "city": "Atlanta",
    "social_links": [],
    "last_name": "Spencer",
    "display_name": "David Spencer",
    "url": "https://www.behance.net/davidspencer",
    "sections": [],
    "twitter": "",
    "created_on": 1338209847,
    "has_default_image": 0,
    "stats": {
      "followers": 2,
      "comments": 0,
      "appreciations": 0,
      "following": 0,
      "team_members": 0,
      "views": 0
    },
    "location": "Atlanta, GA, USA",
    "company": "SCAD Atlanta",
    "links": [],
    "id": 1200213,
    "state": "Georgia",
    "fields": [],
    "first_name": "David",
    "username": "davidspencer"
  }
}