{
  "http_code": 200,
  "user": {
    "country": "United States",
    "images": {
      "115": "https://a3.behance.net/img/profile/no-image-115.jpg?cb=1673063716",
      "138": "https://a3.behance.net/img/profile/no-image-138.jpg?cb=1673063716",
      "50": "https://a3.behance.net/img/profile/no-image-50.jpg?cb=1673063716"
    },
    "website": "",
    "occupation": "",
    "city": "Framingham",
    "social_links": [],
    "last_name": "Yerdon",
    "display_name": "Jake Yerdon",
    "url": "https://www.behance.net/jyerdon",
    "sections": [],
    "twitter": "",
    "created_on": 1338212454,
    "has_default_image": 1,
    "stats": {
      "followers": 1,
      "comments": 0,
      "appreciations": 0,
      "following": 0,
      "team_members": 0,
      "views": 0
    },
    "location": "Framingham, MA, USA",
    "company": "",
    "links": [],
    "id": 1200277,
    "state": "Massachusetts",
    "fields": [],
    "first_name": "Jake",
    "username": "jyerdon"
  }
}