{
  "http_code": 200,
  "user": {
    "country": "Brazil",
    "images": {
      "115": "https://mir-s3-cdn-cf.behance.net/user/115/101571.53ab5abe2f1e1.jpg",
      "138": "https://mir-s3-cdn-cf.behance.net/user/138/101571.53ab5abe2f1e1.jpg",
      "50": "https://mir-s3-cdn-cf.behance.net/user/50/101571.53ab5abe2f1e1.jpg"
    },
    "website": "https://vimeo.com/bregantin/",
    "occupation": "Art Director / Motion Designer",
    "city": "São Paulo",
    "social_links": [
      {
        "social_id": 1,
        "service_name": "Twitter",
        "value": "bregantin",
        "url": "http://twitter.com/bregantin"
      },
      {
        "social_id": 2,
        "service_name": "Facebook",
        "value": "jaime.bregantin",
        "url": "http://facebook.com/jaime.bregantin"
      },
      {
        "social_id": 4,
        "service_name": "LinkedIn",
        "value": "in/bregantin",
        "url": "http://linkedin.com/in/bregantin"
      },
      {
        "social_id": 5,
        "service_name": "Vimeo",
        "value": "bregantin",
        "url": "http://vimeo.com/bregantin"
      }
    ],
    "last_name": "Bregantin",
    "display_name": "Jaime Bregantin",
    "url": "https://www.behance.net/bregantin",
    "sections": [],
    "twitter": "@bregantin",
    "created_on": 1240226865,
    "has_default_image": 0,
    "stats": {
      "followers": 744,
      "comments": 108,
      "appreciations": 878,
      "following": 1617,
      "team_members": 0,
      "views": 15299
    },
    "location": "São Paulo, Brazil",
    "company": "",
    "links": [],
    "id": 101571,
    "state": "",
    "fields": [
      "Art Direction",
      "Illustration",
      "Web Design"
    ],
    "first_name": "Jaime",
    "username": "bregantin"
  }
}