{
  "http_code": 200,
  "user": {
    "country": "France",
    "images": {
      "115": "https://mir-s3-cdn-cf.behance.net/user/115/1200245.53b378c482304.jpg",
      "138": "https://mir-s3-cdn-cf.behance.net/user/138/1200245.53b378c482304.jpg",
      "50": "https://mir-s3-cdn-cf.behance.net/user/50/1200245.53b378c482304.jpg"
    },
    "website": "www.missplushplush.com",
    "occupation": "Doll artiste, Illustrator",
    "city": "Menton",
    "social_links": [
      {
        "social_id": 2,
        "service_name": "Facebook",
        "value": "MPPdolls",
        "url": "http://facebook.com/MPPdolls"
      },
      {
        "social_id": 1,
        "service_name": "Twitter",
        "value": "missplushplush",
        "url": "http://twitter.com/missplushplush"
      },
      {
        "social_id": 8,
        "service_name": "Pinterest",
        "value": "missplushplush",
        "url": "http://pinterest.com/missplushplush"
      }
    ],
    "last_name": "Grau",
    "display_name": "Emilie Grau",
    "url": "https://www.behance.net/missplushplush",
    "sections": {
      "IMPORTANT": "IF YOU WANT TO CONTACT ME DON'T USE BEHANCE MAIL, I DON'T READ IT (TOO MUCH SPAM) MY EMAIL: missplushplush@gmail.com",
      "ABOUT": "I am a  French doll artist and illustrator, based in Menton, on the French Riviera."
    },
    "features": [{
      "site": {
        "app_icon": "",
        "domain": "toydesignserved.com",
        "name": "Toy Design Served",
        "icon": "https://a3.behance.net/img/galleries/composed/toydesign.png",
        "ribbon": {
          "image": "https://a3.behance.net/img/galleries/ribbons/1x/toydesign.png",
          "image_2x": "https://a3.behance.net/img/galleries/ribbons/2x/toydesign@2x.png"
        },
        "id": 26,
        "key": "toydesign",
        "url": "http://toydesignserved.com"
      },
      "projects": [
        {
          "id": 4076637,
          "featured_on": 1340406003
        },
        {
          "id": 4185595,
          "featured_on": 1348700402
        },
        {
          "id": 4185659,
          "featured_on": 1347534002
        },
        {
          "id": 4185719,
          "featured_on": 1344715203
        },
        {
          "id": 4185767,
          "featured_on": 1345816805
        }
      ]
    }],
    "twitter": "@missplushplush",
    "created_on": 1338210929,
    "has_default_image": 0,
    "stats": {
      "followers": 21,
      "comments": 1,
      "appreciations": 42,
      "following": 5,
      "team_members": 0,
      "views": 1868
    },
    "location": "Menton, France",
    "company": "Miss Plush Plush",
    "links": [
      {
        "title": "Missplushplush",
        "url": "http://www.missplushplush.com"
      },
      {
        "title": "E-shop",
        "url": "http://www.dawanda.com/missplushplush"
      },
      {
        "title": "Blog",
        "url": "http://www.missplushplush.blogspot.com"
      },
      {
        "title": "Flickr",
        "url": "http://www.flickr.com/photos/29928693@N03/"
      }
    ],
    "id": 1200245,
    "state": "",
    "fields": [
      "Character Design",
      "Toy Design",
      "Pattern Design"
    ],
    "first_name": "Emilie",
    "username": "missplushplush"
  }
}