{
  "http_code": 200,
  "user": {
    "country": "United Arab Emirates",
    "images": {
      "115": "https://a3.behance.net/img/profile/no-image-115.jpg?cb=1673063716",
      "138": "https://a3.behance.net/img/profile/no-image-138.jpg?cb=1673063716",
      "50": "https://a3.behance.net/img/profile/no-image-50.jpg?cb=1673063716"
    },
    "website": "www.corporate-games.net",
    "occupation": "",
    "city": "Dubai",
    "social_links": [],
    "last_name": "Marcout",
    "display_name": "Fanny Marcout",
    "url": "https://www.behance.net/fmarcout64fd",
    "sections": [],
    "twitter": "",
    "created_on": 1338209174,
    "has_default_image": 1,
    "stats": {
      "followers": 1,
      "comments": 0,
      "appreciations": 0,
      "following": 1,
      "team_members": 0,
      "views": 0
    },
    "location": "Dubai, United Arab Emirates",
    "company": "Corporate Games",
    "links": [],
    "id": 1200183,
    "state": "",
    "fields": [],
    "first_name": "Fanny",
    "username": "fmarcout64fd"
  }
}