{
  "http_code": 200,
  "user": {
    "country": "",
    "images": {
      "115": "https://mir-s3-cdn-cf.behance.net/user/115/101601.53ab5ad8badf1.jpg",
      "138": "https://mir-s3-cdn-cf.behance.net/user/138/101601.53ab5ad8badf1.jpg",
      "50": "https://mir-s3-cdn-cf.behance.net/user/50/101601.53ab5ad8badf1.jpg"
    },
    "website": "",
    "occupation": "",
    "city": "",
    "social_links": [],
    "last_name": "",
    "display_name": "Cruz",
    "url": "https://www.behance.net/Cruzita",
    "sections": [],
    "twitter": "",
    "created_on": 1240238466,
    "has_default_image": 0,
    "stats": {
      "followers": 1,
      "comments": 0,
      "appreciations": 0,
      "following": 0,
      "team_members": 0,
      "views": 0
    },
    "location": "",
    "company": "",
    "links": [],
    "id": 101601,
    "state": "",
    "fields": [],
    "first_name": "Cruz",
    "username": "Cruzita"
  }
}