{
  "http_code": 200,
  "user": {
    "country": "Romania",
    "images": {
      "115": "https://mir-s3-cdn-cf.behance.net/user/115/1200039.53b3784fb9f85.png",
      "138": "https://mir-s3-cdn-cf.behance.net/user/138/1200039.53b3784fb9f85.png",
      "50": "https://mir-s3-cdn-cf.behance.net/user/50/1200039.53b3784fb9f85.png"
    },
    "website": "http://lucraridigitale.wordpress.com/",
    "occupation": "Artist",
    "city": "Bucharest",
    "social_links": [],
    "last_name": "Chifor",
    "display_name": "Vlad Chifor",
    "url": "https://www.behance.net/vladchifor",
    "sections": [],
    "twitter": "",
    "created_on": 1338204392,
    "has_default_image": 0,
    "stats": {
      "followers": 1,
      "comments": 0,
      "appreciations": 1,
      "following": 54,
      "team_members": 0,
      "views": 64
    },
    "location": "Bucharest, Romania",
    "company": "",
    "links": [{
      "title": "Digital art",
      "url": "http://lucraridigitale.wordpress.com/"
    }],
    "id": 1200039,
    "state": "",
    "fields": ["Digital Art"],
    "first_name": "Vlad",
    "username": "vladchifor"
  }
}