{
  "http_code": 200,
  "user": {
    "country": "Brazil",
    "images": {
      "115": "https://a3.behance.net/img/profile/no-image-115.jpg?cb=939944132",
      "138": "https://a3.behance.net/img/profile/no-image-138.jpg?cb=939944132",
      "50": "https://a3.behance.net/img/profile/no-image-50.jpg?cb=939944132"
    },
    "website": "http://",
    "occupation": "",
    "city": "Porto Alegre",
    "social_links": [],
    "last_name": "Denisieski",
    "display_name": "Carlos Denisieski",
    "url": "https://www.behance.net/carlosdenisieski",
    "sections": [],
    "twitter": "",
    "created_on": 1240258304,
    "has_default_image": 1,
    "stats": {
      "followers": 4,
      "comments": 0,
      "appreciations": 0,
      "following": 0,
      "team_members": 0,
      "views": 22
    },
    "location": "Porto Alegre, Brazil",
    "company": "",
    "links": [],
    "id": 101634,
    "state": "",
    "fields": ["Photography"],
    "first_name": "Carlos",
    "username": "carlosdenisieski"
  }
}