{
  "http_code": 200,
  "user": {
    "country": "Romania",
    "images": {
      "115": "https://mir-s3-cdn-cf.behance.net/user/115/101622.53ab5ae6ac28c.jpg",
      "138": "https://mir-s3-cdn-cf.behance.net/user/138/101622.53ab5ae6ac28c.jpg",
      "50": "https://mir-s3-cdn-cf.behance.net/user/50/101622.53ab5ae6ac28c.jpg"
    },
    "website": "www.verycreative.eu",
    "occupation": "",
    "city": "Bacau",
    "social_links": [],
    "last_name": "cobzaru",
    "display_name": "catalin cobzaru",
    "url": "https://www.behance.net/CatalinCobzaru",
    "sections": [],
    "twitter": "",
    "created_on": 1240251671,
    "has_default_image": 0,
    "stats": {
      "followers": 3,
      "comments": 0,
      "appreciations": 0,
      "following": 0,
      "team_members": 0,
      "views": 0
    },
    "location": "Bacau, Romania",
    "company": "Very Creative",
    "links": [],
    "id": 101622,
    "state": "",
    "fields": [],
    "first_name": "catalin",
    "username": "CatalinCobzaru"
  }
}