{
  "http_code": 200,
  "user": {
    "country": "Canada",
    "images": {
      "100": "https://mir-s3-cdn-cf.behance.net/user/100/1e276912100187.54f9c96568624.jpg",
      "276": "https://mir-s3-cdn-cf.behance.net/user/276/1e276912100187.54f9c96568624.jpg",
      "115": "https://mir-s3-cdn-cf.behance.net/user/115/1e276912100187.54f9c96568624.jpg",
      "138": "https://mir-s3-cdn-cf.behance.net/user/138/1e276912100187.54f9c96568624.jpg",
      "50": "https://mir-s3-cdn-cf.behance.net/user/50/1e276912100187.54f9c96568624.jpg",
      "230": "https://mir-s3-cdn-cf.behance.net/user/230/1e276912100187.54f9c96568624.jpg"
    },
    "website": "",
    "occupation": "",
    "city": "",
    "social_links": [],
    "last_name": "Cosgrove",
    "display_name": "Sebastian Cosgrove",
    "url": "https://www.behance.net/sebastiancf2e6",
    "sections": [],
    "twitter": "",
    "created_on": 1425656164,
    "has_default_image": 0,
    "stats": {
      "followers": 0,
      "comments": 0,
      "appreciations": 0,
      "following": 0,
      "team_members": 0,
      "views": 0
    },
    "location": "Canada",
    "company": "Air Canada",
    "links": [],
    "id": 12100187,
    "state": "",
    "fields": [],
    "first_name": "Sebastian",
    "username": "sebastiancf2e6"
  }
}