{
  "http_code": 200,
  "user": {
    "country": "China",
    "images": {
      "115": "https://a3.behance.net/img/profile/no-image-115.jpg?cb=2050110936",
      "138": "https://a3.behance.net/img/profile/no-image-138.jpg?cb=2050110936",
      "50": "https://a3.behance.net/img/profile/no-image-50.jpg?cb=2050110936"
    },
    "website": "",
    "occupation": "",
    "city": "",
    "social_links": [],
    "last_name": "liu",
    "display_name": "qing liu",
    "url": "https://www.behance.net/liuqing712dbbc",
    "sections": [],
    "twitter": "",
    "created_on": 1427169739,
    "has_default_image": 1,
    "stats": {
      "followers": 0,
      "comments": 0,
      "appreciations": 0,
      "following": 7,
      "team_members": 0,
      "views": 0
    },
    "location": "China",
    "company": "",
    "links": [],
    "id": 12500073,
    "state": "",
    "fields": [],
    "first_name": "qing",
    "username": "liuqing712dbbc"
  }
}