{
  "http_code": 200,
  "user": {
    "country": "United Kingdom",
    "images": {
      "115": "https://mir-s3-cdn-cf.behance.net/user/115/1200115.53b378a2b75cb.jpg",
      "138": "https://mir-s3-cdn-cf.behance.net/user/138/1200115.53b378a2b75cb.jpg",
      "50": "https://mir-s3-cdn-cf.behance.net/user/50/1200115.53b378a2b75cb.jpg"
    },
    "website": "http://rickwatkins.carbonmade.com/",
    "occupation": "Deigner",
    "city": "London",
    "social_links": [],
    "last_name": "Watkins",
    "display_name": "Rickardo Watkins",
    "url": "https://www.behance.net/rickardowatkins",
    "sections": [],
    "twitter": "",
    "created_on": 1338206275,
    "has_default_image": 0,
    "stats": {
      "followers": 7,
      "comments": 0,
      "appreciations": 15,
      "following": 0,
      "team_members": 0,
      "views": 903
    },
    "location": "London, United Kingdom",
    "company": "",
    "links": [],
    "id": 1200115,
    "state": "",
    "fields": [
      "Graphic Design",
      "Editorial Design",
      "Print Design"
    ],
    "first_name": "Rickardo",
    "username": "rickardowatkins"
  }
}