{
  "http_code": 200,
  "user": {
    "country": "Portugal",
    "images": {
      "115": "https://mir-s3-cdn-cf.behance.net/user/115/101566.53ab5ab99c8a1.jpg",
      "138": "https://mir-s3-cdn-cf.behance.net/user/138/101566.53ab5ab99c8a1.jpg",
      "50": "https://mir-s3-cdn-cf.behance.net/user/50/101566.53ab5ab99c8a1.jpg"
    },
    "website": "http://www.graficosassociados.com",
    "occupation": "",
    "city": "Porto",
    "social_links": [{
      "social_id": 1,
      "service_name": "Twitter",
      "value": "GRAF2008",
      "url": "http://twitter.com/GRAF2008"
    }],
    "last_name": "",
    "display_name": "Gráficos Associados",
    "url": "https://www.behance.net/GraficosAssociados",
    "sections": [],
    "twitter": "@GRAF2008",
    "created_on": 1240220077,
    "has_default_image": 0,
    "stats": {
      "followers": 88,
      "comments": 0,
      "appreciations": 49,
      "following": 87,
      "team_members": 0,
      "views": 1568
    },
    "location": "Porto, Portugal",
    "company": "Gráficos Associados",
    "links": [
      {
        "title": "Twitter",
        "url": "http://twitter.com/GRAF2008"
      },
      {
        "title": "QBN",
        "url": "http://www.qbn.com/GraficosAssociados"
      },
      {
        "title": "Krop",
        "url": "http://www.krop.com/graficosassociados"
      },
      {
        "title": "Gráficos Associados",
        "url": "http://www.graficosassociados.com"
      }
    ],
    "id": 101566,
    "state": "",
    "fields": [
      "Typography",
      "Illustration",
      "Branding"
    ],
    "first_name": "Gráficos Associados",
    "username": "GraficosAssociados"
  }
}