{
  "http_code": 200,
  "user": {
    "country": "Russian Federation",
    "images": {
      "115": "https://mir-s3-cdn-cf.behance.net/user/115/101506.53ab5a35b31e1.jpg",
      "138": "https://mir-s3-cdn-cf.behance.net/user/138/101506.53ab5a35b31e1.jpg",
      "50": "https://mir-s3-cdn-cf.behance.net/user/50/101506.53ab5a35b31e1.jpg"
    },
    "website": "http://luna700.livejournal.com/",
    "occupation": "",
    "city": "Chelyabinsk",
    "social_links": [],
    "last_name": "",
    "display_name": "Uliana Perezhogina",
    "url": "https://www.behance.net/luna700",
    "sections": [],
    "twitter": "",
    "created_on": 1240163040,
    "has_default_image": 0,
    "stats": {
      "followers": 109,
      "comments": 110,
      "appreciations": 140,
      "following": 101,
      "team_members": 0,
      "views": 2000
    },
    "location": "Chelyabinsk, Russian Federation",
    "company": "freelance",
    "links": [],
    "id": 101506,
    "state": "",
    "fields": [
      "Illustration",
      "Drawing",
      "Magic"
    ],
    "first_name": "Uliana Perezhogina",
    "username": "luna700"
  }
}