{
  "http_code": 200,
  "user": {
    "country": "United States",
    "images": {
      "100": "https://mir-s3-cdn-cf.behance.net/user/100/1688e6101555.55ddebeade079.jpg",
      "276": "https://mir-s3-cdn-cf.behance.net/user/276/1688e6101555.55ddebeade079.jpg",
      "115": "https://mir-s3-cdn-cf.behance.net/user/115/1688e6101555.55ddebeade079.jpg",
      "138": "https://mir-s3-cdn-cf.behance.net/user/138/1688e6101555.55ddebeade079.jpg",
      "50": "https://mir-s3-cdn-cf.behance.net/user/50/1688e6101555.55ddebeade079.jpg",
      "230": "https://mir-s3-cdn-cf.behance.net/user/230/1688e6101555.55ddebeade079.jpg"
    },
    "website": "http://withambition.wordpress.com",
    "occupation": "Brand + Marketing Director, Freelance Designer + Blogger",
    "city": "Tempe",
    "social_links": [
      {
        "social_id": 1,
        "service_name": "Twitter",
        "value": "starpadilla",
        "url": "http://twitter.com/starpadilla"
      },
      {
        "social_id": 2,
        "service_name": "Facebook",
        "value": "starpadilla",
        "url": "http://facebook.com/starpadilla"
      },
      {
        "social_id": 4,
        "service_name": "LinkedIn",
        "value": "in/starpadilla/",
        "url": "http://linkedin.com/in/starpadilla/"
      },
      {
        "social_id": 5,
        "service_name": "Vimeo",
        "value": "starpadilla",
        "url": "http://vimeo.com/starpadilla"
      },
      {
        "social_id": 6,
        "service_name": "Flickr",
        "value": "photos/starpadilla/",
        "url": "http://flickr.com/photos/starpadilla/"
      },
      {
        "social_id": 7,
        "service_name": "YouTube",
        "value": "user/starvpadilla",
        "url": "http://youtube.com/user/starvpadilla"
      },
      {
        "social_id": 8,
        "service_name": "Pinterest",
        "value": "starpadilla",
        "url": "http://pinterest.com/starpadilla"
      },
      {
        "social_id": 9,
        "service_name": "Tumblr",
        "value": "starpadilla",
        "url": "http://starpadilla.tumblr.com"
      },
      {
        "social_id": 10,
        "service_name": "Google+",
        "value": "u/0/105352701896415758081/about",
        "url": "http://plus.google.com/u/0/105352701896415758081/about"
      }
    ],
    "last_name": "Padilla",
    "display_name": "Star Padilla",
    "url": "https://www.behance.net/starpadilla",
    "sections": {"About": "You could say I'm a chatter box with an eye for design. I obtained my Bachelor\u2019s Degree in graphic design before the age of 21 and decided to tackle the social media community at an early age as well. Always the girl in class who had an issue with talking too much; who knew I could make a career out of it.\n\nI develop visual brand standards and message framework that aligns with brand identity. \n\nMusic-fiend, Lover, Dreamer of dreams"},
    "twitter": "@starpadilla",
    "created_on": 1240200246,
    "has_default_image": 0,
    "stats": {
      "followers": 9,
      "comments": 2,
      "appreciations": 6,
      "following": 42,
      "team_members": 0,
      "views": 217
    },
    "location": "Tempe, AZ, USA",
    "company": "azpro",
    "links": [
      {
        "title": "azpro",
        "url": "http://azprogroup.com/"
      },
      {
        "title": "Voice Media Group",
        "url": "http://www.voicemediagroup.com/"
      },
      {
        "title": "G/O Digital Marketing",
        "url": "http://www.godigitalmarketing.com/"
      },
      {
        "title": "Eminent SEO",
        "url": "http://Eminentseo.com"
      },
      {
        "title": "Eminent Social Media",
        "url": "http://EminentSocialMedia.com"
      },
      {
        "title": "Big Yam formerly Martz Agency",
        "url": "http://bigyam.com/"
      },
      {
        "title": "944 Magazine",
        "url": "http://www.genart.com/944/"
      }
    ],
    "id": 101555,
    "state": "Arizona",
    "fields": ["Photography"],
    "first_name": "Star",
    "username": "starpadilla"
  }
}