{
  "http_code": 200,
  "user": {
    "country": "Kenya",
    "images": {
      "100": "https://mir-s3-cdn-cf.behance.net/user/100/1345f012100287.54f9cae0297ee.jpg",
      "276": "https://mir-s3-cdn-cf.behance.net/user/276/1345f012100287.54f9cae0297ee.jpg",
      "115": "https://mir-s3-cdn-cf.behance.net/user/115/1345f012100287.54f9cae0297ee.jpg",
      "138": "https://mir-s3-cdn-cf.behance.net/user/138/1345f012100287.54f9cae0297ee.jpg",
      "50": "https://mir-s3-cdn-cf.behance.net/user/50/1345f012100287.54f9cae0297ee.jpg",
      "230": "https://mir-s3-cdn-cf.behance.net/user/230/1345f012100287.54f9cae0297ee.jpg"
    },
    "website": "www.musasoftlabx.com",
    "occupation": "Lead Designer at Musasoft LABX",
    "city": "Nairobi",
    "social_links": [],
    "last_name": "Mutetwi",
    "display_name": "Musa Mutetwi",
    "url": "https://www.behance.net/musasoftla7246",
    "sections": {"2D & 3D Art & Design Specialist": "Am all about\n- Photoshop\n- Ilustrator\n- After Effects\n- In Design\n- Flash\n- Blender\n- Autodesk 3DS Max\nI love graphic design. Graphics to impress the eye."},
    "twitter": "",
    "created_on": 1425656440,
    "has_default_image": 0,
    "stats": {
      "followers": 1,
      "comments": 0,
      "appreciations": 0,
      "following": 1,
      "team_members": 0,
      "views": 0
    },
    "location": "Nairobi, Kenya",
    "company": "Musasoft LABX",
    "links": [],
    "id": 12100287,
    "state": "",
    "fields": [],
    "first_name": "Musa",
    "username": "musasoftla7246"
  }
}