{
  "http_code": 200,
  "user": {
    "country": "Russian Federation",
    "images": {
      "115": "https://mir-s3-cdn-cf.behance.net/user/115/101593.53ab5ad20d01f.png",
      "138": "https://mir-s3-cdn-cf.behance.net/user/138/101593.53ab5ad20d01f.png",
      "50": "https://mir-s3-cdn-cf.behance.net/user/50/101593.53ab5ad20d01f.png"
    },
    "website": "flexalex.com",
    "occupation": "",
    "city": "Saint Petersburg",
    "social_links": [{
      "social_id": 1,
      "service_name": "Twitter",
      "value": "@alekseyeva",
      "url": "http://twitter.com/@alekseyeva"
    }],
    "last_name": "Alekseyeva",
    "display_name": "Julia Alekseyeva",
    "url": "https://www.behance.net/JuliaAlex",
    "sections": [],
    "twitter": "@@alekseyeva",
    "created_on": 1240237465,
    "has_default_image": 0,
    "stats": {
      "followers": 41,
      "comments": 64,
      "appreciations": 399,
      "following": 51,
      "team_members": 0,
      "views": 5821
    },
    "location": "Saint Petersburg, Russian Federation",
    "company": "",
    "links": [{
      "title": "My Adobe Illustrator tutorials and portfolio",
      "url": "http://juliasdesign.com"
    }],
    "id": 101593,
    "state": "",
    "fields": [
      "Web Development",
      "Web Design",
      "UI/UX"
    ],
    "first_name": "Julia",
    "username": "JuliaAlex"
  }
}