{
  "http_code": 200,
  "user": {
    "country": "",
    "images": {
      "115": "https://a3.behance.net/img/profile/no-image-115.jpg?cb=939944132",
      "138": "https://a3.behance.net/img/profile/no-image-138.jpg?cb=939944132",
      "50": "https://a3.behance.net/img/profile/no-image-50.jpg?cb=939944132"
    },
    "website": "",
    "occupation": "",
    "city": "",
    "social_links": [],
    "last_name": "Wu",
    "display_name": "Jason Wu",
    "url": "https://www.behance.net/JasonWu",
    "sections": [],
    "twitter": "",
    "created_on": 1240165300,
    "has_default_image": 1,
    "stats": {
      "followers": 1,
      "comments": 1,
      "appreciations": 0,
      "following": 7,
      "team_members": 0,
      "views": 0
    },
    "location": "",
    "company": "",
    "links": [],
    "id": 101516,
    "state": "",
    "fields": [],
    "first_name": "Jason",
    "username": "JasonWu"
  }
}