{
  "http_code": 200,
  "user": {
    "country": "Denmark",
    "images": {
      "115": "https://mir-s3-cdn-cf.behance.net/user/115/1200049.53b37851de40a.jpg",
      "138": "https://mir-s3-cdn-cf.behance.net/user/138/1200049.53b37851de40a.jpg",
      "50": "https://mir-s3-cdn-cf.behance.net/user/50/1200049.53b37851de40a.jpg"
    },
    "website": "",
    "occupation": "",
    "city": "Copenhagen",
    "social_links": [],
    "last_name": "Raun",
    "display_name": "Sarah Maria Raun",
    "url": "https://www.behance.net/raun",
    "sections": [],
    "twitter": "",
    "created_on": 1338204904,
    "has_default_image": 0,
    "stats": {
      "followers": 68,
      "comments": 11,
      "appreciations": 125,
      "following": 27,
      "team_members": 0,
      "views": 1119
    },
    "location": "Copenhagen, Denmark",
    "company": "",
    "links": [],
    "id": 1200049,
    "state": "",
    "fields": ["Photography"],
    "first_name": "Sarah Maria",
    "username": "raun"
  }
}