{
  "http_code": 200,
  "user": {
    "country": "Lebanon",
    "images": {
      "115": "https://mir-s3-cdn-cf.behance.net/user/115/1200153.53b378ace38b2.jpg",
      "138": "https://mir-s3-cdn-cf.behance.net/user/138/1200153.53b378ace38b2.jpg",
      "50": "https://mir-s3-cdn-cf.behance.net/user/50/1200153.53b378ace38b2.jpg"
    },
    "website": "http://about.me/layalk",
    "occupation": "Web Developer",
    "city": "Saida",
    "social_links": [],
    "last_name": "Khatib",
    "display_name": "Layal Khatib",
    "url": "https://www.behance.net/layalk",
    "sections": [],
    "twitter": "",
    "created_on": 1338207625,
    "has_default_image": 0,
    "stats": {
      "followers": 3,
      "comments": 0,
      "appreciations": 0,
      "following": 2,
      "team_members": 0,
      "views": 0
    },
    "location": "Saida, Lebanon",
    "company": "",
    "links": [],
    "id": 1200153,
    "state": "",
    "fields": [],
    "first_name": "Layal",
    "username": "layalk"
  }
}