{
  "http_code": 200,
  "user": {
    "country": "Italy",
    "images": {
      "100": "https://mir-s3-cdn-cf.behance.net/user/100/6b3108101586.5547a33d4e3dc.png",
      "276": "https://mir-s3-cdn-cf.behance.net/user/276/6b3108101586.5547a33d4e3dc.png",
      "115": "https://mir-s3-cdn-cf.behance.net/user/115/6b3108101586.5547a33d4e3dc.png",
      "138": "https://mir-s3-cdn-cf.behance.net/user/138/6b3108101586.5547a33d4e3dc.png",
      "50": "https://mir-s3-cdn-cf.behance.net/user/50/6b3108101586.5547a33d4e3dc.png",
      "230": "https://mir-s3-cdn-cf.behance.net/user/230/6b3108101586.5547a33d4e3dc.png"
    },
    "website": "http://www.fsd.it",
    "occupation": "",
    "city": "Piacenza",
    "social_links": [
      {
        "social_id": 1,
        "service_name": "Twitter",
        "value": "fabrizioschiavi",
        "url": "http://twitter.com/fabrizioschiavi"
      },
      {
        "social_id": 2,
        "service_name": "Facebook",
        "value": "fabrizioschiavi",
        "url": "http://facebook.com/fabrizioschiavi"
      },
      {
        "social_id": 4,
        "service_name": "LinkedIn",
        "value": "fabrizioschiavi",
        "url": "http://linkedin.com/fabrizioschiavi"
      },
      {
        "social_id": 6,
        "service_name": "Flickr",
        "value": "fabrizioschiavi",
        "url": "http://flickr.com/fabrizioschiavi"
      },
      {
        "social_id": 8,
        "service_name": "Pinterest",
        "value": "schiavidesign",
        "url": "http://pinterest.com/schiavidesign"
      },
      {
        "social_id": 9,
        "service_name": "Tumblr",
        "value": "fsd",
        "url": "http://fsd.tumblr.com"
      },
      {
        "social_id": 10,
        "service_name": "Google+",
        "value": "fabrizioschiavi",
        "url": "http://plus.google.com/fabrizioschiavi"
      }
    ],
    "last_name": "Schiavi",
    "display_name": "Fabrizio Schiavi",
    "url": "https://www.behance.net/fabrizioschiavi",
    "sections": {
      "Specific fonts": "To design fonts for my needs is the best way to reach the needs of other designers.\n\nSiruca™\ncustom font for architects\nhttp://www.fsd.it/fonts/siruca.htm\n\nSys™\ndesigned for interface\nhttp://www.fsd.it/fonts/sys.htm\n\nPragmata™ » PragmataPro™\nfor coding texts\nhttp://www.fsd.it/fonts/pragmatapro.htm\n\nCP Company™\ncustom font for C.P. Company\nhttp://www.fsd.it/fonts/cp.htm\n\nVirna™\ncustom triline font for MTV\nhttp://www.fsd.it/fonts/virna.htm\n\nNove™\ncustom font for Nike\nhttp://www.fsd.it/fonts/nove.htm\n\nBe™, Bee™\ncustom fonts for Fabbrica d'Armi Beretta\nhttp://www.fsd.it/fonts/beretta.htm",
      "Conceptual design": "An example for all: the branding for YU®, an insurance broker that is not monolithic but adapts itself to customer needs.\nIn the same way, the YU logo is not monolithic:\nin the word YU, the U letter is always typographic but the Y letter is adapting to the context where it\u2019s used generating an infinite number of combinations.\n\nhttp://www.fsd.it/graphics",
      "About": "I\u2019m a multi-disciplinary designer. I do conceptual design and specific fonts for specific uses.\nMy clients include Ferrari, C.P. Company, Mandarina Duck, Philip Morris, Expanded Music, MTV, Nike, Stone Island, Beretta and many others."
    },
    "features": [{
      "site": {
        "app_icon": "",
        "domain": "typographyserved.com",
        "name": "Typography Served",
        "icon": "https://a3.behance.net/img/galleries/composed/typography.png",
        "ribbon": {
          "image": "https://a3.behance.net/img/galleries/ribbons/1x/typography.png",
          "image_2x": "https://a3.behance.net/img/galleries/ribbons/2x/typography@2x.png"
        },
        "id": 3,
        "key": "typography",
        "url": "http://typographyserved.com"
      },
      "projects": [
        {
          "id": 302817,
          "featured_on": 1253850301
        },
        {
          "id": 10775295,
          "featured_on": 1403254801
        }
      ]
    }],
    "twitter": "@fabrizioschiavi",
    "created_on": 1240236259,
    "has_default_image": 0,
    "stats": {
      "followers": 298,
      "comments": 7,
      "appreciations": 881,
      "following": 396,
      "team_members": 0,
      "views": 12170
    },
    "location": "Piacenza, Italy",
    "company": "",
    "links": [{
      "title": "Fabrizio Schiavi Design",
      "url": "http://www.fsd.it"
    }],
    "id": 101586,
    "state": "",
    "fields": [
      "Typography",
      "Graphic Design",
      "Branding"
    ],
    "first_name": "Fabrizio",
    "username": "fabrizioschiavi"
  }
}