{
  "http_code": 200,
  "user": {
    "country": "Brazil",
    "images": {
      "100": "https://mir-s3-cdn-cf.behance.net/user/100/101501.53fd33286d5de.jpg",
      "276": "https://mir-s3-cdn-cf.behance.net/user/276/101501.53fd33286d5de.jpg",
      "115": "https://mir-s3-cdn-cf.behance.net/user/115/101501.53fd33286d5de.jpg",
      "138": "https://mir-s3-cdn-cf.behance.net/user/138/101501.53fd33286d5de.jpg",
      "50": "https://mir-s3-cdn-cf.behance.net/user/50/101501.53fd33286d5de.jpg",
      "230": "https://mir-s3-cdn-cf.behance.net/user/230/101501.53fd33286d5de.jpg"
    },
    "website": "www.brunozampoli.com",
    "occupation": "Creative Art Director",
    "city": "São Paulo",
    "social_links": [],
    "last_name": "Zampoli",
    "display_name": "Bruno Zampoli",
    "url": "https://www.behance.net/brunozampoli",
    "sections": [],
    "twitter": "",
    "created_on": 1240162248,
    "has_default_image": 0,
    "stats": {
      "followers": 35,
      "comments": 13,
      "appreciations": 57,
      "following": 44,
      "team_members": 0,
      "views": 1460
    },
    "location": "São Paulo, Brazil",
    "company": "",
    "links": [],
    "id": 101501,
    "state": "",
    "fields": ["Illustration"],
    "first_name": "Bruno",
    "username": "brunozampoli"
  }
}