{
  "http_code": 200,
  "user": {
    "country": "United States",
    "images": {
      "115": "https://a3.behance.net/img/profile/no-image-115.jpg?cb=2050110936",
      "138": "https://a3.behance.net/img/profile/no-image-138.jpg?cb=2050110936",
      "50": "https://a3.behance.net/img/profile/no-image-50.jpg?cb=2050110936"
    },
    "website": "",
    "occupation": "",
    "city": "Salt Lake City",
    "social_links": [],
    "last_name": "dorris",
    "display_name": "Ray dorris",
    "url": "https://www.behance.net/Noah331",
    "sections": [],
    "twitter": "",
    "created_on": 1427169902,
    "has_default_image": 1,
    "stats": {
      "followers": 0,
      "comments": 0,
      "appreciations": 0,
      "following": 0,
      "team_members": 0,
      "views": 0
    },
    "location": "Salt Lake City, UT, USA",
    "company": "",
    "links": [],
    "id": 12500111,
    "state": "Utah",
    "fields": [],
    "first_name": "Ray",
    "username": "Noah331"
  }
}