{
  "http_code": 200,
  "user": {
    "country": "Cyprus",
    "images": {
      "115": "https://mir-s3-cdn-cf.behance.net/user/115/101511.53ab5a38c76dc.jpg",
      "138": "https://mir-s3-cdn-cf.behance.net/user/138/101511.53ab5a38c76dc.jpg",
      "50": "https://mir-s3-cdn-cf.behance.net/user/50/101511.53ab5a38c76dc.jpg"
    },
    "website": "http://re-brand.me",
    "occupation": "Manager of Digital Media",
    "city": "Nicosia",
    "social_links": [{
      "social_id": 4,
      "service_name": "LinkedIn",
      "value": "profile/edit?trk=spm_pic",
      "url": "http://linkedin.com/profile/edit?trk=spm_pic"
    }],
    "last_name": "Markides",
    "display_name": "Marios Markides",
    "url": "https://www.behance.net/thedesignersunion",
    "sections": {"About Me": "A  highly  motivated  Graphic  /  WEB  /  UI/UX  design  professional,  combining  \ncreativity  with  extensive  technical  knowledge  to  create  striking  contemporary  \nvisual  design  with  purpose  and  intent."},
    "twitter": "",
    "created_on": 1240164361,
    "has_default_image": 0,
    "stats": {
      "followers": 45,
      "comments": 33,
      "appreciations": 89,
      "following": 155,
      "team_members": 0,
      "views": 2435
    },
    "location": "Nicosia, Cyprus",
    "company": "Ο Φιλελεύθερος",
    "links": [{
      "title": "Personal Website",
      "url": "http://www.re-brand.me"
    }],
    "id": 101511,
    "state": "",
    "fields": [
      "Graphic Design",
      "Design",
      "Branding"
    ],
    "first_name": "Marios",
    "username": "thedesignersunion"
  }
}