{
  "http_code": 200,
  "user": {
    "country": "United States",
    "images": {
      "115": "https://mir-s3-cdn-cf.behance.net/user/115/1200139.53b378a8dee9b.jpg",
      "138": "https://mir-s3-cdn-cf.behance.net/user/138/1200139.53b378a8dee9b.jpg",
      "50": "https://mir-s3-cdn-cf.behance.net/user/50/1200139.53b378a8dee9b.jpg"
    },
    "website": "http://www.judeharzer.com",
    "occupation": "Artist~Painter",
    "city": "Bricktown",
    "social_links": [],
    "last_name": "Harzer",
    "display_name": "Jude Harzer",
    "url": "https://www.behance.net/JudeHarzer",
    "sections": [],
    "twitter": "",
    "created_on": 1338207208,
    "has_default_image": 0,
    "stats": {
      "followers": 0,
      "comments": 0,
      "appreciations": 0,
      "following": 0,
      "team_members": 0,
      "views": 0
    },
    "location": "Bricktown, NJ, USA",
    "company": "Jude Harzer Fine Art",
    "links": [],
    "id": 1200139,
    "state": "New Jersey",
    "fields": [],
    "first_name": "Jude",
    "username": "JudeHarzer"
  }
}