{
  "http_code": 200,
  "user": {
    "country": "India",
    "images": {
      "115": "https://a3.behance.net/img/profile/no-image-115.jpg?cb=1673063716",
      "138": "https://a3.behance.net/img/profile/no-image-138.jpg?cb=1673063716",
      "50": "https://a3.behance.net/img/profile/no-image-50.jpg?cb=1673063716"
    },
    "website": "eoninfo.com",
    "occupation": "Web Application Developer",
    "city": "Palakkad",
    "social_links": [{
      "social_id": 2,
      "service_name": "Facebook",
      "value": "sreejithindia",
      "url": "http://facebook.com/sreejithindia"
    }],
    "last_name": "rk",
    "display_name": "sreejith rk",
    "url": "https://www.behance.net/sreejithrk",
    "sections": {"About": "Web Application Developer at Eon Info Solutions, Creating Web Applications and Web Sites From Scratch to Professional Level..."},
    "twitter": "",
    "created_on": 1338203641,
    "has_default_image": 1,
    "stats": {
      "followers": 0,
      "comments": 0,
      "appreciations": 0,
      "following": 0,
      "team_members": 0,
      "views": 0
    },
    "location": "Palakkad, India",
    "company": "Eon Info Solutions",
    "links": [{
      "title": "Eon Info Solutions",
      "url": "http://eoninfo.com"
    }],
    "id": 1200017,
    "state": "",
    "fields": [],
    "first_name": "sreejith",
    "username": "sreejithrk"
  }
}