{
  "http_code": 200,
  "user": {
    "country": "United States",
    "images": {
      "115": "https://mir-s3-cdn-cf.behance.net/user/115/1200051.53b37852ad060.jpg",
      "138": "https://mir-s3-cdn-cf.behance.net/user/138/1200051.53b37852ad060.jpg",
      "50": "https://mir-s3-cdn-cf.behance.net/user/50/1200051.53b37852ad060.jpg"
    },
    "website": "sandrarwagner.com",
    "occupation": "Artist, Calligrapher, Music Engraver",
    "city": "Indianapolis",
    "social_links": [],
    "last_name": "Wagner",
    "display_name": "Sandra Wagner",
    "url": "https://www.behance.net/swagner730ffb",
    "sections": [],
    "twitter": "",
    "created_on": 1338205063,
    "has_default_image": 0,
    "stats": {
      "followers": 1,
      "comments": 0,
      "appreciations": 0,
      "following": 19,
      "team_members": 0,
      "views": 0
    },
    "location": "Indianapolis, IN, USA",
    "company": "",
    "links": [],
    "id": 1200051,
    "state": "Indiana",
    "fields": [],
    "first_name": "Sandra",
    "username": "swagner730ffb"
  }
}