{
  "http_code": 200,
  "user": {
    "country": "United Kingdom",
    "images": {
      "115": "https://a3.behance.net/img/profile/no-image-115.jpg?cb=1673063716",
      "138": "https://a3.behance.net/img/profile/no-image-138.jpg?cb=1673063716",
      "50": "https://a3.behance.net/img/profile/no-image-50.jpg?cb=1673063716"
    },
    "website": "http://unsecuredloaninfo.co.uk/",
    "occupation": "UK Financials",
    "city": "London",
    "social_links": [],
    "last_name": "Poly",
    "display_name": "Alan Poly",
    "url": "https://www.behance.net/loans",
    "sections": [],
    "twitter": "",
    "created_on": 1338205749,
    "has_default_image": 1,
    "stats": {
      "followers": 2,
      "comments": 0,
      "appreciations": 2,
      "following": 0,
      "team_members": 0,
      "views": 131
    },
    "location": "London, United Kingdom",
    "company": "Hogo World",
    "links": [],
    "id": 1200083,
    "state": "",
    "fields": ["Advertising"],
    "first_name": "Alan",
    "username": "loans"
  }
}