{
  "http_code": 200,
  "user": {
    "country": "United Kingdom",
    "images": {
      "115": "https://mir-s3-cdn-cf.behance.net/user/115/1200123.53b378a510cb3.jpg",
      "138": "https://mir-s3-cdn-cf.behance.net/user/138/1200123.53b378a510cb3.jpg",
      "50": "https://mir-s3-cdn-cf.behance.net/user/50/1200123.53b378a510cb3.jpg"
    },
    "website": "http://pantagruella.squarespace.com",
    "occupation": "Editor",
    "city": "London",
    "social_links": [
      {
        "social_id": 1,
        "service_name": "Twitter",
        "value": "pantagruella",
        "url": "http://twitter.com/pantagruella"
      },
      {
        "social_id": 2,
        "service_name": "Facebook",
        "value": "pantagruella",
        "url": "http://facebook.com/pantagruella"
      },
      {
        "social_id": 8,
        "service_name": "Pinterest",
        "value": "pantagruella",
        "url": "http://pinterest.com/pantagruella"
      }
    ],
    "last_name": "",
    "display_name": "Pantagruella",
    "url": "https://www.behance.net/pantagruella7d7f",
    "sections": [],
    "twitter": "@pantagruella",
    "created_on": 1338206613,
    "has_default_image": 0,
    "stats": {
      "followers": 0,
      "comments": 0,
      "appreciations": 0,
      "following": 0,
      "team_members": 0,
      "views": 0
    },
    "location": "London, United Kingdom",
    "company": "Skeleton Girls",
    "links": [],
    "id": 1200123,
    "state": "",
    "fields": [],
    "first_name": "Pantagruella",
    "username": "pantagruella7d7f"
  }
}