{
  "http_code": 200,
  "user": {
    "country": "United States",
    "images": {
      "100": "https://mir-s3-cdn-cf.behance.net/user/100/101627.53ab5aeb03482.jpg",
      "276": "https://mir-s3-cdn-cf.behance.net/user/276/101627.53ab5aeb03482.jpg",
      "115": "https://mir-s3-cdn-cf.behance.net/user/115/101627.53ab5aeb03482.jpg",
      "138": "https://mir-s3-cdn-cf.behance.net/user/138/101627.53ab5aeb03482.jpg",
      "50": "https://mir-s3-cdn-cf.behance.net/user/50/101627.53ab5aeb03482.jpg",
      "230": "https://mir-s3-cdn-cf.behance.net/user/230/101627.53ab5aeb03482.jpg"
    },
    "website": "bleuclothing.com",
    "occupation": "E-commerce project manager",
    "city": "Los Angeles",
    "social_links": [],
    "last_name": "Bertrand",
    "display_name": "Noel Bertrand",
    "url": "https://www.behance.net/NoelBertrand",
    "sections": {"About": "E-commerce merchandiser for apparel brands since 07. Creator of the Sofia Vergara for Kmart logo/online visual presentation. "},
    "twitter": "",
    "created_on": 1240254896,
    "has_default_image": 0,
    "stats": {
      "followers": 42,
      "comments": 12,
      "appreciations": 72,
      "following": 29,
      "team_members": 0,
      "views": 3034
    },
    "location": "Los Angeles, CA, USA",
    "company": "",
    "links": [
      {
        "title": "Bleu Clothing",
        "url": "http://www.bleuclothing.com"
      },
      {
        "title": "Sofia Vergara",
        "url": "http://www.kmart.com/sofia/dap-120000000135666?adCell=W2"
      },
      {
        "title": "US Alteration ",
        "url": "https://usalteration.com/"
      },
      {
        "title": "LOB",
        "url": "http://www.lob.com.mx"
      },
      {
        "title": "Tresics",
        "url": "http://www.tresics.com"
      }
    ],
    "id": 101627,
    "state": "California",
    "fields": [
      "Graphic Design",
      "Fashion",
      "Branding"
    ],
    "first_name": "Noel",
    "username": "NoelBertrand"
  }
}