{
  "http_code": 200,
  "user": {
    "country": "Japan",
    "images": {
      "115": "https://a3.behance.net/img/profile/no-image-115.jpg?cb=2050110936",
      "138": "https://a3.behance.net/img/profile/no-image-138.jpg?cb=2050110936",
      "50": "https://a3.behance.net/img/profile/no-image-50.jpg?cb=2050110936"
    },
    "website": "",
    "occupation": "",
    "city": "",
    "social_links": [],
    "last_name": "木場",
    "display_name": "貞夫 木場",
    "url": "https://www.behance.net/kiba21c2",
    "sections": [],
    "twitter": "",
    "created_on": 1427170002,
    "has_default_image": 1,
    "stats": {
      "followers": 0,
      "comments": 0,
      "appreciations": 0,
      "following": 0,
      "team_members": 0,
      "views": 0
    },
    "location": "Japan",
    "company": "",
    "links": [],
    "id": 12500139,
    "state": "",
    "fields": [],
    "first_name": "貞夫",
    "username": "kiba21c2"
  }
}