{
  "http_code": 200,
  "user": {
    "country": "United States",
    "images": {
      "115": "https://a3.behance.net/img/profile/no-image-115.jpg?cb=1673063716",
      "138": "https://a3.behance.net/img/profile/no-image-138.jpg?cb=1673063716",
      "50": "https://a3.behance.net/img/profile/no-image-50.jpg?cb=1673063716"
    },
    "website": "www.behance.net/jshannon",
    "occupation": "Application Support Analyst",
    "city": "Littleton",
    "social_links": [],
    "last_name": "Shannon",
    "display_name": "John Shannon",
    "url": "https://www.behance.net/jshannon",
    "sections": [],
    "twitter": "",
    "created_on": 1338211361,
    "has_default_image": 1,
    "stats": {
      "followers": 0,
      "comments": 0,
      "appreciations": 0,
      "following": 0,
      "team_members": 0,
      "views": 0
    },
    "location": "Littleton, CO, USA",
    "company": "N/A",
    "links": [],
    "id": 1200255,
    "state": "Colorado",
    "fields": [],
    "first_name": "John",
    "username": "jshannon"
  }
}