{
  "http_code": 200,
  "user": {
    "country": "India",
    "images": {
      "115": "https://mir-s3-cdn-cf.behance.net/user/115/1200055.53b378536e3fa.jpg",
      "138": "https://mir-s3-cdn-cf.behance.net/user/138/1200055.53b378536e3fa.jpg",
      "50": "https://mir-s3-cdn-cf.behance.net/user/50/1200055.53b378536e3fa.jpg"
    },
    "website": "",
    "occupation": "fashion stylist, designer , accessories designer",
    "city": "Mumbai",
    "social_links": [],
    "last_name": "lonen",
    "display_name": "shane lonen",
    "url": "https://www.behance.net/shanelounen",
    "sections": [],
    "features": [{
      "site": {
        "app_icon": "",
        "domain": "muaserved.com",
        "name": "Makeup Arts Served",
        "icon": "https://a3.behance.net/img/galleries/composed/makeup.png",
        "ribbon": {
          "image": "https://a3.behance.net/img/galleries/ribbons/1x/makeup.png",
          "image_2x": "https://a3.behance.net/img/galleries/ribbons/2x/makeup@2x.png"
        },
        "id": 42,
        "key": "makeup",
        "url": "http://muaserved.com"
      },
      "projects": [{
        "id": 11363541,
        "featured_on": 1435149001
      }]
    }],
    "twitter": "",
    "created_on": 1338205139,
    "has_default_image": 0,
    "stats": {
      "followers": 95,
      "comments": 3,
      "appreciations": 446,
      "following": 33,
      "team_members": 0,
      "views": 5786
    },
    "location": "Mumbai, India",
    "company": "",
    "links": [],
    "id": 1200055,
    "state": "",
    "fields": [
      "Fashion Styling",
      "Fashion",
      "Costume Design"
    ],
    "first_name": "shane",
    "username": "shanelounen"
  }
}