{
  "http_code": 200,
  "user": {
    "country": "Norway",
    "images": {
      "115": "https://a3.behance.net/img/profile/no-image-115.jpg?cb=1673063716",
      "138": "https://a3.behance.net/img/profile/no-image-138.jpg?cb=1673063716",
      "50": "https://a3.behance.net/img/profile/no-image-50.jpg?cb=1673063716"
    },
    "website": "",
    "occupation": "",
    "city": "Oslo",
    "social_links": [],
    "last_name": "",
    "display_name": "Thomas",
    "url": "https://www.behance.net/theibergster",
    "sections": [],
    "twitter": "",
    "created_on": 1338206099,
    "has_default_image": 1,
    "stats": {
      "followers": 0,
      "comments": 0,
      "appreciations": 0,
      "following": 0,
      "team_members": 0,
      "views": 0
    },
    "location": "Oslo, Norway",
    "company": "",
    "links": [],
    "id": 1200101,
    "state": "",
    "fields": [],
    "first_name": "Thomas",
    "username": "theibergster"
  }
}