{
  "http_code": 200,
  "user": {
    "country": "Australia",
    "images": {
      "100": "https://mir-s3-cdn-cf.behance.net/user/100/8926a91200249.55713401537db.png",
      "276": "https://mir-s3-cdn-cf.behance.net/user/276/8926a91200249.55713401537db.png",
      "115": "https://mir-s3-cdn-cf.behance.net/user/115/8926a91200249.55713401537db.png",
      "138": "https://mir-s3-cdn-cf.behance.net/user/138/8926a91200249.55713401537db.png",
      "50": "https://mir-s3-cdn-cf.behance.net/user/50/8926a91200249.55713401537db.png",
      "230": "https://mir-s3-cdn-cf.behance.net/user/230/8926a91200249.55713401537db.png"
    },
    "website": "www.youtube.com/user/JHartlley",
    "occupation": "Student",
    "city": "Orange",
    "social_links": [
      {
        "social_id": 1,
        "service_name": "Twitter",
        "value": "iwoply",
        "url": "http://twitter.com/iwoply"
      },
      {
        "social_id": 7,
        "service_name": "YouTube",
        "value": "Jhartlley",
        "url": "http://youtube.com/Jhartlley"
      },
      {
        "social_id": 12,
        "service_name": "Instagram",
        "value": "iwoply",
        "url": "http://instagram.com/iwoply"
      }
    ],
    "last_name": "Hartley",
    "display_name": "Joshua Hartley",
    "url": "https://www.behance.net/JoshHartley",
    "sections": {
      "About Me": "I'm a 18 y/o aspiring graphics designer from Orange NSW, Australia. Focusing on improving my art/design processes as I've just finished my final year in school.\n\nI've been gradually learning how to improve my skills in Graphic Design for the past five years.",
      "Goals": "- Improve skills in Adobe Products like Illustrator & Photoshop.\n- Aim to be more Fluent and to Improve In Adobe Illustrator ",
      "Contact Me": "Contact me here business opportunities & inquires:\nEmail: iwoply@outlook.com\nSkype: j.hartlley"
    },
    "twitter": "@iwoply",
    "created_on": 1338210991,
    "has_default_image": 0,
    "stats": {
      "followers": 35,
      "comments": 118,
      "appreciations": 46,
      "following": 143,
      "team_members": 0,
      "views": 737
    },
    "location": "Orange, Australia",
    "company": "",
    "links": [],
    "id": 1200249,
    "state": "",
    "fields": [
      "Illustration",
      "Graphic Design",
      "Icon Design"
    ],
    "first_name": "Joshua",
    "username": "JoshHartley"
  }
}