{
  "http_code": 200,
  "user": {
    "country": "United States",
    "images": {
      "115": "https://a3.behance.net/img/profile/no-image-115.jpg?cb=2050110936",
      "138": "https://a3.behance.net/img/profile/no-image-138.jpg?cb=2050110936",
      "50": "https://a3.behance.net/img/profile/no-image-50.jpg?cb=2050110936"
    },
    "website": "",
    "occupation": "",
    "city": "",
    "social_links": [],
    "last_name": "Grabinski",
    "display_name": "Michael Grabinski",
    "url": "https://www.behance.net/MGRABINSKI4096",
    "sections": [],
    "twitter": "",
    "created_on": 1425656115,
    "has_default_image": 1,
    "stats": {
      "followers": 0,
      "comments": 0,
      "appreciations": 0,
      "following": 0,
      "team_members": 0,
      "views": 0
    },
    "location": "USA",
    "company": "Fidelitrade Inc.",
    "links": [],
    "id": 12100157,
    "state": "",
    "fields": [],
    "first_name": "Michael",
    "username": "MGRABINSKI4096"
  }
}