{
  "http_code": 200,
  "user": {
    "country": "Portugal",
    "images": {
      "115": "https://mir-s3-cdn-cf.behance.net/user/115/1200037.53b3784f0b397.jpg",
      "138": "https://mir-s3-cdn-cf.behance.net/user/138/1200037.53b3784f0b397.jpg",
      "50": "https://mir-s3-cdn-cf.behance.net/user/50/1200037.53b3784f0b397.jpg"
    },
    "website": "",
    "occupation": "student",
    "city": "Porto",
    "social_links": [],
    "last_name": "Gabriela",
    "display_name": "Bárbara Gabriela",
    "url": "https://www.behance.net/barbarag",
    "sections": [],
    "twitter": "",
    "created_on": 1338204387,
    "has_default_image": 0,
    "stats": {
      "followers": 0,
      "comments": 0,
      "appreciations": 0,
      "following": 0,
      "team_members": 0,
      "views": 1
    },
    "location": "Porto, Portugal",
    "company": "",
    "links": [],
    "id": 1200037,
    "state": "",
    "fields": [],
    "first_name": "Bárbara",
    "username": "barbarag"
  }
}