{
  "http_code": 200,
  "user": {
    "country": "United Kingdom",
    "images": {
      "100": "https://mir-s3-cdn-cf.behance.net/user/100/0c9a2312500077.5510e1f21e4a9.jpg",
      "276": "https://mir-s3-cdn-cf.behance.net/user/276/0c9a2312500077.5510e1f21e4a9.jpg",
      "115": "https://mir-s3-cdn-cf.behance.net/user/115/0c9a2312500077.5510e1f21e4a9.jpg",
      "138": "https://mir-s3-cdn-cf.behance.net/user/138/0c9a2312500077.5510e1f21e4a9.jpg",
      "50": "https://mir-s3-cdn-cf.behance.net/user/50/0c9a2312500077.5510e1f21e4a9.jpg",
      "230": "https://mir-s3-cdn-cf.behance.net/user/230/0c9a2312500077.5510e1f21e4a9.jpg"
    },
    "website": "",
    "occupation": "",
    "city": "",
    "social_links": [],
    "last_name": "Савицкий",
    "display_name": "Иван Савицкий",
    "url": "https://www.behance.net/dak_34b839",
    "sections": [],
    "twitter": "",
    "created_on": 1427169777,
    "has_default_image": 0,
    "stats": {
      "followers": 0,
      "comments": 0,
      "appreciations": 0,
      "following": 0,
      "team_members": 0,
      "views": 0
    },
    "location": "United Kingdom",
    "company": "",
    "links": [],
    "id": 12500077,
    "state": "",
    "fields": [],
    "first_name": "Иван",
    "username": "dak_34b839"
  }
}