{
  "http_code": 200,
  "user": {
    "country": "United Kingdom",
    "images": {
      "100": "https://mir-s3-cdn-cf.behance.net/user/100/1200181.53b378b2ca5ef.jpg",
      "276": "https://mir-s3-cdn-cf.behance.net/user/276/1200181.53b378b2ca5ef.jpg",
      "115": "https://mir-s3-cdn-cf.behance.net/user/115/1200181.53b378b2ca5ef.jpg",
      "138": "https://mir-s3-cdn-cf.behance.net/user/138/1200181.53b378b2ca5ef.jpg",
      "50": "https://mir-s3-cdn-cf.behance.net/user/50/1200181.53b378b2ca5ef.jpg",
      "230": "https://mir-s3-cdn-cf.behance.net/user/230/1200181.53b378b2ca5ef.jpg"
    },
    "website": "",
    "occupation": "Designer and Front-end Developer",
    "city": "London",
    "social_links": [
      {
        "social_id": 1,
        "service_name": "Twitter",
        "value": "irinapredescu",
        "url": "http://twitter.com/irinapredescu"
      },
      {
        "social_id": 2,
        "service_name": "Facebook",
        "value": "IrinaPredescu",
        "url": "http://facebook.com/IrinaPredescu"
      },
      {
        "social_id": 4,
        "service_name": "LinkedIn",
        "value": "irinapredescu",
        "url": "http://linkedin.com/irinapredescu"
      }
    ],
    "last_name": "Predescu",
    "display_name": "Irina Theodora Predescu",
    "url": "https://www.behance.net/irinapredescu",
    "sections": [],
    "twitter": "@irinapredescu",
    "created_on": 1338209152,
    "has_default_image": 0,
    "stats": {
      "followers": 2,
      "comments": 0,
      "appreciations": 4,
      "following": 30,
      "team_members": 0,
      "views": 266
    },
    "location": "London, United Kingdom",
    "company": "Concise Media Design",
    "links": [],
    "id": 1200181,
    "state": "",
    "fields": ["Web Design"],
    "first_name": "Irina Theodora",
    "username": "irinapredescu"
  }
}