{
  "http_code": 200,
  "user": {
    "country": "Uruguay",
    "images": {
      "100": "https://mir-s3-cdn-cf.behance.net/user/100/53ff8112100035.54f9c7865912a.jpg",
      "276": "https://mir-s3-cdn-cf.behance.net/user/276/53ff8112100035.54f9c7865912a.jpg",
      "115": "https://mir-s3-cdn-cf.behance.net/user/115/53ff8112100035.54f9c7865912a.jpg",
      "138": "https://mir-s3-cdn-cf.behance.net/user/138/53ff8112100035.54f9c7865912a.jpg",
      "50": "https://mir-s3-cdn-cf.behance.net/user/50/53ff8112100035.54f9c7865912a.jpg",
      "230": "https://mir-s3-cdn-cf.behance.net/user/230/53ff8112100035.54f9c7865912a.jpg"
    },
    "website": "",
    "occupation": "",
    "city": "",
    "social_links": [],
    "last_name": "dem",
    "display_name": "dem dem",
    "url": "https://www.behance.net/damianprodfae7",
    "sections": [],
    "twitter": "",
    "created_on": 1425655685,
    "has_default_image": 0,
    "stats": {
      "followers": 0,
      "comments": 0,
      "appreciations": 0,
      "following": 0,
      "team_members": 0,
      "views": 0
    },
    "location": "Uruguay",
    "company": "",
    "links": [],
    "id": 12100035,
    "state": "",
    "fields": [],
    "first_name": "dem",
    "username": "damianprodfae7"
  }
}