{
  "http_code": 200,
  "user": {
    "country": "Singapore",
    "images": {
      "100": "https://mir-s3-cdn-cf.behance.net/user/100/1200275.53b378c8a429d.jpg",
      "276": "https://mir-s3-cdn-cf.behance.net/user/276/1200275.53b378c8a429d.jpg",
      "115": "https://mir-s3-cdn-cf.behance.net/user/115/1200275.53b378c8a429d.jpg",
      "138": "https://mir-s3-cdn-cf.behance.net/user/138/1200275.53b378c8a429d.jpg",
      "50": "https://mir-s3-cdn-cf.behance.net/user/50/1200275.53b378c8a429d.jpg",
      "230": "https://mir-s3-cdn-cf.behance.net/user/230/1200275.53b378c8a429d.jpg"
    },
    "website": "kceng.me",
    "occupation": "photographer",
    "city": "Singapore City",
    "social_links": [{
      "social_id": 2,
      "service_name": "Facebook",
      "value": "kc.eng.photography",
      "url": "http://facebook.com/kc.eng.photography"
    }],
    "last_name": "Eng",
    "display_name": "KC Eng",
    "url": "https://www.behance.net/kc_eng",
    "sections": {"About": "KC Eng, fashion and fine art photographer, kceng.me"},
    "twitter": "",
    "created_on": 1338212259,
    "has_default_image": 0,
    "stats": {
      "followers": 9,
      "comments": 1,
      "appreciations": 18,
      "following": 11,
      "team_members": 0,
      "views": 638
    },
    "location": "Singapore City, Singapore",
    "company": "KC Eng",
    "links": [{
      "title": "fashion photography",
      "url": "http://www.kceng.me"
    }],
    "id": 1200275,
    "state": "",
    "fields": [
      "Photography",
      "Fashion",
      "Fine Arts"
    ],
    "first_name": "KC",
    "username": "kc_eng"
  }
}