{
  "http_code": 200,
  "user": {
    "country": "Malaysia",
    "images": {
      "115": "https://mir-s3-cdn-cf.behance.net/user/115/1200291.53b378cc9e655.jpg",
      "138": "https://mir-s3-cdn-cf.behance.net/user/138/1200291.53b378cc9e655.jpg",
      "50": "https://mir-s3-cdn-cf.behance.net/user/50/1200291.53b378cc9e655.jpg"
    },
    "website": "bnewstyle.com",
    "occupation": "Web Designer",
    "city": "Penang",
    "social_links": [],
    "last_name": "Fong",
    "display_name": "Elaine Fong",
    "url": "https://www.behance.net/BNewStyle",
    "sections": [],
    "twitter": "",
    "created_on": 1338212826,
    "has_default_image": 0,
    "stats": {
      "followers": 4,
      "comments": 0,
      "appreciations": 1,
      "following": 33,
      "team_members": 0,
      "views": 110
    },
    "location": "Penang, Malaysia",
    "company": "BNewStyle",
    "links": [],
    "id": 1200291,
    "state": "",
    "fields": [
      "Advertising",
      "Graphic Design",
      "Digital Photography"
    ],
    "first_name": "Elaine",
    "username": "BNewStyle"
  }
}