{
  "http_code": 200,
  "user": {
    "country": "United States",
    "images": {
      "115": "https://a3.behance.net/img/profile/no-image-115.jpg?cb=1673063716",
      "138": "https://a3.behance.net/img/profile/no-image-138.jpg?cb=1673063716",
      "50": "https://a3.behance.net/img/profile/no-image-50.jpg?cb=1673063716"
    },
    "website": "",
    "occupation": "Human Resource Assistant",
    "city": "Bronx",
    "social_links": [],
    "last_name": "Ramirez",
    "display_name": "Debora Ramirez",
    "url": "https://www.behance.net/DeboraRamirez",
    "sections": [],
    "twitter": "",
    "created_on": 1338211011,
    "has_default_image": 1,
    "stats": {
      "followers": 0,
      "comments": 0,
      "appreciations": 0,
      "following": 0,
      "team_members": 0,
      "views": 0
    },
    "location": "Bronx, NY, USA",
    "company": "NESI",
    "links": [],
    "id": 1200251,
    "state": "New York",
    "fields": [],
    "first_name": "Debora",
    "username": "DeboraRamirez"
  }
}