{
  "http_code": 200,
  "user": {
    "country": "Brazil",
    "images": {
      "100": "https://mir-s3-cdn-cf.behance.net/user/100/57109412100025.54f9cd8c279f0.jpg",
      "276": "https://mir-s3-cdn-cf.behance.net/user/276/57109412100025.54f9cd8c279f0.jpg",
      "115": "https://mir-s3-cdn-cf.behance.net/user/115/57109412100025.54f9cd8c279f0.jpg",
      "138": "https://mir-s3-cdn-cf.behance.net/user/138/57109412100025.54f9cd8c279f0.jpg",
      "50": "https://mir-s3-cdn-cf.behance.net/user/50/57109412100025.54f9cd8c279f0.jpg",
      "230": "https://mir-s3-cdn-cf.behance.net/user/230/57109412100025.54f9cd8c279f0.jpg"
    },
    "website": "www.willianwest.com",
    "occupation": "Web Developer, Design, Photografer, Music Producer",
    "city": "Itajaí",
    "social_links": [
      {
        "social_id": 2,
        "service_name": "Facebook",
        "value": "willianwest",
        "url": "http://facebook.com/willianwest"
      },
      {
        "social_id": 7,
        "service_name": "YouTube",
        "value": "willstudio",
        "url": "http://youtube.com/willstudio"
      }
    ],
    "last_name": "West",
    "display_name": "Willian West",
    "url": "https://www.behance.net/willianwest",
    "sections": [],
    "twitter": "",
    "created_on": 1425655672,
    "has_default_image": 0,
    "stats": {
      "followers": 1,
      "comments": 0,
      "appreciations": 5,
      "following": 0,
      "team_members": 0,
      "views": 47
    },
    "location": "Itajaí, Brazil",
    "company": "Willian West Studio",
    "links": [],
    "id": 12100025,
    "state": "",
    "fields": ["Photography"],
    "first_name": "Willian",
    "username": "willianwest"
  }
}