{
  "http_code": 200,
  "user": {
    "country": "United States",
    "images": {
      "100": "https://mir-s3-cdn-cf.behance.net/user/100/44387b12100249.56c77b3fcc704.png",
      "276": "https://mir-s3-cdn-cf.behance.net/user/276/44387b12100249.56c77b3fcc704.png",
      "115": "https://mir-s3-cdn-cf.behance.net/user/115/44387b12100249.56c77b3fcc704.png",
      "138": "https://mir-s3-cdn-cf.behance.net/user/138/44387b12100249.56c77b3fcc704.png",
      "50": "https://mir-s3-cdn-cf.behance.net/user/50/44387b12100249.56c77b3fcc704.png",
      "230": "https://mir-s3-cdn-cf.behance.net/user/230/44387b12100249.56c77b3fcc704.png"
    },
    "website": "www.dnc-art.com",
    "occupation": "Graphic Artist ",
    "city": "Rixeyville",
    "social_links": [
      {
        "social_id": 2,
        "service_name": "Facebook",
        "value": "DanielClarkArtist",
        "url": "http://facebook.com/DanielClarkArtist"
      },
      {
        "social_id": 1,
        "service_name": "Twitter",
        "value": "DNCArtist",
        "url": "http://twitter.com/DNCArtist"
      }
    ],
    "last_name": "Clark",
    "display_name": "Daniel Clark",
    "url": "https://www.behance.net/DNC_Art",
    "sections": {"About Me": "I have been working in the design field for over four years and in that time have gained extensive knowledge in traditional graphic design. Art is as much a part of my life as the air I breathe. "},
    "twitter": "@DNCArtist",
    "created_on": 1425656288,
    "has_default_image": 0,
    "stats": {
      "followers": 4,
      "comments": 4,
      "appreciations": 17,
      "following": 81,
      "team_members": 0,
      "views": 133
    },
    "location": "Rixeyville, VA, USA",
    "company": "Saber Comunications",
    "links": [{
      "title": "Displate",
      "url": "https://displate.com/dncart"
    }],
    "id": 12100249,
    "state": "Virginia",
    "fields": [
      "Illustration",
      "Digital Art",
      "Graphic Design"
    ],
    "first_name": "Daniel",
    "username": "DNC_Art"
  }
}