{
  "http_code": 200,
  "user": {
    "country": "Japan",
    "images": {
      "115": "https://a3.behance.net/img/profile/no-image-115.jpg?cb=1673063716",
      "138": "https://a3.behance.net/img/profile/no-image-138.jpg?cb=1673063716",
      "50": "https://a3.behance.net/img/profile/no-image-50.jpg?cb=1673063716"
    },
    "website": "",
    "occupation": "Student",
    "city": "Yokohama",
    "social_links": [],
    "last_name": "Okabe",
    "display_name": "Kota Okabe",
    "url": "https://www.behance.net/okabekot09a1",
    "sections": [],
    "twitter": "",
    "created_on": 1338206636,
    "has_default_image": 1,
    "stats": {
      "followers": 0,
      "comments": 0,
      "appreciations": 0,
      "following": 0,
      "team_members": 0,
      "views": 0
    },
    "location": "Yokohama, Japan",
    "company": "",
    "links": [],
    "id": 1200125,
    "state": "",
    "fields": [],
    "first_name": "Kota",
    "username": "okabekot09a1"
  }
}