{
  "http_code": 200,
  "user": {
    "country": "Singapore",
    "images": {
      "115": "https://a3.behance.net/img/profile/no-image-115.jpg?cb=1673063716",
      "138": "https://a3.behance.net/img/profile/no-image-138.jpg?cb=1673063716",
      "50": "https://a3.behance.net/img/profile/no-image-50.jpg?cb=1673063716"
    },
    "website": "",
    "occupation": "",
    "city": "Singapore",
    "social_links": [],
    "last_name": "Chua",
    "display_name": "Atan Chua",
    "url": "https://www.behance.net/achua1226c300",
    "sections": [],
    "twitter": "",
    "created_on": 1338203958,
    "has_default_image": 1,
    "stats": {
      "followers": 0,
      "comments": 0,
      "appreciations": 0,
      "following": 26,
      "team_members": 0,
      "views": 0
    },
    "location": "Singapore, Singapore",
    "company": "",
    "links": [],
    "id": 1200025,
    "state": "",
    "fields": [],
    "first_name": "Atan",
    "username": "achua1226c300"
  }
}