{
  "http_code": 200,
  "user": {
    "country": "Indonesia",
    "images": {
      "115": "https://a3.behance.net/img/profile/no-image-115.jpg?cb=2050110936",
      "138": "https://a3.behance.net/img/profile/no-image-138.jpg?cb=2050110936",
      "50": "https://a3.behance.net/img/profile/no-image-50.jpg?cb=2050110936"
    },
    "website": "",
    "occupation": "",
    "city": "",
    "social_links": [],
    "last_name": "Setiawan",
    "display_name": "Ruslan Setiawan",
    "url": "https://www.behance.net/pls_dsgn2169",
    "sections": [],
    "twitter": "",
    "created_on": 1427169471,
    "has_default_image": 1,
    "stats": {
      "followers": 0,
      "comments": 0,
      "appreciations": 0,
      "following": 1,
      "team_members": 0,
      "views": 0
    },
    "location": "Indonesia",
    "company": "",
    "links": [],
    "id": 12500033,
    "state": "",
    "fields": [],
    "first_name": "Ruslan",
    "username": "pls_dsgn2169"
  }
}