{
  "http_code": 200,
  "user": {
    "country": "Philippines",
    "images": {
      "100": "https://mir-s3-cdn-cf.behance.net/user/100/4a286412500015.5510e348a34bb.jpg",
      "276": "https://mir-s3-cdn-cf.behance.net/user/276/4a286412500015.5510e348a34bb.jpg",
      "115": "https://mir-s3-cdn-cf.behance.net/user/115/4a286412500015.5510e348a34bb.jpg",
      "138": "https://mir-s3-cdn-cf.behance.net/user/138/4a286412500015.5510e348a34bb.jpg",
      "50": "https://mir-s3-cdn-cf.behance.net/user/50/4a286412500015.5510e348a34bb.jpg",
      "230": "https://mir-s3-cdn-cf.behance.net/user/230/4a286412500015.5510e348a34bb.jpg"
    },
    "website": "",
    "occupation": "",
    "city": "",
    "social_links": [],
    "last_name": "alerta",
    "display_name": "ian alerta",
    "url": "https://www.behance.net/kathian06aba2",
    "sections": [],
    "twitter": "",
    "created_on": 1427169390,
    "has_default_image": 0,
    "stats": {
      "followers": 0,
      "comments": 0,
      "appreciations": 0,
      "following": 0,
      "team_members": 0,
      "views": 0
    },
    "location": "Philippines",
    "company": "paravisible",
    "links": [],
    "id": 12500015,
    "state": "",
    "fields": [],
    "first_name": "ian",
    "username": "kathian06aba2"
  }
}