{
  "http_code": 200,
  "user": {
    "country": "India",
    "images": {
      "100": "https://mir-s3-cdn-cf.behance.net/user/100/1200243.53b378c3c1654.jpg",
      "276": "https://mir-s3-cdn-cf.behance.net/user/276/1200243.53b378c3c1654.jpg",
      "115": "https://mir-s3-cdn-cf.behance.net/user/115/1200243.53b378c3c1654.jpg",
      "138": "https://mir-s3-cdn-cf.behance.net/user/138/1200243.53b378c3c1654.jpg",
      "50": "https://mir-s3-cdn-cf.behance.net/user/50/1200243.53b378c3c1654.jpg",
      "230": "https://mir-s3-cdn-cf.behance.net/user/230/1200243.53b378c3c1654.jpg"
    },
    "website": "www.vhunt.in",
    "occupation": "Working with set India payroll of v-hunt ",
    "city": "Gurgaon",
    "social_links": [],
    "last_name": "Tomar",
    "display_name": "Sangeeta Tomar",
    "url": "https://www.behance.net/sangeetatomar",
    "sections": {"About": "The journey & pinnacle of my career is Communication Design with the zeal to come out with working solutions of brands. Working with various fortune 500 clients made me stronger & efficient at production-work, leading-team & client-communication. I have been diversified with work working on different roles in organizations, processes & work-culture. \n\nApart from these reading, writing & capturing moments in my camera have been my addicted passion."},
    "twitter": "",
    "created_on": 1338210893,
    "has_default_image": 0,
    "stats": {
      "followers": 15,
      "comments": 0,
      "appreciations": 22,
      "following": 2,
      "team_members": 0,
      "views": 1079
    },
    "location": "Gurgaon, India",
    "company": "",
    "links": [
      {
        "title": "Pizza Hut",
        "url": "http://www.pizzahut.co.in"
      },
      {
        "title": "Airtel",
        "url": "http://www.airtel.in"
      },
      {
        "title": "Whirlpool India",
        "url": "http://www.whirlpoolindia.com"
      },
      {
        "title": "Equal",
        "url": "http://www.equal.com"
      },
      {
        "title": "Cine Curry",
        "url": "http://www.cinecurry.com"
      },
      {
        "title": "Cinnamon Hotels",
        "url": "http://www.cinnamonhotels.com"
      },
      {
        "title": "Hello1",
        "url": "http://www.hello1.in"
      },
      {
        "title": "Uneecops",
        "url": "http://www.unecops.com"
      },
      {
        "title": "Kushalbagh",
        "url": "http://www.marbleindian.com"
      }
    ],
    "id": 1200243,
    "state": "",
    "fields": [
      "Web Design",
      "Visual Effects",
      "Art Direction"
    ],
    "first_name": "Sangeeta",
    "username": "sangeetatomar"
  }
}