{
  "http_code": 200,
  "user": {
    "country": "Paraguay",
    "images": {
      "115": "https://mir-s3-cdn-cf.behance.net/user/115/1200175.53b378b20d81f.jpg",
      "138": "https://mir-s3-cdn-cf.behance.net/user/138/1200175.53b378b20d81f.jpg",
      "50": "https://mir-s3-cdn-cf.behance.net/user/50/1200175.53b378b20d81f.jpg"
    },
    "website": "",
    "occupation": "Diseñadora",
    "city": "Asuncion",
    "social_links": [],
    "last_name": "Chena",
    "display_name": "Paola Chena",
    "url": "https://www.behance.net/paolache",
    "sections": [],
    "twitter": "",
    "created_on": 1338209018,
    "has_default_image": 0,
    "stats": {
      "followers": 3,
      "comments": 0,
      "appreciations": 0,
      "following": 0,
      "team_members": 0,
      "views": 0
    },
    "location": "Asuncion, Paraguay",
    "company": "",
    "links": [],
    "id": 1200175,
    "state": "",
    "fields": [],
    "first_name": "Paola",
    "username": "paolache"
  }
}