{
  "http_code": 200,
  "user": {
    "country": "United States",
    "images": {
      "115": "https://mir-s3-cdn-cf.behance.net/user/115/101633.53ab5aee59d8b.png",
      "138": "https://mir-s3-cdn-cf.behance.net/user/138/101633.53ab5aee59d8b.png",
      "50": "https://mir-s3-cdn-cf.behance.net/user/50/101633.53ab5aee59d8b.png"
    },
    "website": "http://michaelshamoon.com",
    "occupation": "",
    "city": "New York",
    "social_links": [],
    "last_name": "Shamoon",
    "display_name": "Michael Shamoon",
    "url": "https://www.behance.net/Mooner",
    "sections": [],
    "twitter": "",
    "created_on": 1240257825,
    "has_default_image": 0,
    "stats": {
      "followers": 1,
      "comments": 1,
      "appreciations": 1,
      "following": 0,
      "team_members": 0,
      "views": 61
    },
    "location": "New York, NY, USA",
    "company": "",
    "links": [],
    "id": 101633,
    "state": "New York",
    "fields": ["Web Development"],
    "first_name": "Michael",
    "username": "Mooner"
  }
}