{
  "http_code": 200,
  "user": {
    "country": "Indonesia",
    "images": {
      "100": "https://mir-s3-cdn-cf.behance.net/user/100/8e3fa312100153.56b35e2b766f6.jpg",
      "276": "https://mir-s3-cdn-cf.behance.net/user/276/8e3fa312100153.56b35e2b766f6.jpg",
      "115": "https://mir-s3-cdn-cf.behance.net/user/115/8e3fa312100153.56b35e2b766f6.jpg",
      "138": "https://mir-s3-cdn-cf.behance.net/user/138/8e3fa312100153.56b35e2b766f6.jpg",
      "50": "https://mir-s3-cdn-cf.behance.net/user/50/8e3fa312100153.56b35e2b766f6.jpg",
      "230": "https://mir-s3-cdn-cf.behance.net/user/230/8e3fa312100153.56b35e2b766f6.jpg"
    },
    "website": "meeeomi.blogspot.com",
    "occupation": "Creative Ads Student, Freelance Designer, Photographer",
    "city": "Bandung",
    "social_links": [
      {
        "social_id": 1,
        "service_name": "Twitter",
        "value": "meeeomi",
        "url": "http://twitter.com/meeeomi"
      },
      {
        "social_id": 2,
        "service_name": "Facebook",
        "value": "naomi.m.prabudhi",
        "url": "http://facebook.com/naomi.m.prabudhi"
      },
      {
        "social_id": 4,
        "service_name": "LinkedIn",
        "value": "profile/view?id=399218869&trk",
        "url": "http://linkedin.com/profile/view?id=399218869&trk"
      },
      {
        "social_id": 7,
        "service_name": "YouTube",
        "value": "naomi prabudhi",
        "url": "http://youtube.com/naomi prabudhi"
      },
      {
        "social_id": 8,
        "service_name": "Pinterest",
        "value": "meeeomi",
        "url": "http://pinterest.com/meeeomi"
      },
      {
        "social_id": 10,
        "service_name": "Google+",
        "value": "naomi prabudhi",
        "url": "http://plus.google.com/naomi prabudhi"
      },
      {
        "social_id": 12,
        "service_name": "Instagram",
        "value": "meeeomi",
        "url": "http://instagram.com/meeeomi"
      }
    ],
    "last_name": "Prabudhi",
    "display_name": "Naomi Prabudhi",
    "url": "https://www.behance.net/meeeomi",
    "sections": {"About Me": "About me?! I am Naomi\ni'm '93 line \nStudent of Maranatha Christian University, year 2012, \nin major of Visual Communication and Design\nLOVE to make a good photos, do some doodles.\nplaying games, reading articles on internet, watching movie, and sometimes i do watch the news or read it in newspaper."},
    "twitter": "@meeeomi",
    "created_on": 1425656095,
    "has_default_image": 0,
    "stats": {
      "followers": 2,
      "comments": 0,
      "appreciations": 23,
      "following": 2,
      "team_members": 0,
      "views": 267
    },
    "location": "Bandung, Indonesia",
    "company": "",
    "links": [{
      "title": "Campus Project",
      "url": "http://meeeomi.blogspot.com"
    }],
    "id": 12100153,
    "state": "",
    "fields": [
      "Graphic Design",
      "Illustration",
      "Advertising"
    ],
    "first_name": "Naomi",
    "username": "meeeomi"
  }
}