{
  "http_code": 200,
  "user": {
    "country": "United Kingdom",
    "images": {
      "115": "https://mir-s3-cdn-cf.behance.net/user/115/1200047.53b3785134131.jpg",
      "138": "https://mir-s3-cdn-cf.behance.net/user/138/1200047.53b3785134131.jpg",
      "50": "https://mir-s3-cdn-cf.behance.net/user/50/1200047.53b3785134131.jpg"
    },
    "website": "http://thedropskatepark.com/",
    "occupation": "",
    "city": "Newport",
    "social_links": [],
    "last_name": "IOW",
    "display_name": "The Drop IOW",
    "url": "https://www.behance.net/thedropiowd904",
    "sections": [],
    "twitter": "",
    "created_on": 1338204859,
    "has_default_image": 0,
    "stats": {
      "followers": 0,
      "comments": 0,
      "appreciations": 0,
      "following": 1,
      "team_members": 0,
      "views": 0
    },
    "location": "Newport, United Kingdom",
    "company": "The Drop IOW Ltd",
    "links": [],
    "id": 1200047,
    "state": "",
    "fields": [],
    "first_name": "The Drop",
    "username": "thedropiowd904"
  }
}