{
  "http_code": 200,
  "user": {
    "country": "United States",
    "images": {
      "100": "https://mir-s3-cdn-cf.behance.net/user/100/3361a312100039.54f9c8318787d.jpg",
      "276": "https://mir-s3-cdn-cf.behance.net/user/276/3361a312100039.54f9c8318787d.jpg",
      "115": "https://mir-s3-cdn-cf.behance.net/user/115/3361a312100039.54f9c8318787d.jpg",
      "138": "https://mir-s3-cdn-cf.behance.net/user/138/3361a312100039.54f9c8318787d.jpg",
      "50": "https://mir-s3-cdn-cf.behance.net/user/50/3361a312100039.54f9c8318787d.jpg",
      "230": "https://mir-s3-cdn-cf.behance.net/user/230/3361a312100039.54f9c8318787d.jpg"
    },
    "website": "",
    "occupation": "Student Graphic Designer ",
    "city": "Indianapolis",
    "social_links": [
      {
        "social_id": 1,
        "service_name": "Twitter",
        "value": "CTaylorStudios",
        "url": "http://twitter.com/CTaylorStudios"
      },
      {
        "social_id": 3,
        "service_name": "Dribbble",
        "value": "CTaylorDesigns",
        "url": "http://dribbble.com/CTaylorDesigns"
      }
    ],
    "last_name": "Taylor",
    "display_name": "Christian Taylor",
    "url": "https://www.behance.net/CTaylorDesigns",
    "sections": {"About Me": "I am 16 years old, and I have aspirations of being a professional Graphic Designer. "},
    "twitter": "@CTaylorStudios",
    "created_on": 1425655695,
    "has_default_image": 0,
    "stats": {
      "followers": 0,
      "comments": 0,
      "appreciations": 0,
      "following": 13,
      "team_members": 0,
      "views": 0
    },
    "location": "Indianapolis, IN, USA",
    "company": "N/A",
    "links": [],
    "id": 12100039,
    "state": "Indiana",
    "fields": [],
    "first_name": "Christian",
    "username": "CTaylorDesigns"
  }
}