{
  "http_code": 200,
  "user": {
    "country": "Belgium",
    "images": {
      "115": "https://mir-s3-cdn-cf.behance.net/user/115/101505.53ab5a34ef8f1.jpg",
      "138": "https://mir-s3-cdn-cf.behance.net/user/138/101505.53ab5a34ef8f1.jpg",
      "50": "https://mir-s3-cdn-cf.behance.net/user/50/101505.53ab5a34ef8f1.jpg"
    },
    "website": "www.finkjensen.be",
    "occupation": "",
    "city": "Leuven",
    "social_links": [],
    "last_name": "Fink-Jensen",
    "display_name": "Jes Fink-Jensen",
    "url": "https://www.behance.net/jesfinkjensen",
    "sections": [],
    "twitter": "",
    "created_on": 1240162767,
    "has_default_image": 0,
    "stats": {
      "followers": 15,
      "comments": 25,
      "appreciations": 141,
      "following": 24,
      "team_members": 0,
      "views": 1982
    },
    "location": "Leuven, Belgium",
    "company": "Fink-Jensen bvba",
    "links": [
      {
        "title": "Digital Art @ Flickr",
        "url": "http://www.flickr.com/photos/jesfinkjensen/"
      },
      {
        "title": "3D Modeling @ CGSociety",
        "url": "http://fourdimensionalbvba.cgsociety.org/gallery/"
      },
      {
        "title": "Resume - CV @ Linkedin",
        "url": "http://www.linkedin.com/in/jesfinkjensen"
      }
    ],
    "id": 101505,
    "state": "",
    "fields": [
      "Digital Art",
      "Photo Manipulation",
      "Digital Photography"
    ],
    "first_name": "Jes",
    "username": "jesfinkjensen"
  }
}