{
  "http_code": 200,
  "user": {
    "country": "Taiwan",
    "images": {
      "115": "https://mir-s3-cdn-cf.behance.net/user/115/1200069.53b378564dd21.jpg",
      "138": "https://mir-s3-cdn-cf.behance.net/user/138/1200069.53b378564dd21.jpg",
      "50": "https://mir-s3-cdn-cf.behance.net/user/50/1200069.53b378564dd21.jpg"
    },
    "website": "",
    "occupation": "Designer",
    "city": "Taichang",
    "social_links": [],
    "last_name": "zEn",
    "display_name": "Jack zEn",
    "url": "https://www.behance.net/tangojack8bd3",
    "sections": [],
    "twitter": "",
    "created_on": 1338205326,
    "has_default_image": 0,
    "stats": {
      "followers": 0,
      "comments": 0,
      "appreciations": 0,
      "following": 22,
      "team_members": 0,
      "views": 0
    },
    "location": "Taichang, Taiwan",
    "company": "",
    "links": [],
    "id": 1200069,
    "state": "",
    "fields": [],
    "first_name": "Jack",
    "username": "tangojack8bd3"
  }
}