{
  "http_code": 200,
  "user": {
    "country": "Romania",
    "images": {
      "115": "https://a3.behance.net/img/profile/no-image-115.jpg?cb=1673063716",
      "138": "https://a3.behance.net/img/profile/no-image-138.jpg?cb=1673063716",
      "50": "https://a3.behance.net/img/profile/no-image-50.jpg?cb=1673063716"
    },
    "website": "http://mofteescu.ro",
    "occupation": "Fotograf",
    "city": "Iasi",
    "social_links": [],
    "last_name": "Mofteescu",
    "display_name": "Iulian Mofteescu",
    "url": "https://www.behance.net/mofteescu",
    "sections": [],
    "twitter": "",
    "created_on": 1338208614,
    "has_default_image": 1,
    "stats": {
      "followers": 1,
      "comments": 0,
      "appreciations": 0,
      "following": 0,
      "team_members": 0,
      "views": 0
    },
    "location": "Iasi, Romania",
    "company": "Iulian Mofteescu",
    "links": [],
    "id": 1200165,
    "state": "",
    "fields": [],
    "first_name": "Iulian",
    "username": "mofteescu"
  }
}