{
  "http_code": 200,
  "user": {
    "country": "Poland",
    "images": {
      "100": "https://mir-s3-cdn-cf.behance.net/user/100/101549.53ee569840841.png",
      "276": "https://mir-s3-cdn-cf.behance.net/user/276/101549.53ee569840841.png",
      "115": "https://mir-s3-cdn-cf.behance.net/user/115/101549.53ee569840841.png",
      "138": "https://mir-s3-cdn-cf.behance.net/user/138/101549.53ee569840841.png",
      "50": "https://mir-s3-cdn-cf.behance.net/user/50/101549.53ee569840841.png",
      "230": "https://mir-s3-cdn-cf.behance.net/user/230/101549.53ee569840841.png"
    },
    "website": "www.mont-arch.pl",
    "occupation": "",
    "city": "Szczecin",
    "social_links": [{
      "social_id": 2,
      "service_name": "Facebook",
      "value": "MontArchitecture",
      "url": "http://facebook.com/MontArchitecture"
    }],
    "last_name": "Cwiek",
    "display_name": "Peter Cwiek",
    "url": "https://www.behance.net/cwieq",
    "sections": {"Contact": "Mont Architecture\n\nSzczecin, Poland\nul. Reduty Ordona 10b\nwww.mont-arch.pl"},
    "twitter": "",
    "created_on": 1240180584,
    "has_default_image": 0,
    "stats": {
      "followers": 85,
      "comments": 10,
      "appreciations": 105,
      "following": 182,
      "team_members": 0,
      "views": 6301
    },
    "location": "Szczecin, Poland",
    "company": "Mont Architecture",
    "links": [],
    "id": 101549,
    "state": "",
    "fields": [
      "Architecture",
      "Engineering",
      "Digital Art"
    ],
    "first_name": "Peter",
    "username": "cwieq"
  }
}