{
  "http_code": 200,
  "user": {
    "country": "Canada",
    "images": {
      "115": "https://mir-s3-cdn-cf.behance.net/user/115/101616.53ab5ae26fbfd.jpg",
      "138": "https://mir-s3-cdn-cf.behance.net/user/138/101616.53ab5ae26fbfd.jpg",
      "50": "https://mir-s3-cdn-cf.behance.net/user/50/101616.53ab5ae26fbfd.jpg"
    },
    "website": "http://rodericklee.ca",
    "occupation": "",
    "city": "Vancouver",
    "social_links": [],
    "last_name": "Lee",
    "display_name": "Roderick Lee",
    "url": "https://www.behance.net/rodericklee",
    "sections": [],
    "twitter": "",
    "created_on": 1240248695,
    "has_default_image": 0,
    "stats": {
      "followers": 5,
      "comments": 0,
      "appreciations": 2,
      "following": 0,
      "team_members": 0,
      "views": 197
    },
    "location": "Vancouver, British Columbia, Canada",
    "company": "rodericklee.ca",
    "links": [
      {
        "title": "My Website",
        "url": "http://www.rodericklee.ca/"
      },
      {
        "title": "My YouTube Channel",
        "url": "http://www.youtube.com/user/roderickleedotca"
      },
      {
        "title": "Clipper Street YouTube Channel",
        "url": "http://www.youtube.com/user/clipperstreetonline"
      },
      {
        "title": "Bodog YouTube Channel",
        "url": "http://www.youtube.com/user/bodog"
      }
    ],
    "id": 101616,
    "state": "British Columbia",
    "fields": [
      "Video Arts",
      "Advertising",
      "Directing"
    ],
    "first_name": "Roderick",
    "username": "rodericklee"
  }
}