{
  "http_code": 200,
  "user": {
    "country": "United Kingdom",
    "images": {
      "115": "https://a3.behance.net/img/profile/no-image-115.jpg?cb=1673063716",
      "138": "https://a3.behance.net/img/profile/no-image-138.jpg?cb=1673063716",
      "50": "https://a3.behance.net/img/profile/no-image-50.jpg?cb=1673063716"
    },
    "website": "",
    "occupation": "",
    "city": "London",
    "social_links": [],
    "last_name": "Akram",
    "display_name": "Humma Louise Akram",
    "url": "https://www.behance.net/hummalouise",
    "sections": [],
    "twitter": "",
    "created_on": 1338208998,
    "has_default_image": 1,
    "stats": {
      "followers": 1,
      "comments": 0,
      "appreciations": 0,
      "following": 1,
      "team_members": 0,
      "views": 0
    },
    "location": "London, United Kingdom",
    "company": "",
    "links": [],
    "id": 1200173,
    "state": "",
    "fields": [],
    "first_name": "Humma Louise",
    "username": "hummalouise"
  }
}