{
  "http_code": 200,
  "user": {
    "country": "India",
    "images": {
      "115": "https://mir-s3-cdn-cf.behance.net/user/115/1200079.53b3789c03dd3.jpg",
      "138": "https://mir-s3-cdn-cf.behance.net/user/138/1200079.53b3789c03dd3.jpg",
      "50": "https://mir-s3-cdn-cf.behance.net/user/50/1200079.53b3789c03dd3.jpg"
    },
    "website": "",
    "occupation": "student",
    "city": "Chennai",
    "social_links": [],
    "last_name": "mehra",
    "display_name": "kushal mehra",
    "url": "https://www.behance.net/kushalmehra",
    "sections": [],
    "twitter": "",
    "created_on": 1338205604,
    "has_default_image": 0,
    "stats": {
      "followers": 1,
      "comments": 0,
      "appreciations": 0,
      "following": 0,
      "team_members": 0,
      "views": 0
    },
    "location": "Chennai, India",
    "company": "",
    "links": [],
    "id": 1200079,
    "state": "",
    "fields": [],
    "first_name": "kushal",
    "username": "kushalmehra"
  }
}