{
  "http_code": 200,
  "user": {
    "country": "China",
    "images": {
      "115": "https://mir-s3-cdn-cf.behance.net/user/115/101500.53ab5a3227b81.jpg",
      "138": "https://mir-s3-cdn-cf.behance.net/user/138/101500.53ab5a3227b81.jpg",
      "50": "https://mir-s3-cdn-cf.behance.net/user/50/101500.53ab5a3227b81.jpg"
    },
    "website": "http://",
    "occupation": "",
    "city": "Guangzhou",
    "social_links": [],
    "last_name": "CHOR",
    "display_name": "FRANKIE CHOR",
    "url": "https://www.behance.net/chorchor",
    "sections": [],
    "twitter": "",
    "created_on": 1240161825,
    "has_default_image": 0,
    "stats": {
      "followers": 7,
      "comments": 0,
      "appreciations": 7,
      "following": 0,
      "team_members": 0,
      "views": 91
    },
    "location": "Guangzhou, China",
    "company": "",
    "links": [],
    "id": 101500,
    "state": "",
    "fields": [
      "Illustration",
      "Drawing"
    ],
    "first_name": "FRANKIE",
    "username": "chorchor"
  }
}