{
  "http_code": 200,
  "user": {
    "country": "Poland",
    "images": {
      "115": "https://a3.behance.net/img/profile/no-image-115.jpg?cb=2050110936",
      "138": "https://a3.behance.net/img/profile/no-image-138.jpg?cb=2050110936",
      "50": "https://a3.behance.net/img/profile/no-image-50.jpg?cb=2050110936"
    },
    "website": "",
    "occupation": "",
    "city": "",
    "social_links": [],
    "last_name": "Starzyk",
    "display_name": "Jan Starzyk",
    "url": "https://www.behance.net/jstarzyk5f0c",
    "sections": [],
    "twitter": "",
    "created_on": 1425656437,
    "has_default_image": 1,
    "stats": {
      "followers": 0,
      "comments": 0,
      "appreciations": 0,
      "following": 3,
      "team_members": 0,
      "views": 0
    },
    "location": "Poland",
    "company": "",
    "links": [],
    "id": 12100285,
    "state": "",
    "fields": [],
    "first_name": "Jan",
    "username": "jstarzyk5f0c"
  }
}