{
  "http_code": 200,
  "user": {
    "country": "United States",
    "images": {
      "115": "https://mir-s3-cdn-cf.behance.net/user/115/101620.53ab5ae51fe80.jpg",
      "138": "https://mir-s3-cdn-cf.behance.net/user/138/101620.53ab5ae51fe80.jpg",
      "50": "https://mir-s3-cdn-cf.behance.net/user/50/101620.53ab5ae51fe80.jpg"
    },
    "website": "http://www.xblazo.com/design",
    "occupation": "",
    "city": "Chicago",
    "social_links": [],
    "last_name": "Calovic",
    "display_name": "Blazo Calovic",
    "url": "https://www.behance.net/xblazo",
    "sections": [],
    "twitter": "",
    "created_on": 1240251576,
    "has_default_image": 0,
    "stats": {
      "followers": 2,
      "comments": 0,
      "appreciations": 0,
      "following": 1,
      "team_members": 0,
      "views": 3
    },
    "location": "Chicago, IL, USA",
    "company": "",
    "links": [],
    "id": 101620,
    "state": "Illinois",
    "fields": [],
    "first_name": "Blazo",
    "username": "xblazo"
  }
}