{
  "http_code": 200,
  "user": {
    "country": "Portugal",
    "images": {
      "100": "https://mir-s3-cdn-cf.behance.net/user/100/1200099.53b3789fe8f81.jpg",
      "276": "https://mir-s3-cdn-cf.behance.net/user/276/1200099.53b3789fe8f81.jpg",
      "115": "https://mir-s3-cdn-cf.behance.net/user/115/1200099.53b3789fe8f81.jpg",
      "138": "https://mir-s3-cdn-cf.behance.net/user/138/1200099.53b3789fe8f81.jpg",
      "50": "https://mir-s3-cdn-cf.behance.net/user/50/1200099.53b3789fe8f81.jpg",
      "230": "https://mir-s3-cdn-cf.behance.net/user/230/1200099.53b3789fe8f81.jpg"
    },
    "website": "http://www.jonisilva.com",
    "occupation": "",
    "city": "Porto",
    "social_links": [],
    "last_name": "Silva",
    "display_name": "Jóni Silva",
    "url": "https://www.behance.net/jonisilva",
    "sections": [],
    "twitter": "",
    "created_on": 1338205963,
    "has_default_image": 0,
    "stats": {
      "followers": 0,
      "comments": 0,
      "appreciations": 0,
      "following": 0,
      "team_members": 0,
      "views": 0
    },
    "location": "Porto, Portugal",
    "company": "",
    "links": [],
    "id": 1200099,
    "state": "",
    "fields": [],
    "first_name": "Jóni",
    "username": "jonisilva"
  }
}