{
  "http_code": 200,
  "user": {
    "country": "United States",
    "images": {
      "100": "https://mir-s3-cdn-cf.behance.net/user/100/101530.53ab5a41cdb9b.jpg",
      "276": "https://mir-s3-cdn-cf.behance.net/user/276/101530.53ab5a41cdb9b.jpg",
      "115": "https://mir-s3-cdn-cf.behance.net/user/115/101530.53ab5a41cdb9b.jpg",
      "138": "https://mir-s3-cdn-cf.behance.net/user/138/101530.53ab5a41cdb9b.jpg",
      "50": "https://mir-s3-cdn-cf.behance.net/user/50/101530.53ab5a41cdb9b.jpg",
      "230": "https://mir-s3-cdn-cf.behance.net/user/230/101530.53ab5a41cdb9b.jpg"
    },
    "website": "http://findspark.com",
    "occupation": "Founder, President",
    "city": "New York",
    "social_links": [
      {
        "social_id": 1,
        "service_name": "Twitter",
        "value": "emilymiethner",
        "url": "http://twitter.com/emilymiethner"
      },
      {
        "social_id": 4,
        "service_name": "LinkedIn",
        "value": "in/emilymiethner",
        "url": "http://linkedin.com/in/emilymiethner"
      }
    ],
    "last_name": "Miethner",
    "display_name": "Emily Miethner",
    "url": "https://www.behance.net/emilymiethner",
    "sections": {"Emily Miethner": "Passionate about the power of relationships and their positive effect on our careers and happiness, I can be found at events, conferences, and schools speaking about the importance of building relationships; online and offline.\n\nI\u2019ve presented at Columbia University, SXSW Interactive, Internet Week, and New York University, among others, been featured in The New York Times, U.S. News, and Fast Company, and written for Mashable.\n\nAs Founder and President of FindSpark, the largest Meetup for college students and recent grads in the nation, I\u2019ve produced dozens of events, interactive classes, and workshops about social media and networking that have engaged and inspired creatives at all stages of their careers."},
    "twitter": "@emilymiethner",
    "created_on": 1240170436,
    "has_default_image": 0,
    "stats": {
      "followers": 9,
      "comments": 0,
      "appreciations": 14,
      "following": 0,
      "team_members": 0,
      "views": 2107
    },
    "location": "New York, NY, USA",
    "company": "FindSpark",
    "links": [
      {
        "title": "FindSpark",
        "url": "http://findspark.com"
      },
      {
        "title": "Hire me to Speak",
        "url": "http://emilymiethner.com/speaking"
      },
      {
        "title": "LinkedIn",
        "url": "http://www.linkedin.com/in/emilymiethner"
      },
      {
        "title": "Twitter",
        "url": "http://twitter.com/emilymiethner"
      }
    ],
    "id": 101530,
    "state": "New York",
    "fields": [
      "Graphic Design",
      "Design",
      "Typography"
    ],
    "first_name": "Emily",
    "username": "emilymiethner"
  }
}