{
  "http_code": 200,
  "user": {
    "country": "Bulgaria",
    "images": {
      "115": "https://mir-s3-cdn-cf.behance.net/user/115/101567.53ab5aba72c85.jpg",
      "138": "https://mir-s3-cdn-cf.behance.net/user/138/101567.53ab5aba72c85.jpg",
      "50": "https://mir-s3-cdn-cf.behance.net/user/50/101567.53ab5aba72c85.jpg"
    },
    "website": "http://sayurichouko.wordpress.com/",
    "occupation": "",
    "city": "Sofia",
    "social_links": [],
    "last_name": "Beleva",
    "display_name": "Alexandra Beleva",
    "url": "https://www.behance.net/AlexandraBeleva",
    "sections": [],
    "twitter": "",
    "created_on": 1240222814,
    "has_default_image": 0,
    "stats": {
      "followers": 9,
      "comments": 22,
      "appreciations": 5,
      "following": 13,
      "team_members": 0,
      "views": 89
    },
    "location": "Sofia, Bulgaria",
    "company": "",
    "links": [],
    "id": 101567,
    "state": "",
    "fields": [
      "Poetry",
      "Writing"
    ],
    "first_name": "Alexandra",
    "username": "AlexandraBeleva"
  }
}