{
  "http_code": 200,
  "user": {
    "country": "Hungary",
    "images": {
      "115": "https://mir-s3-cdn-cf.behance.net/user/115/101539.53ab5aab69037.jpg",
      "138": "https://mir-s3-cdn-cf.behance.net/user/138/101539.53ab5aab69037.jpg",
      "50": "https://mir-s3-cdn-cf.behance.net/user/50/101539.53ab5aab69037.jpg"
    },
    "website": "http://www.behance.net/jok13",
    "occupation": "",
    "city": "Budapest",
    "social_links": [],
    "last_name": "",
    "display_name": "JOK13",
    "url": "https://www.behance.net/jok13",
    "sections": [],
    "twitter": "",
    "created_on": 1240177496,
    "has_default_image": 0,
    "stats": {
      "followers": 51,
      "comments": 21,
      "appreciations": 113,
      "following": 33,
      "team_members": 0,
      "views": 3029
    },
    "location": "Budapest, Hungary",
    "company": "Gps Clothing",
    "links": [],
    "id": 101539,
    "state": "",
    "fields": [
      "Graphic Design",
      "Packaging"
    ],
    "first_name": "JOK13",
    "username": "jok13"
  }
}