{
  "http_code": 200,
  "user": {
    "country": "Azerbaijan",
    "images": {
      "115": "https://a3.behance.net/img/profile/no-image-115.jpg?cb=2050110936",
      "138": "https://a3.behance.net/img/profile/no-image-138.jpg?cb=2050110936",
      "50": "https://a3.behance.net/img/profile/no-image-50.jpg?cb=2050110936"
    },
    "website": "",
    "occupation": "",
    "city": "",
    "social_links": [],
    "last_name": "Ibrahimli",
    "display_name": "Elgun Ibrahimli",
    "url": "https://www.behance.net/elgunibraha97c",
    "sections": [],
    "twitter": "",
    "created_on": 1425656427,
    "has_default_image": 1,
    "stats": {
      "followers": 0,
      "comments": 0,
      "appreciations": 0,
      "following": 1,
      "team_members": 0,
      "views": 0
    },
    "location": "Azerbaijan",
    "company": "",
    "links": [],
    "id": 12100279,
    "state": "",
    "fields": [],
    "first_name": "Elgun",
    "username": "elgunibraha97c"
  }
}